2025-10-18T17:35:21 exception: Failed to open "/home/adriangln11/.config/mpd/mpdstate": No such file or directory
2025-10-18T17:35:21 exception: Failed to access /home/adriangln11/music: No such file or directory
2025-10-18T17:35:21 exception: inotify_add_watch("/home/adriangln11/music") failed: No such file or directory
2025-10-18T17:47:34 exception: Failed to open ZIP file "/home/adriangln11/music/music.zip"
2025-10-18T17:54:15 update: added music/Pantomime_256k.mp3
2025-10-18T17:54:15 ffmpeg/mov,mp4,m4a,3gp,3g2,mj2: stream 0, timescale not set
2025-10-18T17:54:15 update: added music/Boomerang.m4a
2025-10-18T17:54:15 update: added music/De Bruces a Mi - CAUTIVO..m4a
2025-10-18T17:54:15 ffmpeg/mov,mp4,m4a,3gp,3g2,mj2: stream 0, timescale not set
2025-10-18T17:54:15 update: added music/Avionica, Andrea Echeverri - Ojos de Miel (Video Oficial).m4a
2025-10-18T17:54:15 update: added music/Justin Bieber & benny blanco - Lonely (Official Music Video).mp3
2025-10-18T17:54:15 ffmpeg/mov,mp4,m4a,3gp,3g2,mj2: stream 0, timescale not set
2025-10-18T17:54:15 update: added music/AaRON - U Turn (Lili) -CLIP OFFICIEL-.m4a
2025-10-18T17:54:15 update: added music/Charlie Puth - LA Girls (Sub. Español).m4a
2025-10-18T17:54:15 update: added music/Real 70 Crew - Real 70 Crew Feat. Melito (AUDIO).m4a
2025-10-18T17:54:15 ffmpeg/mov,mp4,m4a,3gp,3g2,mj2: stream 0, timescale not set
2025-10-18T17:54:15 update: added music/dvbbs & blackbear - idwk - sub. español.m4a
2025-10-18T17:54:15 ffmpeg/mov,mp4,m4a,3gp,3g2,mj2: stream 0, timescale not set
2025-10-18T17:54:15 update: added music/Te quiero - Canserbero feat Liana Malva.m4a
2025-10-18T17:54:15 ffmpeg/mov,mp4,m4a,3gp,3g2,mj2: stream 0, timescale not set
2025-10-18T17:54:15 update: added music/BANDA MS - MEJOR ME ALEJO (LETRA).m4a
2025-10-18T17:54:15 update: added music/3AM - Vuela (Video Oficial) _ Rain City.mp3
2025-10-18T17:54:15 ffmpeg/mov,mp4,m4a,3gp,3g2,mj2: stream 0, timescale not set
2025-10-18T17:54:15 update: added music/Banda Carnaval- Lo Que Pienso de Ti.m4a
2025-10-18T17:54:15 update: added music/Real 70 Crew - Mientras Duerme la Ciudad Feat. El Urbano Vargas y Nedman Guerrer.m4a
2025-10-18T17:54:15 update: added music/De la Vida Como Película y Su Tragedia, Comedia y Ficción_HD.m4a
2025-10-18T17:54:15 ffmpeg/mov,mp4,m4a,3gp,3g2,mj2: stream 0, timescale not set
2025-10-18T17:54:15 update: added music/girassóis de van gogh - baco exu do blues __ cover.m4a
2025-10-18T17:54:15 ffmpeg/mov,mp4,m4a,3gp,3g2,mj2: stream 0, timescale not set
2025-10-18T17:54:15 update: added music/Mon Laferte - Mi Buen Amor (Audio) ft. Enrique Bunbury.m4a
2025-10-18T17:54:15 ffmpeg/mov,mp4,m4a,3gp,3g2,mj2: stream 0, timescale not set
2025-10-18T17:54:15 update: added music/Siempre Te Voy A Querer - Calibre 50.m4a
2025-10-18T17:54:15 update: added music/Siddhartha - Tarde (Video Oficial).mp3
2025-10-18T17:54:15 ffmpeg/mov,mp4,m4a,3gp,3g2,mj2: stream 0, timescale not set
2025-10-18T17:54:15 update: added music/Radiohead - My Iron Lung.m4a
2025-10-18T17:54:15 update: added music/flora cash - I Wasted You (Audio).mp3
2025-10-18T17:54:15 update: added music/3AM - Bombón (Video Oficial) _ Love City.mp3
2025-10-18T17:54:15 ffmpeg/mov,mp4,m4a,3gp,3g2,mj2: stream 0, timescale not set
2025-10-18T17:54:15 update: added music/Black Honey - Headspin.m4a
2025-10-18T17:54:15 update: added music/The Score - Human (Audio)_256k.mp3
2025-10-18T17:54:15 update: added music/The Ghost Club - Antique (Official Video)_256k.mp3
2025-10-18T17:54:15 ffmpeg/mov,mp4,m4a,3gp,3g2,mj2: stream 0, timescale not set
2025-10-18T17:54:15 update: added music/Pretty When You Cry.m4a
2025-10-18T17:54:15 update: added music/Aaron - Angel Dust.m4a
2025-10-18T17:54:15 ffmpeg/mov,mp4,m4a,3gp,3g2,mj2: stream 0, timescale not set
2025-10-18T17:54:15 update: added music/Gia Fu -- Salsa De Corazon Boricua(1).m4a
2025-10-18T17:54:15 update: added music/Kodaline - Hell Froze Over (Official Audio)_256k.mp3
2025-10-18T17:54:15 ffmpeg/mov,mp4,m4a,3gp,3g2,mj2: stream 0, timescale not set
2025-10-18T17:54:15 update: added music/Muse - Uprising -Official Video-.m4a
2025-10-18T17:54:15 update: added music/The Score - Rush (Lyric Video)_256k.mp3
2025-10-18T17:54:15 ffmpeg/mov,mp4,m4a,3gp,3g2,mj2: stream 0, timescale not set
2025-10-18T17:54:15 update: added music/gravity - eden (sub español).m4a
2025-10-18T17:54:15 ffmpeg/mov,mp4,m4a,3gp,3g2,mj2: stream 0, timescale not set
2025-10-18T17:54:15 update: added music/Memoria Futuro (Cap. 10).m4a
2025-10-18T17:54:15 ffmpeg/mov,mp4,m4a,3gp,3g2,mj2: stream 0, timescale not set
2025-10-18T17:54:15 update: added music/The Score - Stronger (Audio).m4a
2025-10-18T17:54:15 ffmpeg/mov,mp4,m4a,3gp,3g2,mj2: stream 0, timescale not set
2025-10-18T17:54:15 update: added music/Queen - Killer Queen (Lyrics).m4a
2025-10-18T17:54:15 update: added music/The Score - Running All Night (Official Audio)_256k.mp3
2025-10-18T17:54:15 update: added music/The Score - Best Part_256k.mp3
2025-10-18T17:54:15 update: added music/Joji - MODUS (Official Audio).mp3
2025-10-18T17:54:15 ffmpeg/mov,mp4,m4a,3gp,3g2,mj2: stream 0, timescale not set
2025-10-18T17:54:15 update: added music/Audioslave - Be Yourself.m4a
2025-10-18T17:54:15 ffmpeg/mov,mp4,m4a,3gp,3g2,mj2: stream 0, timescale not set
2025-10-18T17:54:15 update: added music/M83 'Midnight City' Official video.m4a
2025-10-18T17:54:15 ffmpeg/mov,mp4,m4a,3gp,3g2,mj2: stream 0, timescale not set
2025-10-18T17:54:15 update: added music/Chris Cornell - Black Hole Sun.m4a
2025-10-18T17:54:15 ffmpeg/mov,mp4,m4a,3gp,3g2,mj2: stream 0, timescale not set
2025-10-18T17:54:15 update: added music/El liricista en el tejado.m4a
2025-10-18T17:54:15 update: added music/Bruno Mars - Count on me.mp3
2025-10-18T17:54:15 update: added music/2Pac, Pop Smoke - Write This Down ft. Biggie, DMX, Eazy E, Ice Cube, Dr Dre,.m4a
2025-10-18T17:54:15 update: added music/One_More_Night_♫_♪.mp3
2025-10-18T17:54:15 ffmpeg/mov,mp4,m4a,3gp,3g2,mj2: stream 0, timescale not set
2025-10-18T17:54:15 update: added music/Eres (letra) - Camilo Séptimo.m4a
2025-10-18T17:54:15 ffmpeg/mov,mp4,m4a,3gp,3g2,mj2: stream 0, timescale not set
2025-10-18T17:54:15 update: added music/Lil Supa' - Mención Honorífica rmx (Prod. Ríal Guawankó).m4a
2025-10-18T17:54:15 ffmpeg/mov,mp4,m4a,3gp,3g2,mj2: stream 0, timescale not set
2025-10-18T17:54:15 update: added music/Escape (The Pina Colada Song).m4a
2025-10-18T17:54:15 ffmpeg/mov,mp4,m4a,3gp,3g2,mj2: stream 0, timescale not set
2025-10-18T17:54:15 update: added music/Gondwana - Mi Princesa (Video Oficial).m4a
2025-10-18T17:54:15 update: added music/Joji - Upgrade (Official Video).mp3
2025-10-18T17:54:15 update: added music/Black Honey - Mothership.m4a
2025-10-18T17:54:15 ffmpeg/mov,mp4,m4a,3gp,3g2,mj2: stream 0, timescale not set
2025-10-18T17:54:15 update: added music/Only Ones Who Know.m4a
2025-10-18T17:54:15 update: added music/Once Monsters - On Fire (Official Lyric Video)_256k.mp3
2025-10-18T17:54:15 ffmpeg/mov,mp4,m4a,3gp,3g2,mj2: stream 0, timescale not set
2025-10-18T17:54:15 update: added music/Frank Sinatra - Strangers In The Night (Subtitulada Inglés-Español).m4a
2025-10-18T17:54:15 update: added music/Paulo Londra - Julieta (Official Video).mp3
2025-10-18T17:54:15 ffmpeg/mov,mp4,m4a,3gp,3g2,mj2: stream 0, timescale not set
2025-10-18T17:54:15 update: added music/Shakira - La Tortura (Official HD Video) ft. Alejandro Sanz.m4a
2025-10-18T17:54:15 ffmpeg/mov,mp4,m4a,3gp,3g2,mj2: stream 0, timescale not set
2025-10-18T17:54:15 update: added music/Gods Don´t Pray - Imagine Dragons (Subtitulada al Español).m4a
2025-10-18T17:54:15 ffmpeg/mov,mp4,m4a,3gp,3g2,mj2: stream 0, timescale not set
2025-10-18T17:54:15 update: added music/blackbear (ft. FRND) - anxiety - sub. español.m4a
2025-10-18T17:54:15 ffmpeg/mov,mp4,m4a,3gp,3g2,mj2: stream 0, timescale not set
2025-10-18T17:54:15 update: added music/Unlike Pluto - Everything Black (feat. Mike Taylor) [Official Lyric Video].m4a
2025-10-18T17:54:15 ffmpeg/mov,mp4,m4a,3gp,3g2,mj2: stream 0, timescale not set
2025-10-18T17:54:15 update: added music/Aerosmith - Crazy.m4a
2025-10-18T17:54:15 ffmpeg/mov,mp4,m4a,3gp,3g2,mj2: stream 0, timescale not set
2025-10-18T17:54:15 update: added music/blackbear -- e.z.; español.m4a
2025-10-18T17:54:15 update: added music/Por Tu Amor (Duranguense).m4a
2025-10-18T17:54:15 ffmpeg/mov,mp4,m4a,3gp,3g2,mj2: stream 0, timescale not set
2025-10-18T17:54:15 update: added music/Brillas.m4a
2025-10-18T17:54:15 ffmpeg/mov,mp4,m4a,3gp,3g2,mj2: stream 0, timescale not set
2025-10-18T17:54:15 update: added music/Muse - Starlight -Official Music Video-.m4a
2025-10-18T17:54:15 ffmpeg/mov,mp4,m4a,3gp,3g2,mj2: stream 0, timescale not set
2025-10-18T17:54:15 update: added music/War Flag.m4a
2025-10-18T17:54:15 ffmpeg/mov,mp4,m4a,3gp,3g2,mj2: stream 0, timescale not set
2025-10-18T17:54:15 update: added music/Tame Impala - Borderline (Official Audio).m4a
2025-10-18T17:54:15 ffmpeg/mov,mp4,m4a,3gp,3g2,mj2: stream 0, timescale not set
2025-10-18T17:54:15 update: added music/Black Honey - Ghost.m4a
2025-10-18T17:54:15 ffmpeg/mov,mp4,m4a,3gp,3g2,mj2: stream 0, timescale not set
2025-10-18T17:54:15 update: added music/Alan Walker - Faded.m4a
2025-10-18T17:54:15 ffmpeg/mov,mp4,m4a,3gp,3g2,mj2: stream 0, timescale not set
2025-10-18T17:54:15 update: added music/Real 70 Crew - Lágrimas Ausentes (AUDIO).m4a
2025-10-18T17:54:15 ffmpeg/sami: Format sami detected only with low score of 1, misdetection possible!
2025-10-18T17:54:15 ffmpeg/mov,mp4,m4a,3gp,3g2,mj2: stream 0, timescale not set
2025-10-18T17:54:15 update: added music/Imagine Dragons - All For You (Audio).m4a
2025-10-18T17:54:15 ffmpeg/mov,mp4,m4a,3gp,3g2,mj2: stream 0, timescale not set
2025-10-18T17:54:15 update: added music/Una loca como tú - Nanpa Básico (Video Oficial).m4a
2025-10-18T17:54:15 update: added music/Joji - Mr. Hollywood (Official Audio).mp3
2025-10-18T17:54:15 ffmpeg/mov,mp4,m4a,3gp,3g2,mj2: stream 0, timescale not set
2025-10-18T17:54:15 update: added music/all the good girls go to hell.m4a
2025-10-18T17:54:15 ffmpeg/mov,mp4,m4a,3gp,3g2,mj2: stream 0, timescale not set
2025-10-18T17:54:15 update: added music/Bastille - Pompeii.m4a
2025-10-18T17:54:15 ffmpeg/mov,mp4,m4a,3gp,3g2,mj2: stream 0, timescale not set
2025-10-18T17:54:15 update: added music/Caloncho - Palmar (Lyric Video).m4a
2025-10-18T17:54:15 ffmpeg/mov,mp4,m4a,3gp,3g2,mj2: stream 0, timescale not set
2025-10-18T17:54:15 update: added music/Michl - Gone _ Sub Español.m4a
2025-10-18T17:54:15 ffmpeg/mov,mp4,m4a,3gp,3g2,mj2: stream 0, timescale not set
2025-10-18T17:54:15 update: added music/idfc - blackbear -- español.m4a
2025-10-18T17:54:15 ffmpeg/mov,mp4,m4a,3gp,3g2,mj2: stream 0, timescale not set
2025-10-18T17:54:15 update: added music/Astronaut - Apollo (Barely Alive Remix).m4a
2025-10-18T17:54:15 update: added music/Legendary' (Official Audio) - Welshly Arms_256k.mp3
2025-10-18T17:54:15 ffmpeg/mov,mp4,m4a,3gp,3g2,mj2: stream 0, timescale not set
2025-10-18T17:54:15 update: added music/Treat You Better.m4a
2025-10-18T17:54:15 update: added music/Feid, Young Miko - Classy 101 (Official Video).mp3
2025-10-18T17:54:15 ffmpeg/mov,mp4,m4a,3gp,3g2,mj2: stream 0, timescale not set
2025-10-18T17:54:15 update: added music/Russ - Our Time (Official Audio).m4a
2025-10-18T17:54:15 update: added music/Sunflower (Spider-Man- Into the Spider-Verse)_256k.mp3
2025-10-18T17:54:15 ffmpeg/mov,mp4,m4a,3gp,3g2,mj2: stream 0, timescale not set
2025-10-18T17:54:15 update: added music/Black Honey - All My Pride.m4a
2025-10-18T17:54:15 ffmpeg/mov,mp4,m4a,3gp,3g2,mj2: stream 0, timescale not set
2025-10-18T17:54:15 update: added music/Edward Sharpe & The Magnetic Zeros - Home (Official Video).m4a
2025-10-18T17:54:15 ffmpeg/mov,mp4,m4a,3gp,3g2,mj2: stream 0, timescale not set
2025-10-18T17:54:15 update: added music/Who We Are.m4a
2025-10-18T17:54:15 ffmpeg/mov,mp4,m4a,3gp,3g2,mj2: stream 0, timescale not set
2025-10-18T17:54:15 update: added music/Drones.m4a
2025-10-18T17:54:15 update: added music/WOS ft Nicki Nicole - CAMBIANDO LA PIEL (Concept Video).mp3
2025-10-18T17:54:15 ffmpeg/mov,mp4,m4a,3gp,3g2,mj2: stream 0, timescale not set
2025-10-18T17:54:15 update: added music/Monster.m4a
2025-10-18T17:54:15 update: added music/AaRON - Last night thoughts.m4a
2025-10-18T17:54:16 ffmpeg/mov,mp4,m4a,3gp,3g2,mj2: stream 0, timescale not set
2025-10-18T17:54:16 update: added music/Technicolor Fabrics - Tiernos (Lyric Video Oficial).m4a
2025-10-18T17:54:16 ffmpeg/mov,mp4,m4a,3gp,3g2,mj2: stream 0, timescale not set
2025-10-18T17:54:16 update: added music/Santa Fe Klan, Nanpa Basico - Te Ire A Buscar.m4a
2025-10-18T17:54:16 ffmpeg/mov,mp4,m4a,3gp,3g2,mj2: stream 0, timescale not set
2025-10-18T17:54:16 update: added music/Locos.m4a
2025-10-18T17:54:16 ffmpeg/mov,mp4,m4a,3gp,3g2,mj2: stream 0, timescale not set
2025-10-18T17:54:16 update: added music/AaRON - The Leftovers.m4a
2025-10-18T17:54:16 ffmpeg/mov,mp4,m4a,3gp,3g2,mj2: stream 0, timescale not set
2025-10-18T17:54:16 update: added music/New Divide (Official Video) - Linkin Park.m4a
2025-10-18T17:54:16 ffmpeg/mov,mp4,m4a,3gp,3g2,mj2: stream 0, timescale not set
2025-10-18T17:54:16 update: added music/Somewhere I Belong (Official Video) - Linkin Park.m4a
2025-10-18T17:54:16 ffmpeg/mov,mp4,m4a,3gp,3g2,mj2: stream 0, timescale not set
2025-10-18T17:54:16 update: added music/What If This Is All The Love You Ever Get_.m4a
2025-10-18T17:54:16 ffmpeg/mov,mp4,m4a,3gp,3g2,mj2: stream 0, timescale not set
2025-10-18T17:54:16 update: added music/Audioslave - Revelations.m4a
2025-10-18T17:54:16 ffmpeg/mov,mp4,m4a,3gp,3g2,mj2: stream 0, timescale not set
2025-10-18T17:54:16 update: added music/Afuera.m4a
2025-10-18T17:54:16 update: added music/Joji - Like You Do (Official Audio).mp3
2025-10-18T17:54:16 update: added music/James E. Gray - The Rhapsody of Rapture (Official Music Video).m4a
2025-10-18T17:54:16 ffmpeg/mov,mp4,m4a,3gp,3g2,mj2: stream 0, timescale not set
2025-10-18T17:54:16 update: added music/AaRON - Shades of Blue (Lyrics).m4a
2025-10-18T17:54:16 update: added music/Santa Fe Klan, Gera MX - Último Adiós (Video Oficial).mp3
2025-10-18T17:54:16 ffmpeg/mov,mp4,m4a,3gp,3g2,mj2: stream 0, timescale not set
2025-10-18T17:54:16 update: added music/Young Miko - curita (Official).m4a
2025-10-18T17:54:16 update: added music/Aldo (los aldeanos)  a veces.m4a
2025-10-18T17:54:16 update: added music/@1_256k.mp3
2025-10-18T17:54:16 ffmpeg/mov,mp4,m4a,3gp,3g2,mj2: stream 0, timescale not set
2025-10-18T17:54:16 update: added music/Maria Becerra - High (Video Oficial).m4a
2025-10-18T17:54:16 update: added music/Bruno Mars - Treasure -Official Music Video-.m4a
2025-10-18T17:54:16 update: added music/Carla Morrison - Un beso (letra).m4a
2025-10-18T17:54:16 update: added music/Camila Cabello - Havana (Audio) ft. Young Thug.mp3
2025-10-18T17:54:16 ffmpeg/mov,mp4,m4a,3gp,3g2,mj2: stream 0, timescale not set
2025-10-18T17:54:16 update: added music/Radioactive.m4a
2025-10-18T17:54:16 ffmpeg/mov,mp4,m4a,3gp,3g2,mj2: stream 0, timescale not set
2025-10-18T17:54:16 update: added music/Russ - ON 10 (Official Audio) ft. Rexx Life Raj.m4a
2025-10-18T17:54:16 ffmpeg/mov,mp4,m4a,3gp,3g2,mj2: stream 0, timescale not set
2025-10-18T17:54:16 update: added music/Rauw Alejandro, Bad Bunny - Qué Pasaría... (Official Lyric Video).m4a
2025-10-18T17:54:16 ffmpeg/mov,mp4,m4a,3gp,3g2,mj2: stream 0, timescale not set
2025-10-18T17:54:16 update: added music/Russ - BEST ON EARTH (feat. BIA) (Official Audio).m4a
2025-10-18T17:54:16 update: added music/Cara de Diabla.mp3
2025-10-18T17:54:16 update: added music/Trueno - ÑERI (Video Oficial).mp3
2025-10-18T17:54:16 ffmpeg/mov,mp4,m4a,3gp,3g2,mj2: stream 0, timescale not set
2025-10-18T17:54:16 update: added music/Jesse & Joy - 'El Malo' (Video con Letra).m4a
2025-10-18T17:54:16 ffmpeg/mov,mp4,m4a,3gp,3g2,mj2: stream 0, timescale not set
2025-10-18T17:54:16 update: added music/Without Me.m4a
2025-10-18T17:54:16 ffmpeg/mov,mp4,m4a,3gp,3g2,mj2: stream 0, timescale not set
2025-10-18T17:54:16 update: added music/Russ - Summer At 7 (Official Audio).m4a
2025-10-18T17:54:16 ffmpeg/mov,mp4,m4a,3gp,3g2,mj2: stream 0, timescale not set
2025-10-18T17:54:16 update: added music/Santana - Smooth ft. Rob Thomas.m4a
2025-10-18T17:54:16 update: added music/La Roux - Skrilex In For The Kill.mp3
2025-10-18T17:54:16 ffmpeg/mov,mp4,m4a,3gp,3g2,mj2: stream 0, timescale not set
2025-10-18T17:54:16 update: added music/Aaron - Strange Fruit..m4a
2025-10-18T17:54:16 ffmpeg/mov,mp4,m4a,3gp,3g2,mj2: stream 0, timescale not set
2025-10-18T17:54:16 update: added music/The Neighbourhood - You Get Me So High (Audio).m4a
2025-10-18T17:54:16 update: added music/Sr. Tigre (French Braids Rework).mp3
2025-10-18T17:54:16 ffmpeg/mov,mp4,m4a,3gp,3g2,mj2: stream 0, timescale not set
2025-10-18T17:54:16 update: added music/Elefant - Please, Please, Please(The Smiths Cover) (Subtitulada en español).m4a
2025-10-18T17:54:16 ffmpeg/mov,mp4,m4a,3gp,3g2,mj2: stream 0, timescale not set
2025-10-18T17:54:16 update: added music/Let Me Love the Lonely.m4a
2025-10-18T17:54:16 update: added music/The Smiths - Heaven Knows I'm Miserable Now (Official Music Video).m4a
2025-10-18T17:54:16 ffmpeg/mov,mp4,m4a,3gp,3g2,mj2: stream 0, timescale not set
2025-10-18T17:54:16 update: added music/Julieta Venegas - Ese Camino.m4a
2025-10-18T17:54:16 update: added music/3AM - Tal Vez (Video Oficial).mp3
2025-10-18T17:54:16 ffmpeg/mov,mp4,m4a,3gp,3g2,mj2: stream 0, timescale not set
2025-10-18T17:54:16 update: added music/Magnetic Road.m4a
2025-10-18T17:54:16 ffmpeg/mov,mp4,m4a,3gp,3g2,mj2: stream 0, timescale not set
2025-10-18T17:54:16 update: added music/Natalia Lafourcade & Leon Larregui - Imposible.m4a
2025-10-18T17:54:16 ffmpeg/mov,mp4,m4a,3gp,3g2,mj2: stream 0, timescale not set
2025-10-18T17:54:16 update: added music/Charlie Puth – How Long -Official Audio-.m4a
2025-10-18T17:54:16 ffmpeg/mov,mp4,m4a,3gp,3g2,mj2: stream 0, timescale not set
2025-10-18T17:54:16 update: added music/Foster The People - Pumped up Kicks.m4a
2025-10-18T17:54:16 ffmpeg/mov,mp4,m4a,3gp,3g2,mj2: stream 0, timescale not set
2025-10-18T17:54:16 update: added music/Billie Eilish - Bored.m4a
2025-10-18T17:54:16 update: added music/DUKI, Mora - Amor Bipolar (Visualizer).mp3
2025-10-18T17:54:16 update: added music/Louder_(Flux_Pavilion____Doctor_P_remix).mp3
2025-10-18T17:54:16 ffmpeg/mov,mp4,m4a,3gp,3g2,mj2: stream 0, timescale not set
2025-10-18T17:54:16 update: added music/Carlos Sadness - Te Quiero un Poco (lyric Video).m4a
2025-10-18T17:54:16 ffmpeg/mov,mp4,m4a,3gp,3g2,mj2: stream 0, timescale not set
2025-10-18T17:54:16 update: added music/Cool Out.m4a
2025-10-18T17:54:16 update: added music/3AM - Dime (Letra) _ Rain City ️.mp3
2025-10-18T17:54:16 update: added music/J Balvin, Bad Bunny - UN PESO ft. Marciano Cantero (Audio).mp3
2025-10-18T17:54:16 ffmpeg/mov,mp4,m4a,3gp,3g2,mj2: stream 0, timescale not set
2025-10-18T17:54:16 update: added music/Radiohead - The Tourist.m4a
2025-10-18T17:54:16 ffmpeg/mov,mp4,m4a,3gp,3g2,mj2: stream 0, timescale not set
2025-10-18T17:54:16 update: added music/Imagine Dragons - Take Me To The Beach (Official Lyric Video).m4a
2025-10-18T17:54:16 ffmpeg/mov,mp4,m4a,3gp,3g2,mj2: stream 0, timescale not set
2025-10-18T17:54:16 update: added music/AaRON - Invisible Stains (2015).m4a
2025-10-18T17:54:16 update: added music/La Arrolladora Banda El Limón De René Camacho - Entre Beso Y Beso (Audio).mp3
2025-10-18T17:54:16 update: added music/Trueno, J Balvin - UN PASO (Video Oficial).mp3
2025-10-18T17:54:16 ffmpeg/mov,mp4,m4a,3gp,3g2,mj2: stream 0, timescale not set
2025-10-18T17:54:16 update: added music/Fármacos - Quiero conocer tu mundo (audio).m4a
[src/libmpg123/id3.c:process_comment():591] error: No comment text / valid description?
2025-10-18T17:54:16 update: added music/Lights_(Bassnectar_Remix).mp3
2025-10-18T17:54:16 update: added music/Gowana- Pienso en ti.m4a
2025-10-18T17:54:16 ffmpeg/mov,mp4,m4a,3gp,3g2,mj2: stream 0, timescale not set
2025-10-18T17:54:16 update: added music/Arctic Monkeys - One Point Perspective (Official Audio).m4a
2025-10-18T17:54:16 ffmpeg/mov,mp4,m4a,3gp,3g2,mj2: stream 0, timescale not set
2025-10-18T17:54:16 update: added music/Damon Albarn - Lonely Press Play (Official Video).m4a
2025-10-18T17:54:16 ffmpeg/mov,mp4,m4a,3gp,3g2,mj2: stream 0, timescale not set
2025-10-18T17:54:16 update: added music/Café Tacvba - Eres.m4a
2025-10-18T17:54:16 update: added music/Ride or Die (Remix Extended Parte 1 y 2) - Sevdaliza, Villano Antillano ft. .m4a
2025-10-18T17:54:16 ffmpeg/mov,mp4,m4a,3gp,3g2,mj2: stream 0, timescale not set
2025-10-18T17:54:16 update: added music/Meghan Trainor - Like I'm Gonna Lose You ft. John Legend.m4a
2025-10-18T17:54:16 ffmpeg/mov,mp4,m4a,3gp,3g2,mj2: stream 0, timescale not set
2025-10-18T17:54:16 update: added music/OneRepublic - Counting Stars.m4a
2025-10-18T17:54:16 ffmpeg/mov,mp4,m4a,3gp,3g2,mj2: stream 0, timescale not set
2025-10-18T17:54:16 update: added music/Porter - Bandera (Lyric Video).m4a
2025-10-18T17:54:16 ffmpeg/mov,mp4,m4a,3gp,3g2,mj2: stream 0, timescale not set
2025-10-18T17:54:16 update: added music/Lana Del Rey - West Coast (Official Audio).m4a
2025-10-18T17:54:16 ffmpeg/mov,mp4,m4a,3gp,3g2,mj2: stream 0, timescale not set
2025-10-18T17:54:16 update: added music/AC-DC - Highway to Hell.m4a
2025-10-18T17:54:16 ffmpeg/mov,mp4,m4a,3gp,3g2,mj2: stream 0, timescale not set
2025-10-18T17:54:16 update: added music/Russ - OLD DAYS (Official Audio).m4a
2025-10-18T17:54:16 ffmpeg/mov,mp4,m4a,3gp,3g2,mj2: stream 0, timescale not set
2025-10-18T17:54:16 update: added music/Fall Out Boy - Dance, Dance Lyrics.m4a
2025-10-18T17:54:16 ffmpeg/mov,mp4,m4a,3gp,3g2,mj2: stream 0, timescale not set
2025-10-18T17:54:16 update: added music/Stop Me If You Think You've Heard This One Before (2011 Remastered Version).m4a
2025-10-18T17:54:16 ffmpeg/mov,mp4,m4a,3gp,3g2,mj2: stream 0, timescale not set
2025-10-18T17:54:16 update: added music/Willian - Tú (Video Lyrics).m4a
2025-10-18T17:54:16 ffmpeg/mov,mp4,m4a,3gp,3g2,mj2: stream 0, timescale not set
2025-10-18T17:54:16 update: added music/WOS - FRESCO.m4a
2025-10-18T17:54:16 update: added music/WOS - OKUPA.mp3
2025-10-18T17:54:16 update: added music/Gera MX, Rels B - Se Me Olvidó (Video Oficial).mp3
2025-10-18T17:54:16 ffmpeg/mov,mp4,m4a,3gp,3g2,mj2: stream 0, timescale not set
2025-10-18T17:54:16 update: added music/Low Hum - Comatose.m4a
2025-10-18T17:54:16 ffmpeg/mov,mp4,m4a,3gp,3g2,mj2: stream 0, timescale not set
2025-10-18T17:54:16 update: added music/Residente - Pecador (Official Video).m4a
2025-10-18T17:54:16 ffmpeg/mov,mp4,m4a,3gp,3g2,mj2: stream 0, timescale not set
2025-10-18T17:54:16 update: added music/Como Tú (Magic Music Box).m4a
2025-10-18T17:54:16 ffmpeg/sami: Format sami detected only with low score of 1, misdetection possible!
2025-10-18T17:54:16 ffmpeg/mov,mp4,m4a,3gp,3g2,mj2: stream 0, timescale not set
2025-10-18T17:54:16 update: added music/It's Time.m4a
2025-10-18T17:54:16 update: added music/Rihanna - Diamonds (Lyric Video).m4a
2025-10-18T17:54:16 update: added music/Foreign Figures - The Fever (Official Music Video)_256k.mp3
2025-10-18T17:54:16 update: added music/HA-ASH - Perdón, Perdón (Audio).m4a
2025-10-18T17:54:16 ffmpeg/mov,mp4,m4a,3gp,3g2,mj2: stream 0, timescale not set
2025-10-18T17:54:16 update: added music/Billie Eilish - WHEN I WAS OLDER (Music Inspired By The Film ROMA-Audio).m4a
2025-10-18T17:54:16 update: added music/Cracks_(Flux_Pavilion_Remix).mp3
2025-10-18T17:54:16 ffmpeg/mov,mp4,m4a,3gp,3g2,mj2: stream 0, timescale not set
2025-10-18T17:54:16 update: added music/P!nk - Try.m4a
2025-10-18T17:54:16 ffmpeg/mov,mp4,m4a,3gp,3g2,mj2: stream 0, timescale not set
2025-10-18T17:54:16 update: added music/Russ - Tell Me Why (Official Audio).m4a
2025-10-18T17:54:16 ffmpeg/mov,mp4,m4a,3gp,3g2,mj2: stream 0, timescale not set
2025-10-18T17:54:16 update: added music/The Neighbourhood - Daddy Issues.m4a
2025-10-18T17:54:16 update: added music/MECAL - Te Deseo.mp3
2025-10-18T17:54:16 update: added music/All Time Low- Monsters (feat. Demi Lovato and blackbear) (LYRIC VIDEO).mp3
2025-10-18T17:54:16 update: added music/Reik - Voy a Olvidarte.m4a
2025-10-18T17:54:16 update: added music/flora cash - I Wasted You (Slowed + Reverb) Lofi.mp3
2025-10-18T17:54:16 ffmpeg/mov,mp4,m4a,3gp,3g2,mj2: stream 0, timescale not set
2025-10-18T17:54:16 update: added music/Imagine Dragons - Destination (Audio).m4a
2025-10-18T17:54:16 ffmpeg/mov,mp4,m4a,3gp,3g2,mj2: stream 0, timescale not set
2025-10-18T17:54:16 update: added music/Everybody Hurts.m4a
2025-10-18T17:54:16 update: added music/Bad Bunny - Haciendo Que Me Amas (Audio).mp3
2025-10-18T17:54:16 ffmpeg/mov,mp4,m4a,3gp,3g2,mj2: stream 0, timescale not set
2025-10-18T17:54:16 update: added music/Happy Together - Turtles.m4a
2025-10-18T17:54:16 update: added music/Liricistas - Estilo Libre.mp3
2025-10-18T17:54:16 update: added music/WOS - GATO NEGRO (Concept Video).mp3
2025-10-18T17:54:16 ffmpeg/mov,mp4,m4a,3gp,3g2,mj2: stream 0, timescale not set
2025-10-18T17:54:16 update: added music/EDEN - take care (Español).m4a
2025-10-18T17:54:16 ffmpeg/mov,mp4,m4a,3gp,3g2,mj2: stream 0, timescale not set
2025-10-18T17:54:16 update: added music/Crazy in Love (feat. Leah Kelly).m4a
2025-10-18T17:54:16 ffmpeg/mov,mp4,m4a,3gp,3g2,mj2: stream 0, timescale not set
2025-10-18T17:54:16 update: added music/Daft Punk - Instant Crush ft. Julian Casablancas.m4a
2025-10-18T17:54:16 ffmpeg/mov,mp4,m4a,3gp,3g2,mj2: stream 0, timescale not set
2025-10-18T17:54:16 update: added music/James Blunt - Over -Official Lyric Video-.m4a
2025-10-18T17:54:16 ffmpeg/mov,mp4,m4a,3gp,3g2,mj2: stream 0, timescale not set
2025-10-18T17:54:16 update: added music/La Ciudad (Cap. 6).m4a
2025-10-18T17:54:16 ffmpeg/mov,mp4,m4a,3gp,3g2,mj2: stream 0, timescale not set
2025-10-18T17:54:16 update: added music/Stolen Dance -  Imagine Dragons (Lyrics).m4a
2025-10-18T17:54:16 ffmpeg/mov,mp4,m4a,3gp,3g2,mj2: stream 0, timescale not set
2025-10-18T17:54:16 update: added music/Eminem - Till I Collapse (HD).m4a
2025-10-18T17:54:16 ffmpeg/mov,mp4,m4a,3gp,3g2,mj2: stream 0, timescale not set
2025-10-18T17:54:16 update: added music/Quiero ver - Café Tacuba.m4a
2025-10-18T17:54:16 ffmpeg/mov,mp4,m4a,3gp,3g2,mj2: stream 0, timescale not set
2025-10-18T17:54:16 update: added music/blackbear -- santa monica & la brea; español.m4a
2025-10-18T17:54:16 ffmpeg/mov,mp4,m4a,3gp,3g2,mj2: stream 0, timescale not set
2025-10-18T17:54:16 update: added music/La La Land - City of Stars DUET - Lyrics.m4a
2025-10-18T17:54:16 ffmpeg/mov,mp4,m4a,3gp,3g2,mj2: stream 0, timescale not set
2025-10-18T17:54:16 update: added music/Cindy Lauper- Girls just want to have fun.m4a
2025-10-18T17:54:16 ffmpeg/mov,mp4,m4a,3gp,3g2,mj2: stream 0, timescale not set
2025-10-18T17:54:16 update: added music/Black Honey - Sleep Forever.m4a
2025-10-18T17:54:16 ffmpeg/mov,mp4,m4a,3gp,3g2,mj2: stream 0, timescale not set
2025-10-18T17:54:16 update: added music/Me & Mr Jones.m4a
2025-10-18T17:54:16 ffmpeg/mov,mp4,m4a,3gp,3g2,mj2: stream 0, timescale not set
2025-10-18T17:54:16 update: added music/Maroon 5 - Maps (Explicit).m4a
2025-10-18T17:54:16 update: added music/BLESSD ❌ ANUEL AA _ DEPORTIVO  💜 (VIDEO OFICIAL).m4a
2025-10-18T17:54:16 update: added music/Imagine Dragons - Peace of Mind (Official Lyric Video).mp3
2025-10-18T17:54:16 ffmpeg/mov,mp4,m4a,3gp,3g2,mj2: stream 0, timescale not set
2025-10-18T17:54:16 update: added music/Bruno Mars - It Will Rain -OFFICIAL VIDEO-.m4a
2025-10-18T17:54:16 update: added music/The Score - Miracle (Official Video)_256k.mp3
2025-10-18T17:54:16 ffmpeg/mov,mp4,m4a,3gp,3g2,mj2: stream 0, timescale not set
2025-10-18T17:54:16 update: added music/All Time Low - Missing You.m4a
2025-10-18T17:54:16 ffmpeg/mov,mp4,m4a,3gp,3g2,mj2: stream 0, timescale not set
2025-10-18T17:54:16 update: added music/Los Amigos Invisibles, 'Espérame', feat. Elastic Bond..m4a
2025-10-18T17:54:16 update: added music/3AM - Flor De Loto (Letra) _ Flow City.mp3
2025-10-18T17:54:16 update: added music/Bullseye_2297.mp3
2025-10-18T17:54:16 ffmpeg/mov,mp4,m4a,3gp,3g2,mj2: stream 0, timescale not set
2025-10-18T17:54:16 update: added music/Blackbear -  ​i hope your whole life sux (Sub Español).m4a
2025-10-18T17:54:16 ffmpeg/mov,mp4,m4a,3gp,3g2,mj2: stream 0, timescale not set
2025-10-18T17:54:16 update: added music/Blackbear - Runnin´Low (Sub Español).m4a
2025-10-18T17:54:16 ffmpeg/mov,mp4,m4a,3gp,3g2,mj2: stream 0, timescale not set
2025-10-18T17:54:16 update: added music/Natalia Lafourcade - Ella Es Bonita.m4a
2025-10-18T17:54:16 update: added music/3AM - Imagina.mp3
2025-10-18T17:54:16 ffmpeg/mov,mp4,m4a,3gp,3g2,mj2: stream 0, timescale not set
2025-10-18T17:54:16 update: added music/Summer.m4a
2025-10-18T17:54:16 update: added music/Sub Urban - Isolate [Official Lyrics Video].mp3
2025-10-18T17:54:16 ffmpeg/mov,mp4,m4a,3gp,3g2,mj2: stream 0, timescale not set
2025-10-18T17:54:16 update: added music/Canserbero - Clima Tropical -Vida-.m4a
2025-10-18T17:54:16 update: added music/MESITA, REI - JET LAG (Video Oficial).mp3
2025-10-18T17:54:17 update: added music/Isaac Dunbar - onion boy_256k.mp3
2025-10-18T17:54:17 update: added music/Joji & BENEE - Afterthought (Official Audio).mp3
2025-10-18T17:54:17 ffmpeg/mov,mp4,m4a,3gp,3g2,mj2: stream 0, timescale not set
2025-10-18T17:54:17 update: added music/Imagine Dragons - I'll Make It Up To You (Lyrics _ Letra).m4a
2025-10-18T17:54:17 ffmpeg/mov,mp4,m4a,3gp,3g2,mj2: stream 0, timescale not set
2025-10-18T17:54:17 update: added music/Arcangel, Duki, Bizarrap - Bottas (Visualizer) _ SR. SANTOS.m4a
2025-10-18T17:54:17 ffmpeg/mov,mp4,m4a,3gp,3g2,mj2: stream 0, timescale not set
2025-10-18T17:54:17 update: added music/Anxiety.m4a
2025-10-18T17:54:17 ffmpeg/mov,mp4,m4a,3gp,3g2,mj2: stream 0, timescale not set
2025-10-18T17:54:17 update: added music/Queens of the Stone Age - The Evil Has Landed (Audio).m4a
2025-10-18T17:54:17 ffmpeg/mov,mp4,m4a,3gp,3g2,mj2: stream 0, timescale not set
2025-10-18T17:54:17 update: added music/Grupo Firme - Gerardo Coronel 'El Jerry' - Qué Onda Perdida (Video Oficial).m4a
2025-10-18T17:54:17 ffmpeg/mov,mp4,m4a,3gp,3g2,mj2: stream 0, timescale not set
2025-10-18T17:54:17 update: added music/Lord Huron - The Night We Met.m4a
2025-10-18T17:54:17 ffmpeg/mov,mp4,m4a,3gp,3g2,mj2: stream 0, timescale not set
2025-10-18T17:54:17 update: added music/Release - Imagine Dragons (Audio).m4a
2025-10-18T17:54:17 ffmpeg/mov,mp4,m4a,3gp,3g2,mj2: stream 0, timescale not set
2025-10-18T17:54:17 update: added music/Siddhartha - Ser Parte (Lyric Video).m4a
2025-10-18T17:54:17 update: added music/SOLO POR VOS.mp3
2025-10-18T17:54:17 ffmpeg/mov,mp4,m4a,3gp,3g2,mj2: stream 0, timescale not set
2025-10-18T17:54:17 update: added music/Me Llamas (feat. Maluma) (Remix).m4a
2025-10-18T17:54:17 ffmpeg/mov,mp4,m4a,3gp,3g2,mj2: stream 0, timescale not set
2025-10-18T17:54:17 update: added music/Louis The Child, Quinn XCII, Chelsea Cutler - Little Things (Lyric Video).m4a
2025-10-18T17:54:17 update: added music/The Score - Gallows (Audio) ft. Jamie N Commons_256k.mp3
2025-10-18T17:54:17 ffmpeg/mov,mp4,m4a,3gp,3g2,mj2: stream 0, timescale not set
2025-10-18T17:54:17 update: added music/Don Omar _ ️Hasta Abajo ️.m4a
2025-10-18T17:54:17 update: added music/Nicki Nicole - Baby (Official Video).mp3
2025-10-18T17:54:17 update: added music/Paulo Londra ft Lenny Tavarez - Nena Maldicion (Official Video).mp3
2025-10-18T17:54:17 ffmpeg/mov,mp4,m4a,3gp,3g2,mj2: stream 0, timescale not set
2025-10-18T17:54:17 update: added music/The Killers - Here With Me.m4a
2025-10-18T17:54:17 ffmpeg/mov,mp4,m4a,3gp,3g2,mj2: stream 0, timescale not set
2025-10-18T17:54:17 update: added music/Jaymes Young - Feel Something _ Sub Español.m4a
2025-10-18T17:54:17 ffmpeg/mov,mp4,m4a,3gp,3g2,mj2: stream 0, timescale not set
2025-10-18T17:54:17 update: added music/Billie Eilish - watch (Audio).m4a
2025-10-18T17:54:17 ffmpeg/mov,mp4,m4a,3gp,3g2,mj2: stream 0, timescale not set
2025-10-18T17:54:17 update: added music/Manu Chao - Me Gustas Tu.m4a
2025-10-18T17:54:17 ffmpeg/mov,mp4,m4a,3gp,3g2,mj2: stream 0, timescale not set
2025-10-18T17:54:17 update: added music/On Top Of The World.m4a
2025-10-18T17:54:17 update: added music/Two Shots (feat. gnash).mp3
2025-10-18T17:54:17 ffmpeg/sami: Format sami detected only with low score of 1, misdetection possible!
2025-10-18T17:54:17 ffmpeg/mov,mp4,m4a,3gp,3g2,mj2: stream 0, timescale not set
2025-10-18T17:54:17 update: added music/Aaron le tunnel d'or.m4a
2025-10-18T17:54:17 ffmpeg/mov,mp4,m4a,3gp,3g2,mj2: stream 0, timescale not set
2025-10-18T17:54:17 update: added music/Coldplay - Adventure Of A Lifetime (Official video).m4a
2025-10-18T17:54:17 ffmpeg/mov,mp4,m4a,3gp,3g2,mj2: stream 0, timescale not set
2025-10-18T17:54:17 update: added music/Red Hot Chili Peppers - Californication -Official Music Video-.m4a
2025-10-18T17:54:17 update: added music/Maria Becerra, Becky G - WOW WOW (Official Video).mp3
2025-10-18T17:54:17 ffmpeg/mov,mp4,m4a,3gp,3g2,mj2: stream 0, timescale not set
2025-10-18T17:54:17 update: added music/Whatever It Takes.m4a
2025-10-18T17:54:17 ffmpeg/mov,mp4,m4a,3gp,3g2,mj2: stream 0, timescale not set
2025-10-18T17:54:17 update: added music/Time Is Running Out.m4a
2025-10-18T17:54:17 ffmpeg/mov,mp4,m4a,3gp,3g2,mj2: stream 0, timescale not set
2025-10-18T17:54:17 update: added music/Real Life.m4a
2025-10-18T17:54:17 ffmpeg/mov,mp4,m4a,3gp,3g2,mj2: stream 0, timescale not set
2025-10-18T17:54:17 update: added music/Selena Gomez - Slow Down (Official).m4a
2025-10-18T17:54:17 ffmpeg/mov,mp4,m4a,3gp,3g2,mj2: stream 0, timescale not set
2025-10-18T17:54:17 update: added music/Trouble.m4a
2025-10-18T17:54:17 ffmpeg/mov,mp4,m4a,3gp,3g2,mj2: stream 0, timescale not set
2025-10-18T17:54:17 update: added music/What I've Done (Official Video) - Linkin Park.m4a
2025-10-18T17:54:17 ffmpeg/mov,mp4,m4a,3gp,3g2,mj2: stream 0, timescale not set
2025-10-18T17:54:17 update: added music/Paramore - Misguided Ghosts (Official Audio).m4a
2025-10-18T17:54:17 ffmpeg/mov,mp4,m4a,3gp,3g2,mj2: stream 0, timescale not set
2025-10-18T17:54:17 update: added music/The Kooks - Bad Habit.m4a
2025-10-18T17:54:17 ffmpeg/mov,mp4,m4a,3gp,3g2,mj2: stream 0, timescale not set
2025-10-18T17:54:17 update: added music/Julieta Venegas - Limon Y Sal (Video).m4a
2025-10-18T17:54:17 ffmpeg/mov,mp4,m4a,3gp,3g2,mj2: stream 0, timescale not set
2025-10-18T17:54:17 update: added music/X Ambassadors - Unsteady.m4a
2025-10-18T17:54:17 ffmpeg/mov,mp4,m4a,3gp,3g2,mj2: stream 0, timescale not set
2025-10-18T17:54:17 update: added music/The 1975 - Robbers.m4a
2025-10-18T17:54:17 ffmpeg/mov,mp4,m4a,3gp,3g2,mj2: stream 0, timescale not set
2025-10-18T17:54:17 update: added music/Train - Hey, Soul Sister.m4a
2025-10-18T17:54:17 update: added music/Los Pericos- Anónimos ft. Carla Morrison.mp3
2025-10-18T17:54:17 ffmpeg/mov,mp4,m4a,3gp,3g2,mj2: stream 0, timescale not set
2025-10-18T17:54:17 update: added music/i love you.m4a
2025-10-18T17:54:17 update: added music/3AM - Endaño (Letra) _ Rain City.mp3
2025-10-18T17:54:17 ffmpeg/mov,mp4,m4a,3gp,3g2,mj2: stream 0, timescale not set
2025-10-18T17:54:17 update: added music/Weezer - Island In The Sun (Spike Jonze Version).m4a
2025-10-18T17:54:17 update: added music/AARON - Little Love LYRICS.m4a
2025-10-18T17:54:17 update: added music/Russ - ITALY (Official Audio)_256k.mp3
2025-10-18T17:54:17 ffmpeg/mov,mp4,m4a,3gp,3g2,mj2: stream 0, timescale not set
2025-10-18T17:54:17 update: added music/The Killers - Be Still.m4a
2025-10-18T17:54:17 update: added music/nobody likes the opening band -- I DON'T KNOW HOW BUT THEY FOUND ME (lyrics).m4a
2025-10-18T17:54:17 ffmpeg/mov,mp4,m4a,3gp,3g2,mj2: stream 0, timescale not set
2025-10-18T17:54:17 update: added music/Ruth B. - Mixed Signals (Audio).m4a
2025-10-18T17:54:17 ffmpeg/mov,mp4,m4a,3gp,3g2,mj2: stream 0, timescale not set
2025-10-18T17:54:17 update: added music/Halsey_Closer.m4a
2025-10-18T17:54:17 ffmpeg/sami: Format sami detected only with low score of 1, misdetection possible!
2025-10-18T17:54:17 ffmpeg/mov,mp4,m4a,3gp,3g2,mj2: stream 0, timescale not set
2025-10-18T17:54:17 update: added music/Justin Bieber - Sorry (Dance Video).m4a
2025-10-18T17:54:17 ffmpeg/mov,mp4,m4a,3gp,3g2,mj2: stream 0, timescale not set
2025-10-18T17:54:17 update: added music/Daddy Yankee - Gasolina (Video Oficial).m4a
2025-10-18T17:54:17 ffmpeg/mov,mp4,m4a,3gp,3g2,mj2: stream 0, timescale not set
2025-10-18T17:54:17 update: added music/NoMBe - California Girls.m4a
2025-10-18T17:54:17 ffmpeg/mov,mp4,m4a,3gp,3g2,mj2: stream 0, timescale not set
2025-10-18T17:54:17 update: added music/Siddhartha - A la Distancia (Lyric Video).m4a
2025-10-18T17:54:17 ffmpeg/mov,mp4,m4a,3gp,3g2,mj2: stream 0, timescale not set
2025-10-18T17:54:17 update: added music/Miranda! - Perfecta (Video Oficial).m4a
2025-10-18T17:54:17 ffmpeg/mov,mp4,m4a,3gp,3g2,mj2: stream 0, timescale not set
2025-10-18T17:54:17 update: added music/Every Morning - Sugar Ray.m4a
2025-10-18T17:54:17 update: added music/Nero - Nero Promises Nero Amp Skrilex Remix.mp3
2025-10-18T17:54:17 ffmpeg/mov,mp4,m4a,3gp,3g2,mj2: stream 0, timescale not set
2025-10-18T17:54:17 update: added music/Radiohead - Just.m4a
2025-10-18T17:54:17 update: added music/Franc Moody - Dream In Colour (Official Video)_256k.mp3
2025-10-18T17:54:17 ffmpeg/mov,mp4,m4a,3gp,3g2,mj2: stream 0, timescale not set
2025-10-18T17:54:17 update: added music/Don Omar - Pobre Diabla (Original Version).m4a
2025-10-18T17:54:17 ffmpeg/mov,mp4,m4a,3gp,3g2,mj2: stream 0, timescale not set
2025-10-18T17:54:17 update: added music/Feid - Alakran (Official Video).m4a
2025-10-18T17:54:17 ffmpeg/mov,mp4,m4a,3gp,3g2,mj2: stream 0, timescale not set
2025-10-18T17:54:17 update: added music/Elliott Smith - Needle In The Hay (Lyrics).m4a
2025-10-18T17:54:17 ffmpeg/mov,mp4,m4a,3gp,3g2,mj2: stream 0, timescale not set
2025-10-18T17:54:17 update: added music/Thief - Imagine Dragons (Audio).m4a
2025-10-18T17:54:17 ffmpeg/mov,mp4,m4a,3gp,3g2,mj2: stream 0, timescale not set
2025-10-18T17:54:17 update: added music/James Arthur - Naked.m4a
2025-10-18T17:54:17 update: added music/NATHY PELUSO, Tiago PZK - ELLA TIENE (Video Oficial).mp3
2025-10-18T17:54:17 update: added music/The Score - All of Me feat. Travis Barker (Official Lyric Video)_256k.mp3
2025-10-18T17:54:17 update: added music/Real 70 Crew Feat. Nedman Guerrero - Por ser Rapero (AUDIO).m4a
2025-10-18T17:54:17 ffmpeg/mov,mp4,m4a,3gp,3g2,mj2: stream 0, timescale not set
2025-10-18T17:54:17 update: added music/Frank Sinatra - L.O.V.E. (lyrics).m4a
2025-10-18T17:54:17 ffmpeg/mov,mp4,m4a,3gp,3g2,mj2: stream 0, timescale not set
2025-10-18T17:54:17 update: added music/Boys Like Girls - The Great Escape (Lyrics).m4a
2025-10-18T17:54:17 ffmpeg/mov,mp4,m4a,3gp,3g2,mj2: stream 0, timescale not set
2025-10-18T17:54:17 update: added music/BAD BUNNY - TÚ NO METES CABRA (Video Oficial).m4a
2025-10-18T17:54:17 ffmpeg/mov,mp4,m4a,3gp,3g2,mj2: stream 0, timescale not set
2025-10-18T17:54:17 update: added music/Alabama Shakes - Don't Wanna Fight (Official Audio).m4a
2025-10-18T17:54:17 ffmpeg/mov,mp4,m4a,3gp,3g2,mj2: stream 0, timescale not set
2025-10-18T17:54:17 update: added music/Tipling Rock - Staring -Visualizer-.m4a
2025-10-18T17:54:17 ffmpeg/mov,mp4,m4a,3gp,3g2,mj2: stream 0, timescale not set
2025-10-18T17:54:17 update: added music/Eres (letra) -  Camilo Séptimo.m4a
2025-10-18T17:54:17 ffmpeg/mov,mp4,m4a,3gp,3g2,mj2: stream 0, timescale not set
2025-10-18T17:54:17 update: added music/Bazzi - Changed [Official Audio].m4a
2025-10-18T17:54:17 ffmpeg/mov,mp4,m4a,3gp,3g2,mj2: stream 0, timescale not set
2025-10-18T17:54:17 update: added music/Caravan Palace - Rock It For Me.m4a
2025-10-18T17:54:17 ffmpeg/mov,mp4,m4a,3gp,3g2,mj2: stream 0, timescale not set
2025-10-18T17:54:17 update: added music/Gorillaz - Tomorrow Comes Today (Official Video).m4a
2025-10-18T17:54:17 update: added music/Banda MS- Mi razón de ser.mp3
2025-10-18T17:54:17 ffmpeg/mov,mp4,m4a,3gp,3g2,mj2: stream 0, timescale not set
2025-10-18T17:54:17 update: added music/SIddhartha - Náufrago (Audio Oficial).m4a
2025-10-18T17:54:17 ffmpeg/mov,mp4,m4a,3gp,3g2,mj2: stream 0, timescale not set
2025-10-18T17:54:17 update: added music/EDEN - love; not wrong (brave) (Español).m4a
2025-10-18T17:54:17 ffmpeg/mov,mp4,m4a,3gp,3g2,mj2: stream 0, timescale not set
2025-10-18T17:54:17 update: added music/TQM (Ft Elsa y Elmar & Ximena Sariñana) - Little Jesus (Letra).m4a
2025-10-18T17:54:17 ffmpeg/mov,mp4,m4a,3gp,3g2,mj2: stream 0, timescale not set
2025-10-18T17:54:17 update: added music/Los Mesoneros - Exprópiese (Video Oficial).m4a
2025-10-18T17:54:17 update: added music/Maria Becerra, Cazzu - ANIMAL (Official Video)_256k.mp3
2025-10-18T17:54:17 update: added music/Imagine Dragons - I Wish (Official Lyric Video).mp3
2025-10-18T17:54:17 ffmpeg/mov,mp4,m4a,3gp,3g2,mj2: stream 0, timescale not set
2025-10-18T17:54:17 update: added music/Mouth Of The River.m4a
2025-10-18T17:54:17 ffmpeg/mov,mp4,m4a,3gp,3g2,mj2: stream 0, timescale not set
2025-10-18T17:54:17 update: added music/Pilot - Magic (Subtítulos español).m4a
2025-10-18T17:54:17 ffmpeg/mov,mp4,m4a,3gp,3g2,mj2: stream 0, timescale not set
2025-10-18T17:54:17 update: added music/Andar Conmigo.m4a
2025-10-18T17:54:17 ffmpeg/mov,mp4,m4a,3gp,3g2,mj2: stream 0, timescale not set
2025-10-18T17:54:17 update: added music/MESITA - ORANGUTAN.m4a
2025-10-18T17:54:17 ffmpeg/mov,mp4,m4a,3gp,3g2,mj2: stream 0, timescale not set
2025-10-18T17:54:17 update: added music/Alt-J (∆) - Matilda.m4a
2025-10-18T17:54:17 ffmpeg/mov,mp4,m4a,3gp,3g2,mj2: stream 0, timescale not set
2025-10-18T17:54:17 update: added music/Get Lucky (Official Audio).m4a
2025-10-18T17:54:17 ffmpeg/mov,mp4,m4a,3gp,3g2,mj2: stream 0, timescale not set
2025-10-18T17:54:17 update: added music/Nanpa Básico - Cuando Vienes.m4a
2025-10-18T17:54:17 ffmpeg/mov,mp4,m4a,3gp,3g2,mj2: stream 0, timescale not set
2025-10-18T17:54:17 update: added music/Queen - Don't Stop Me Now (Official Video).m4a
2025-10-18T17:54:17 ffmpeg/mov,mp4,m4a,3gp,3g2,mj2: stream 0, timescale not set
2025-10-18T17:54:17 update: added music/ELECTRO SWING - LITTLE VIOLET - SWINGING MELODIES.m4a
2025-10-18T17:54:17 ffmpeg/mov,mp4,m4a,3gp,3g2,mj2: stream 0, timescale not set
2025-10-18T17:54:17 update: added music/Calvin Harris - Blame (Audio) ft. John Newman.m4a
2025-10-18T17:54:17 ffmpeg/mov,mp4,m4a,3gp,3g2,mj2: stream 0, timescale not set
2025-10-18T17:54:17 update: added music/Phoenix - Lisztomania.m4a
2025-10-18T17:54:17 ffmpeg/mov,mp4,m4a,3gp,3g2,mj2: stream 0, timescale not set
2025-10-18T17:54:17 update: added music/Coldplay - Paradise (Official Video).m4a
2025-10-18T17:54:17 ffmpeg/mov,mp4,m4a,3gp,3g2,mj2: stream 0, timescale not set
2025-10-18T17:54:17 update: added music/Santana - Just Feel Better ft. Steven Tyler.m4a
2025-10-18T17:54:17 ffmpeg/mov,mp4,m4a,3gp,3g2,mj2: stream 0, timescale not set
2025-10-18T17:54:17 update: added music/Síguelo Bailando.m4a
2025-10-18T17:54:17 ffmpeg/mov,mp4,m4a,3gp,3g2,mj2: stream 0, timescale not set
2025-10-18T17:54:17 update: added music/Radiohead - I Promise.m4a
2025-10-18T17:54:17 ffmpeg/mov,mp4,m4a,3gp,3g2,mj2: stream 0, timescale not set
2025-10-18T17:54:17 update: added music/The Black Keys-Howlin' For You[Brothers].m4a
2025-10-18T17:54:17 ffmpeg/mov,mp4,m4a,3gp,3g2,mj2: stream 0, timescale not set
2025-10-18T17:54:17 update: added music/Bon Jovi - It's My Life.m4a
2025-10-18T17:54:17 ffmpeg/mov,mp4,m4a,3gp,3g2,mj2: stream 0, timescale not set
2025-10-18T17:54:17 update: added music/Respiro (Cap. 8).m4a
2025-10-18T17:54:17 update: added music/Real 70 Crew. Feat El Dike - Del Amor Nadie Se Escapa (AUDIO).m4a
2025-10-18T17:54:17 update: added music/K.Flay - High Enough (Official Lyric Video).mp3
2025-10-18T17:54:17 update: added music/Imagine Dragons - Wrecked (Lyric Video)_256k.mp3
2025-10-18T17:54:17 ffmpeg/mov,mp4,m4a,3gp,3g2,mj2: stream 0, timescale not set
2025-10-18T17:54:17 update: added music/Piso 21 - Déjala Que Vuelva (feat. Manuel Turizo) -Video Oficial-.m4a
2025-10-18T17:54:17 ffmpeg/mov,mp4,m4a,3gp,3g2,mj2: stream 0, timescale not set
2025-10-18T17:54:17 update: added music/bbno$ - meant to be (Lyrics).m4a
2025-10-18T17:54:17 update: added music/Residente & Bad Bunny - Bellacoso (Official Video).mp3
2025-10-18T17:54:17 update: added music/Losemyhead_256k.mp3
2025-10-18T17:54:17 ffmpeg/mov,mp4,m4a,3gp,3g2,mj2: stream 0, timescale not set
2025-10-18T17:54:17 update: added music/Enrique Bunbury - Frente a Frente (Vídeoclip Oficial).m4a
2025-10-18T17:54:17 ffmpeg/mov,mp4,m4a,3gp,3g2,mj2: stream 0, timescale not set
2025-10-18T17:54:17 update: added music/POWERS - Heavy (Visualizer).m4a
2025-10-18T17:54:17 update: added music/Sharks - Imagine Dragons (Subtitulada al Español - Lyrics ).mp3
2025-10-18T17:54:17 ffmpeg/mov,mp4,m4a,3gp,3g2,mj2: stream 0, timescale not set
2025-10-18T17:54:18 update: added music/Julión Álvarez y su Norteño Banda - Cero Empatía (Video Lyric).m4a
2025-10-18T17:54:18 ffmpeg/mov,mp4,m4a,3gp,3g2,mj2: stream 0, timescale not set
2025-10-18T17:54:18 update: added music/Ok Go- Get Over It Lyric Video.m4a
2025-10-18T17:54:18 update: added music/Lennis Rodríguez & Rvfv - Te Sale Remix (Audio).mp3
2025-10-18T17:54:18 ffmpeg/mov,mp4,m4a,3gp,3g2,mj2: stream 0, timescale not set
2025-10-18T17:54:18 update: added music/Don Omar - Guaya Guaya (Audio).m4a
2025-10-18T17:54:18 update: added music/Stuffers - MG.mp3
2025-10-18T17:54:18 ffmpeg/mov,mp4,m4a,3gp,3g2,mj2: stream 0, timescale not set
2025-10-18T17:54:18 update: added music/OneRepublic - Let’s Hurt Tonight (Official Video).m4a
2025-10-18T17:54:18 ffmpeg/mov,mp4,m4a,3gp,3g2,mj2: stream 0, timescale not set
2025-10-18T17:54:18 update: added music/Selena Gomez & The Scene - Love You Like A Love Song (Audio).m4a
2025-10-18T17:54:18 ffmpeg/mov,mp4,m4a,3gp,3g2,mj2: stream 0, timescale not set
2025-10-18T17:54:18 update: added music/Drugstore Perfume.m4a
2025-10-18T17:54:18 ffmpeg/mov,mp4,m4a,3gp,3g2,mj2: stream 0, timescale not set
2025-10-18T17:54:18 update: added music/i wanna be your girlfriend.m4a
2025-10-18T17:54:18 ffmpeg/mov,mp4,m4a,3gp,3g2,mj2: stream 0, timescale not set
2025-10-18T17:54:18 update: added music/Canserbero - unetenos (vida).m4a
2025-10-18T17:54:18 ffmpeg/mov,mp4,m4a,3gp,3g2,mj2: stream 0, timescale not set
2025-10-18T17:54:18 update: added music/Trueno - PULL UP! (Official Video).m4a
2025-10-18T17:54:18 ffmpeg/mov,mp4,m4a,3gp,3g2,mj2: stream 0, timescale not set
2025-10-18T17:54:18 update: added music/James Blunt - Lose My Number -Official Lyric Video-.m4a
2025-10-18T17:54:18 ffmpeg/mov,mp4,m4a,3gp,3g2,mj2: stream 0, timescale not set
2025-10-18T17:54:18 update: added music/All Of The Stars.m4a
2025-10-18T17:54:18 ffmpeg/mov,mp4,m4a,3gp,3g2,mj2: stream 0, timescale not set
2025-10-18T17:54:18 update: added music/Encantadora.m4a
2025-10-18T17:54:18 ffmpeg/mov,mp4,m4a,3gp,3g2,mj2: stream 0, timescale not set
2025-10-18T17:54:18 update: added music/Hey, Soul Sister.m4a
2025-10-18T17:54:18 ffmpeg/mov,mp4,m4a,3gp,3g2,mj2: stream 0, timescale not set
2025-10-18T17:54:18 update: added music/Somebody Told Me.m4a
2025-10-18T17:54:18 ffmpeg/mov,mp4,m4a,3gp,3g2,mj2: stream 0, timescale not set
2025-10-18T17:54:18 update: added music/Pablos Hippos.m4a
2025-10-18T17:54:18 ffmpeg/mov,mp4,m4a,3gp,3g2,mj2: stream 0, timescale not set
2025-10-18T17:54:18 update: added music/Smoke And Mirrors - Imagine Dragons (Audio).m4a
2025-10-18T17:54:18 ffmpeg/mov,mp4,m4a,3gp,3g2,mj2: stream 0, timescale not set
2025-10-18T17:54:18 update: added music/Lose Yourself by Eminem _ Eminem.m4a
2025-10-18T17:54:18 update: added music/WC - The Streets ft. Snoop Dogg, Nate Dogg.mp3
2025-10-18T17:54:18 ffmpeg/sami: Format sami detected only with low score of 1, misdetection possible!
2025-10-18T17:54:18 update: added music/CENOB1TE - Hyperion (Original Mix) HD.m4a
2025-10-18T17:54:18 ffmpeg/mov,mp4,m4a,3gp,3g2,mj2: stream 0, timescale not set
2025-10-18T17:54:18 update: added music/Carla Morrison - Me encanta (letra).m4a
2025-10-18T17:54:18 update: added music/The Score - Breakout (Audio)_256k.mp3
2025-10-18T17:54:18 ffmpeg/mov,mp4,m4a,3gp,3g2,mj2: stream 0, timescale not set
2025-10-18T17:54:18 update: added music/The White Stripes - Hypnotize.m4a
2025-10-18T17:54:18 ffmpeg/mov,mp4,m4a,3gp,3g2,mj2: stream 0, timescale not set
2025-10-18T17:54:18 update: added music/Eminem - Kings Never Die (Lyric Video) ft. Gwen Stefani.m4a
2025-10-18T17:54:18 ffmpeg/mov,mp4,m4a,3gp,3g2,mj2: stream 0, timescale not set
2025-10-18T17:54:18 update: added music/La Adictiva - Escondidos [Lyric Video].m4a
2025-10-18T17:54:18 ffmpeg/mov,mp4,m4a,3gp,3g2,mj2: stream 0, timescale not set
2025-10-18T17:54:18 update: added music/Siddhartha - Buscándote (Letra) Cap. 7.m4a
2025-10-18T17:54:18 ffmpeg/mov,mp4,m4a,3gp,3g2,mj2: stream 0, timescale not set
2025-10-18T17:54:18 update: added music/Taylor Swift - Shake It Off.m4a
2025-10-18T17:54:18 ffmpeg/mov,mp4,m4a,3gp,3g2,mj2: stream 0, timescale not set
2025-10-18T17:54:18 update: added music/Billie Eilish - my boy (Audio).m4a
2025-10-18T17:54:18 ffmpeg/mov,mp4,m4a,3gp,3g2,mj2: stream 0, timescale not set
2025-10-18T17:54:18 update: added music/Hysteria.m4a
2025-10-18T17:54:18 update: added music/3AM - No Te Olvido.mp3
2025-10-18T17:54:18 update: added music/Ingratax - Paris (Official Video).mp3
2025-10-18T17:54:18 ffmpeg/mov,mp4,m4a,3gp,3g2,mj2: stream 0, timescale not set
2025-10-18T17:54:18 update: added music/Marshmello, Halsey - Be Kind (Halsey Lyric Video).m4a
2025-10-18T17:54:18 update: added music/Gepe - Hablar de ti (audio oficial).mp3
2025-10-18T17:54:18 ffmpeg/mov,mp4,m4a,3gp,3g2,mj2: stream 0, timescale not set
2025-10-18T17:54:18 update: added music/Spag Heddy - Heddy Bitsh.m4a
2025-10-18T17:54:18 ffmpeg/mov,mp4,m4a,3gp,3g2,mj2: stream 0, timescale not set
2025-10-18T17:54:18 update: added music/AaRON - Blouson Noir.m4a
2025-10-18T17:54:18 ffmpeg/mov,mp4,m4a,3gp,3g2,mj2: stream 0, timescale not set
2025-10-18T17:54:18 update: added music/The Great Shipwreck Of Life.m4a
2025-10-18T17:54:18 ffmpeg/mov,mp4,m4a,3gp,3g2,mj2: stream 0, timescale not set
2025-10-18T17:54:18 update: added music/Aaron O Song.m4a
2025-10-18T17:54:18 ffmpeg/mov,mp4,m4a,3gp,3g2,mj2: stream 0, timescale not set
2025-10-18T17:54:18 update: added music/Nothing In My Way.m4a
2025-10-18T17:54:18 update: added music/Real 70 Crew - Guerrillera de la felicidad Feat. Danay Suarez (AUDIO).m4a
2025-10-18T17:54:18 update: added music/Young Rising Sons - SAD (Clap Your Hands).mp3
2025-10-18T17:54:18 ffmpeg/mov,mp4,m4a,3gp,3g2,mj2: stream 0, timescale not set
2025-10-18T17:54:18 update: added music/De Bruces A Mi - Llegaste A Mi.m4a
2025-10-18T17:54:18 update: added music/The Score - Rush -- Sub Español _HD__256k.mp3
2025-10-18T17:54:18 ffmpeg/mov,mp4,m4a,3gp,3g2,mj2: stream 0, timescale not set
2025-10-18T17:54:18 update: added music/Bob Marley - A lalala long.m4a
2025-10-18T17:54:18 ffmpeg/mov,mp4,m4a,3gp,3g2,mj2: stream 0, timescale not set
2025-10-18T17:54:18 update: added music/Paulo Londra - No Puedo (Official Video).m4a
2025-10-18T17:54:18 ffmpeg/mov,mp4,m4a,3gp,3g2,mj2: stream 0, timescale not set
2025-10-18T17:54:18 update: added music/BAD BUNNY ft. FEID - PERRO NEGRO (Visualizer) _ nadie sabe lo que va a pasar.m4a
2025-10-18T17:54:18 ffmpeg/mov,mp4,m4a,3gp,3g2,mj2: stream 0, timescale not set
2025-10-18T17:54:18 update: added music/Every Night.m4a
2025-10-18T17:54:18 ffmpeg/mov,mp4,m4a,3gp,3g2,mj2: stream 0, timescale not set
2025-10-18T17:54:18 update: added music/single - the neighbourhood -- español.m4a
2025-10-18T17:54:18 update: added music/Calle 13 - La Vuelta Al Mundo (Audio).m4a
2025-10-18T17:54:18 update: added music/No Te Va Gustar, Nicki Nicole - Venganza (Video oficial).mp3
2025-10-18T17:54:18 ffmpeg/mov,mp4,m4a,3gp,3g2,mj2: stream 0, timescale not set
2025-10-18T17:54:18 update: added music/Calvin Harris - Summer.m4a
2025-10-18T17:54:18 ffmpeg/mov,mp4,m4a,3gp,3g2,mj2: stream 0, timescale not set
2025-10-18T17:54:18 update: added music/No Confíes En Mí.m4a
2025-10-18T17:54:18 ffmpeg/mov,mp4,m4a,3gp,3g2,mj2: stream 0, timescale not set
2025-10-18T17:54:18 update: added music/La Vie En Rose (Sub Español) - Louis Armstrong.m4a
2025-10-18T17:54:18 update: added music/Nicki Nicole - Nobody Like Yo (Official Video).mp3
2025-10-18T17:54:18 ffmpeg/mov,mp4,m4a,3gp,3g2,mj2: stream 0, timescale not set
2025-10-18T17:54:18 update: added music/Siddhartha Ft. Caloncho - Loco (Audio).m4a
2025-10-18T17:54:18 ffmpeg/mov,mp4,m4a,3gp,3g2,mj2: stream 0, timescale not set
2025-10-18T17:54:18 update: added music/Supermassive Black Hole.m4a
2025-10-18T17:54:18 update: added music/Arreglándome y Dañándome - Nanpa Básico & Samantha Barrón (Video Oficial)_256k.mp3
2025-10-18T17:54:18 ffmpeg/mov,mp4,m4a,3gp,3g2,mj2: stream 0, timescale not set
2025-10-18T17:54:18 update: added music/Disclosure - You & Me  feat. Eliza Doolittle  (Flume Remix).m4a
2025-10-18T17:54:18 ffmpeg/mov,mp4,m4a,3gp,3g2,mj2: stream 0, timescale not set
2025-10-18T17:54:18 update: added music/Why Are There Boundaries.m4a
2025-10-18T17:54:18 ffmpeg/mov,mp4,m4a,3gp,3g2,mj2: stream 0, timescale not set
2025-10-18T17:54:18 update: added music/Still Loving You.m4a
2025-10-18T17:54:18 ffmpeg/mov,mp4,m4a,3gp,3g2,mj2: stream 0, timescale not set
2025-10-18T17:54:18 update: added music/A Lo Mejor - Banda Sinaloense MS de Sergio Lizárraga (A Lo Mejor - Single).m4a
2025-10-18T17:54:18 update: added music/3AM - Tu me encantas (Video Oficial) _ Rain City ️.mp3
2025-10-18T17:54:18 update: added music/Kiss- I was made for loving you.m4a
2025-10-18T17:54:18 update: added music/When You Smile.m4a
2025-10-18T17:54:18 update: added music/BANDA MS - EL COLOR DE TUS OJOS (VIDEO OFICIAL).mp3
2025-10-18T17:54:18 ffmpeg/mov,mp4,m4a,3gp,3g2,mj2: stream 0, timescale not set
2025-10-18T17:54:18 update: added music/La Célula Que Explota.m4a
2025-10-18T17:54:18 ffmpeg/mov,mp4,m4a,3gp,3g2,mj2: stream 0, timescale not set
2025-10-18T17:54:18 update: added music/Rauw Alejandro x Jowell & Randy - PONTE NASTY (Visualizer).m4a
2025-10-18T17:54:18 update: added music/Rusherking, Maria Becerra - ANTES DE TI (Official Video).mp3
2025-10-18T17:54:18 ffmpeg/mov,mp4,m4a,3gp,3g2,mj2: stream 0, timescale not set
2025-10-18T17:54:18 update: added music/Mon Laferte - Amárrame ft. Juanes.m4a
2025-10-18T17:54:18 ffmpeg/mov,mp4,m4a,3gp,3g2,mj2: stream 0, timescale not set
2025-10-18T17:54:18 update: added music/Miénteme (letra) - Camilo Séptimo.m4a
2025-10-18T17:54:18 update: added music/Val_rate_Prod._Magnoscrito.mp3
2025-10-18T17:54:18 update: added music/Reik - Te Fuiste de Aquí.m4a
2025-10-18T17:54:18 ffmpeg/mov,mp4,m4a,3gp,3g2,mj2: stream 0, timescale not set
2025-10-18T17:54:18 update: added music/Tù.mp4
2025-10-18T17:54:18 ffmpeg/mov,mp4,m4a,3gp,3g2,mj2: stream 0, timescale not set
2025-10-18T17:54:18 update: added music/Amy Winehouse - Back To Black (Lyric Video).m4a
2025-10-18T17:54:18 ffmpeg/mov,mp4,m4a,3gp,3g2,mj2: stream 0, timescale not set
2025-10-18T17:54:18 update: added music/Siddhartha - Algún día.m4a
2025-10-18T17:54:18 update: added music/Joji - Gimme Love (Official Video).mp3
2025-10-18T17:54:18 ffmpeg/mov,mp4,m4a,3gp,3g2,mj2: stream 0, timescale not set
2025-10-18T17:54:18 update: added music/WOS - NO VA A BAJAR.m4a
2025-10-18T17:54:18 ffmpeg/mov,mp4,m4a,3gp,3g2,mj2: stream 0, timescale not set
2025-10-18T17:54:18 update: added music/Jason Mraz  - Have It All -Official Video-.m4a
2025-10-18T17:54:18 ffmpeg/mov,mp4,m4a,3gp,3g2,mj2: stream 0, timescale not set
2025-10-18T17:54:18 update: added music/AC-DC - Back In Black.m4a
2025-10-18T17:54:18 ffmpeg/mov,mp4,m4a,3gp,3g2,mj2: stream 0, timescale not set
2025-10-18T17:54:18 update: added music/J Balvin, Feid - Doblexxó (Official Video).m4a
2025-10-18T17:54:18 update: added music/LETTER - ARDE (Video Lyrics).m4a
2025-10-18T17:54:18 update: added music/Russ - Hard For Me (Official Audio)_256k.mp3
2025-10-18T17:54:18 ffmpeg/mov,mp4,m4a,3gp,3g2,mj2: stream 0, timescale not set
2025-10-18T17:54:18 update: added music/Meghan Trainor - NO.m4a
2025-10-18T17:54:18 update: added music/Xbox 360 Achievement Sound.wma
2025-10-18T17:54:18 update: added music/Russ - 10 Year Freestyle.m4a
2025-10-18T17:54:18 ffmpeg/mov,mp4,m4a,3gp,3g2,mj2: stream 0, timescale not set
2025-10-18T17:54:18 update: added music/Noche De Entierro.m4a
2025-10-18T17:54:18 ffmpeg/mov,mp4,m4a,3gp,3g2,mj2: stream 0, timescale not set
2025-10-18T17:54:18 update: added music/Tash Sultana - Notion (Official Audio).m4a
2025-10-18T17:54:18 ffmpeg/mov,mp4,m4a,3gp,3g2,mj2: stream 0, timescale not set
2025-10-18T17:54:18 update: added music/Born To Be Yours.m4a
2025-10-18T17:54:18 ffmpeg/mov,mp4,m4a,3gp,3g2,mj2: stream 0, timescale not set
2025-10-18T17:54:18 update: added music/Audioslave - Like a Stone (Official Video).m4a
2025-10-18T17:54:18 ffmpeg/mov,mp4,m4a,3gp,3g2,mj2: stream 0, timescale not set
2025-10-18T17:54:18 update: added music/Buttercup.m4a
2025-10-18T17:54:18 ffmpeg/mov,mp4,m4a,3gp,3g2,mj2: stream 0, timescale not set
2025-10-18T17:54:18 update: added music/A-Punk.m4a
2025-10-18T17:54:18 ffmpeg/mov,mp4,m4a,3gp,3g2,mj2: stream 0, timescale not set
2025-10-18T17:54:18 update: added music/Feid - SORRY 4 THAT MUCH (Official Video).m4a
2025-10-18T17:54:18 update: added music/The Score - Only One (Official Audio)_256k.mp3
2025-10-18T17:54:18 ffmpeg/mov,mp4,m4a,3gp,3g2,mj2: stream 0, timescale not set
2025-10-18T17:54:18 update: added music/Two Feet - Lost The Game (Lyric Video).m4a
2025-10-18T17:54:18 ffmpeg/mov,mp4,m4a,3gp,3g2,mj2: stream 0, timescale not set
2025-10-18T17:54:18 update: added music/ØRKA - phantom.m4a
2025-10-18T17:54:18 ffmpeg/mov,mp4,m4a,3gp,3g2,mj2: stream 0, timescale not set
2025-10-18T17:54:18 update: added music/JJD - Adventure -NCS Release-.m4a
2025-10-18T17:54:18 update: added music/In Time_256k.mp3
2025-10-18T17:54:18 ffmpeg/mov,mp4,m4a,3gp,3g2,mj2: stream 0, timescale not set
2025-10-18T17:54:18 update: added music/Helen Corry - Time.m4a
2025-10-18T17:54:18 update: added music/The Driver Era - A Kiss (Audio) _ The Driver Era_256k.mp3
2025-10-18T17:54:18 ffmpeg/mov,mp4,m4a,3gp,3g2,mj2: stream 0, timescale not set
2025-10-18T17:54:18 update: added music/Plan B - Por Que Te Demoras_  [Official Audio].m4a
2025-10-18T17:54:18 update: added music/Two Feet - Back Of My Mind (Español).m4a
2025-10-18T17:54:18 ffmpeg/mov,mp4,m4a,3gp,3g2,mj2: stream 0, timescale not set
2025-10-18T17:54:18 update: added music/Natalia Lafourcade - Lo Que Construimos.m4a
2025-10-18T17:54:18 ffmpeg/mov,mp4,m4a,3gp,3g2,mj2: stream 0, timescale not set
2025-10-18T17:54:18 update: added music/Bob Marley - Could you be loved - Lyrics.m4a
2025-10-18T17:54:18 ffmpeg/mov,mp4,m4a,3gp,3g2,mj2: stream 0, timescale not set
2025-10-18T17:54:18 update: added music/Audioslave - Your Time Has Come.m4a
2025-10-18T17:54:18 update: added music/Calle 13 - Muerte En Hawaii (Audio).m4a
2025-10-18T17:54:18 ffmpeg/mov,mp4,m4a,3gp,3g2,mj2: stream 0, timescale not set
2025-10-18T17:54:18 update: added music/twenty one pilots- Stressed Out -OFFICIAL VIDEO-.m4a
2025-10-18T17:54:18 update: added music/Snowmine - Let Me In  - [Official] [HD]_256k.mp3
2025-10-18T17:54:18 update: added music/EDEN - Drowning ☼Español☼.m4a
2025-10-18T17:54:18 ffmpeg/mov,mp4,m4a,3gp,3g2,mj2: stream 0, timescale not set
2025-10-18T17:54:18 update: added music/AaRON - 2-22.m4a
2025-10-18T17:54:18 ffmpeg/mov,mp4,m4a,3gp,3g2,mj2: stream 0, timescale not set
2025-10-18T17:54:18 update: added music/Christian Nodal - Probablemente (Letra).m4a
2025-10-18T17:54:18 update: added music/Paulo Londra - Luces (Official Video).mp3
2025-10-18T17:54:18 update: added music/The Score - Enemies (Official Lyric Video).mp3
2025-10-18T17:54:18 update: added music/J. Balvin, Maria Becerra - Qué Más Pues_ (Official Video)_256k.mp3
2025-10-18T17:54:18 ffmpeg/mov,mp4,m4a,3gp,3g2,mj2: stream 0, timescale not set
2025-10-18T17:54:18 update: added music/The Chainsmokers & Coldplay - Something Just Like This (Lyric).m4a
2025-10-18T17:54:18 ffmpeg/mov,mp4,m4a,3gp,3g2,mj2: stream 0, timescale not set
2025-10-18T17:54:18 update: added music/Burn Out.m4a
2025-10-18T17:54:18 ffmpeg/mov,mp4,m4a,3gp,3g2,mj2: stream 0, timescale not set
2025-10-18T17:54:18 update: added music/The Fall.m4a
2025-10-18T17:54:18 ffmpeg/mov,mp4,m4a,3gp,3g2,mj2: stream 0, timescale not set
2025-10-18T17:54:18 update: added music/Bruno Mars - Grenade -OFFICIAL VIDEO-.m4a
2025-10-18T17:54:19 ffmpeg/mov,mp4,m4a,3gp,3g2,mj2: stream 0, timescale not set
2025-10-18T17:54:19 update: added music/Imagine Dragons - Thirty Lives (Audio).m4a
[src/libmpg123/id3.c:process_comment():591] error: No comment text / valid description?
2025-10-18T17:54:19 update: added music/AUD-20150903-WA0022.mp3
2025-10-18T17:54:19 ffmpeg/mov,mp4,m4a,3gp,3g2,mj2: stream 0, timescale not set
2025-10-18T17:54:19 update: added music/Mac DeMarco -- 'My Kind of Woman' (OFFICIAL VIDEO).m4a
2025-10-18T17:54:19 ffmpeg/mov,mp4,m4a,3gp,3g2,mj2: stream 0, timescale not set
2025-10-18T17:54:19 update: added music/It Comes Back To You.m4a
2025-10-18T17:54:19 ffmpeg/mov,mp4,m4a,3gp,3g2,mj2: stream 0, timescale not set
2025-10-18T17:54:19 update: added music/Green Day - 21 Guns -Official Music Video-.m4a
2025-10-18T17:54:19 update: added music/Dolphins_256k.mp3
2025-10-18T17:54:19 update: added music/Imagine Dragons - Bones (Official Lyric Video).mp3
2025-10-18T17:54:19 ffmpeg/mov,mp4,m4a,3gp,3g2,mj2: stream 0, timescale not set
2025-10-18T17:54:19 update: added music/Avicii - Waiting For Love.m4a
2025-10-18T17:54:19 ffmpeg/mov,mp4,m4a,3gp,3g2,mj2: stream 0, timescale not set
2025-10-18T17:54:19 update: added music/Cuando No Estás Conmigo - Camilo Séptimo (video oficial).m4a
2025-10-18T17:54:19 ffmpeg/mp3: Estimating duration from bitrate, this may be inaccurate
2025-10-18T17:54:19 update: added music/Selena Gomez - Good For You.m4a
2025-10-18T17:54:19 update: added music/The Score - Bulletproof (Audio) ft. XYLØ_256k.mp3
2025-10-18T17:54:19 ffmpeg/mov,mp4,m4a,3gp,3g2,mj2: stream 0, timescale not set
2025-10-18T17:54:19 update: added music/Interpol - Rest My Chemistry.m4a
2025-10-18T17:54:19 ffmpeg/mov,mp4,m4a,3gp,3g2,mj2: stream 0, timescale not set
2025-10-18T17:54:19 update: added music/Helen Corry - Divide.m4a
2025-10-18T17:54:19 update: added music/Bazzi feat. Camila Cabello - Beautiful (Official Video).m4a
2025-10-18T17:54:19 ffmpeg/mov,mp4,m4a,3gp,3g2,mj2: stream 0, timescale not set
2025-10-18T17:54:19 update: added music/Gorillaz - On Melancholy Hill (Official Video).m4a
2025-10-18T17:54:19 ffmpeg/mov,mp4,m4a,3gp,3g2,mj2: stream 0, timescale not set
2025-10-18T17:54:19 update: added music/Everybody Wants To Rule The World.m4a
2025-10-18T17:54:19 update: added music/Modestep - Sunlight (Official Video).m4a
2025-10-18T17:54:19 ffmpeg/mov,mp4,m4a,3gp,3g2,mj2: stream 0, timescale not set
2025-10-18T17:54:19 update: added music/Battle Cry.m4a
2025-10-18T17:54:19 ffmpeg/mov,mp4,m4a,3gp,3g2,mj2: stream 0, timescale not set
2025-10-18T17:54:19 update: added music/blackbear - something real - sub. español.m4a
2025-10-18T17:54:19 ffmpeg/mov,mp4,m4a,3gp,3g2,mj2: stream 0, timescale not set
2025-10-18T17:54:19 update: added music/Avionica - Desde Cero -Official Video-.m4a
2025-10-18T17:54:19 ffmpeg/mov,mp4,m4a,3gp,3g2,mj2: stream 0, timescale not set
2025-10-18T17:54:19 update: added music/The Temper Traps Sweet Disposition (Dulce Disposicion) Subtitulado Español 500 D.m4a
2025-10-18T17:54:19 ffmpeg/mov,mp4,m4a,3gp,3g2,mj2: stream 0, timescale not set
2025-10-18T17:54:19 update: added music/Jamiroquai Bee Gees Mashup - Pomplamoose.m4a
2025-10-18T17:54:19 ffmpeg/mov,mp4,m4a,3gp,3g2,mj2: stream 0, timescale not set
2025-10-18T17:54:19 update: added music/Razorlight - Golden Touch.m4a
2025-10-18T17:54:19 update: added music/3AM - Aquí Sigo (Video Oficial).mp3
2025-10-18T17:54:19 ffmpeg/mov,mp4,m4a,3gp,3g2,mj2: stream 0, timescale not set
2025-10-18T17:54:19 update: added music/SNOW PATROL-CHASING CARS SUBTITULADA EN ESPAÑOL.m4a
2025-10-18T17:54:19 update: added music/Simplex - Let Go -Dubstep-.m4a
2025-10-18T17:54:19 ffmpeg/mov,mp4,m4a,3gp,3g2,mj2: stream 0, timescale not set
2025-10-18T17:54:19 update: added music/Bazzi - BRB [Official Audio].m4a
2025-10-18T17:54:19 ffmpeg/mov,mp4,m4a,3gp,3g2,mj2: stream 0, timescale not set
2025-10-18T17:54:19 update: added music/Nothing Left To Say - Rocks.m4a
2025-10-18T17:54:19 update: added music/Moon Taxi - Red Hot Lights [Audio].mp3
2025-10-18T17:54:19 ffmpeg/mov,mp4,m4a,3gp,3g2,mj2: stream 0, timescale not set
2025-10-18T17:54:19 update: added music/Contigo.m4a
2025-10-18T17:54:19 ffmpeg/mov,mp4,m4a,3gp,3g2,mj2: stream 0, timescale not set
2025-10-18T17:54:19 update: added music/Sin ti estoy bien - Nanpa Básico (Audio).m4a
2025-10-18T17:54:19 ffmpeg/mov,mp4,m4a,3gp,3g2,mj2: stream 0, timescale not set
2025-10-18T17:54:19 update: added music/Charlie Puth - We Don't Talk Anymore (feat. Selena Gomez) -Official Video-.m4a
2025-10-18T17:54:19 ffmpeg/mov,mp4,m4a,3gp,3g2,mj2: stream 0, timescale not set
2025-10-18T17:54:19 update: added music/Taylor Swift - Gorgeous (Lyric Video).m4a
2025-10-18T17:54:19 ffmpeg/mov,mp4,m4a,3gp,3g2,mj2: stream 0, timescale not set
2025-10-18T17:54:19 update: added music/Imagine Dragons - Fallen.m4a
2025-10-18T17:54:19 ffmpeg/mov,mp4,m4a,3gp,3g2,mj2: stream 0, timescale not set
2025-10-18T17:54:19 update: added music/James Blunt - California -Official Lyric Video-.m4a
2025-10-18T17:54:19 ffmpeg/mov,mp4,m4a,3gp,3g2,mj2: stream 0, timescale not set
2025-10-18T17:54:19 update: added music/The Kooks - All The Time.m4a
2025-10-18T17:54:19 ffmpeg/mov,mp4,m4a,3gp,3g2,mj2: stream 0, timescale not set
2025-10-18T17:54:19 update: added music/Expectations.m4a
2025-10-18T17:54:19 ffmpeg/mov,mp4,m4a,3gp,3g2,mj2: stream 0, timescale not set
2025-10-18T17:54:19 update: added music/Kill Our Way to Heaven.m4a
2025-10-18T17:54:19 ffmpeg/mov,mp4,m4a,3gp,3g2,mj2: stream 0, timescale not set
2025-10-18T17:54:19 update: added music/Warriors 2014 Worlds Anthem _ Riot Games Collaboration with Imagine Dragons.m4a
2025-10-18T17:54:19 ffmpeg/mov,mp4,m4a,3gp,3g2,mj2: stream 0, timescale not set
2025-10-18T17:54:19 update: added music/Two Feet - Hurt People (feat. Madison Love) (Español).m4a
2025-10-18T17:54:19 update: added music/Aleman & Snow Tha Product - Te Va a Gustar (Video Oficial).mp3
2025-10-18T17:54:19 ffmpeg/mov,mp4,m4a,3gp,3g2,mj2: stream 0, timescale not set
2025-10-18T17:54:19 update: added music/Perfume De Gardenias.m4a
2025-10-18T17:54:19 ffmpeg/mov,mp4,m4a,3gp,3g2,mj2: stream 0, timescale not set
2025-10-18T17:54:19 update: added music/Sufjan Stevens - Mystery of Love (From 'Call Me By Your Name' Soundtrack).m4a
2025-10-18T17:54:19 ffmpeg/mov,mp4,m4a,3gp,3g2,mj2: stream 0, timescale not set
2025-10-18T17:54:19 update: added music/James Arthur - Can I Be Him.m4a
2025-10-18T17:54:19 ffmpeg/mov,mp4,m4a,3gp,3g2,mj2: stream 0, timescale not set
2025-10-18T17:54:19 update: added music/my strange addiction.m4a
2025-10-18T17:54:19 ffmpeg/mov,mp4,m4a,3gp,3g2,mj2: stream 0, timescale not set
2025-10-18T17:54:19 update: added music/Crawling (Official Video) - Linkin Park.m4a
2025-10-18T17:54:19 ffmpeg/mov,mp4,m4a,3gp,3g2,mj2: stream 0, timescale not set
2025-10-18T17:54:19 update: added music/Letting In.m4a
2025-10-18T17:54:19 ffmpeg/mov,mp4,m4a,3gp,3g2,mj2: stream 0, timescale not set
2025-10-18T17:54:19 update: added music/Apocalypse - Cigarettes After Sex.m4a
2025-10-18T17:54:19 ffmpeg/mov,mp4,m4a,3gp,3g2,mj2: stream 0, timescale not set
2025-10-18T17:54:19 update: added music/Asleep.m4a
2025-10-18T17:54:19 ffmpeg/mov,mp4,m4a,3gp,3g2,mj2: stream 0, timescale not set
2025-10-18T17:54:19 update: added music/Vance Joy - 'Riptide' Official Video.m4a
2025-10-18T17:54:19 ffmpeg/mov,mp4,m4a,3gp,3g2,mj2: stream 0, timescale not set
2025-10-18T17:54:19 update: added music/Taylor Swift - You're Not Sorry (Music Video)_low.m4a
2025-10-18T17:54:19 ffmpeg/mov,mp4,m4a,3gp,3g2,mj2: stream 0, timescale not set
2025-10-18T17:54:19 update: added music/TELEBIT - Ciegos Corazones (Video Oficial).m4a
2025-10-18T17:54:19 update: added music/3AM - Luna (Letra).mp3
2025-10-18T17:54:19 ffmpeg/mov,mp4,m4a,3gp,3g2,mj2: stream 0, timescale not set
2025-10-18T17:54:19 update: added music/Taylor Swift- I don't wanna live forever.m4a
2025-10-18T17:54:19 ffmpeg/mov,mp4,m4a,3gp,3g2,mj2: stream 0, timescale not set
2025-10-18T17:54:19 update: added music/Russ - My Baby (Ruby Rose).m4a
2025-10-18T17:54:19 update: added music/Julion Alvarez- Te hubieras ido antes.mp3
2025-10-18T17:54:19 update: added music/Bohnes - Middle Finger_256k.mp3
2025-10-18T17:54:19 ffmpeg/mov,mp4,m4a,3gp,3g2,mj2: stream 0, timescale not set
2025-10-18T17:54:19 update: added music/TALLEST MAN ON EARTH -- the dreamer.m4a
2025-10-18T17:54:19 ffmpeg/mov,mp4,m4a,3gp,3g2,mj2: stream 0, timescale not set
2025-10-18T17:54:19 update: added music/Billie Eilish - hostage (Audio).m4a
2025-10-18T17:54:19 update: added music/Nanpa Básico - No Es Mía (Video Oficial).mp3
2025-10-18T17:54:19 update: added music/Daddy Yankee x Bad Bunny - X Última Vez (Official Video).mp3
2025-10-18T17:54:19 ffmpeg/mov,mp4,m4a,3gp,3g2,mj2: stream 0, timescale not set
2025-10-18T17:54:19 update: added music/Jason Mraz - I'm Yours -Official Music Video-.m4a
2025-10-18T17:54:19 ffmpeg/mov,mp4,m4a,3gp,3g2,mj2: stream 0, timescale not set
2025-10-18T17:54:19 update: added music/Tyler The Creator - Yonkers.m4a
2025-10-18T17:54:19 ffmpeg/mov,mp4,m4a,3gp,3g2,mj2: stream 0, timescale not set
2025-10-18T17:54:19 update: added music/Start Over.m4a
2025-10-18T17:54:19 update: added music/Gata Fiera - Trebol Clan Ft. Héctor 'El Father', Joan.m4a
2025-10-18T17:54:19 ffmpeg/mov,mp4,m4a,3gp,3g2,mj2: stream 0, timescale not set
2025-10-18T17:54:19 update: added music/Imagine Dragons - Walking The Wire (Audio).m4a
2025-10-18T17:54:19 ffmpeg/mp3: Estimating duration from bitrate, this may be inaccurate
2025-10-18T17:54:19 update: added music/Selena Gomez - Kill Em With Kindness.m4a
2025-10-18T17:54:19 update: added music/The Score - The Fear (Audio)_256k.mp3
2025-10-18T17:54:19 ffmpeg/mov,mp4,m4a,3gp,3g2,mj2: stream 0, timescale not set
2025-10-18T17:54:19 update: added music/Don Omar - Danza Kuduro (Lyrics) ft. Lucenzo.m4a
2025-10-18T17:54:19 ffmpeg/mov,mp4,m4a,3gp,3g2,mj2: stream 0, timescale not set
2025-10-18T17:54:19 update: added music/Jeremy Zucker - all the kids are depressed (Audio).m4a
2025-10-18T17:54:19 update: added music/The Neighbourhood - Say My Name - Cry Me A River.m4a
2025-10-18T17:54:19 update: added music/ZAYDE WOLF - RULE THE WORLD (Official Audio)_256k.mp3
2025-10-18T17:54:19 update: added music/Taylor Swift Dear John Audio.mp3
2025-10-18T17:54:19 update: added music/Siddhartha - Domingo (Video Oficial) HD.mp3
2025-10-18T17:54:19 ffmpeg/mov,mp4,m4a,3gp,3g2,mj2: stream 0, timescale not set
2025-10-18T17:54:19 update: added music/Yes I'm Changing.m4a
2025-10-18T17:54:19 update: added music/ColBreakz - Gameboy.m4a
2025-10-18T17:54:19 update: added music/Bruno Mars - When I was your man.mp3
2025-10-18T17:54:19 ffmpeg/mov,mp4,m4a,3gp,3g2,mj2: stream 0, timescale not set
2025-10-18T17:54:19 update: added music/Canserbero - Tripolar.m4a
2025-10-18T17:54:19 ffmpeg/mov,mp4,m4a,3gp,3g2,mj2: stream 0, timescale not set
2025-10-18T17:54:19 update: added music/Intoxicados - 03 Nunca Quise (Otro día en el planeta Tierra).m4a
2025-10-18T17:54:19 update: added music/BLESSD ❌ OVY ON THE DRUMS - MÍRAME 💜👀 (VIDEO OFICIAL).m4a
2025-10-18T17:54:19 ffmpeg/mov,mp4,m4a,3gp,3g2,mj2: stream 0, timescale not set
2025-10-18T17:54:19 update: added music/We Never Change.m4a
2025-10-18T17:54:19 ffmpeg/mov,mp4,m4a,3gp,3g2,mj2: stream 0, timescale not set
2025-10-18T17:54:19 update: added music/Melanie Martinez - Training Wheels (Official Audio).m4a
2025-10-18T17:54:19 update: added music/DNCE - Cake By The Ocean.mp3
2025-10-18T17:54:19 update: added music/San Cisco - Fred Astaire.m4a
2025-10-18T17:54:19 ffmpeg/mov,mp4,m4a,3gp,3g2,mj2: stream 0, timescale not set
2025-10-18T17:54:19 update: added music/Lasso - Te Veo (Letra-Lyrics).m4a
2025-10-18T17:54:19 ffmpeg/mov,mp4,m4a,3gp,3g2,mj2: stream 0, timescale not set
2025-10-18T17:54:19 update: added music/Polaroid.m4a
2025-10-18T17:54:19 ffmpeg/mov,mp4,m4a,3gp,3g2,mj2: stream 0, timescale not set
2025-10-18T17:54:19 update: added music/Grupo Firme -  Lenin Ramírez - En Tu Perra Vida  (Video Oficial).m4a
2025-10-18T17:54:19 ffmpeg/mov,mp4,m4a,3gp,3g2,mj2: stream 0, timescale not set
2025-10-18T17:54:19 update: added music/MESITA - NO SOY YO.m4a
2025-10-18T17:54:19 update: added music/Monsters With Tiny Mustaches - Freedom (Different Heaven Remix).m4a
2025-10-18T17:54:19 ffmpeg/mov,mp4,m4a,3gp,3g2,mj2: stream 0, timescale not set
2025-10-18T17:54:19 update: added music/Bleeding Out.m4a
2025-10-18T17:54:19 ffmpeg/mov,mp4,m4a,3gp,3g2,mj2: stream 0, timescale not set
2025-10-18T17:54:19 update: added music/Trouble - Imagine Dragons (Audio).m4a
2025-10-18T17:54:19 ffmpeg/mov,mp4,m4a,3gp,3g2,mj2: stream 0, timescale not set
2025-10-18T17:54:19 update: added music/Come and Get Your Love.m4a
2025-10-18T17:54:19 ffmpeg/mov,mp4,m4a,3gp,3g2,mj2: stream 0, timescale not set
2025-10-18T17:54:19 update: added music/No Quise - Jósean Log.m4a
2025-10-18T17:54:19 ffmpeg/mov,mp4,m4a,3gp,3g2,mj2: stream 0, timescale not set
2025-10-18T17:54:19 update: added music/Radiohead – Go Slowly.m4a
2025-10-18T17:54:19 ffmpeg/mov,mp4,m4a,3gp,3g2,mj2: stream 0, timescale not set
2025-10-18T17:54:19 update: added music/El Cuarteto de Nos - Punta Cana (Official Video).m4a
2025-10-18T17:54:19 update: added music/Eso Y Mas_HD.m4a
2025-10-18T17:54:19 ffmpeg/mov,mp4,m4a,3gp,3g2,mj2: stream 0, timescale not set
2025-10-18T17:54:19 update: added music/Crecer German Lo Que Te Amo  Video Oficial 2016.m4a
2025-10-18T17:54:19 ffmpeg/mov,mp4,m4a,3gp,3g2,mj2: stream 0, timescale not set
2025-10-18T17:54:19 update: added music/Na - Canserbero (Letra).m4a
2025-10-18T17:54:19 ffmpeg/mov,mp4,m4a,3gp,3g2,mj2: stream 0, timescale not set
2025-10-18T17:54:19 update: added music/Kansas - Dust in the Wind (Official Video).m4a
2025-10-18T17:54:19 ffmpeg/mov,mp4,m4a,3gp,3g2,mj2: stream 0, timescale not set
2025-10-18T17:54:19 update: added music/Residente - Desencuentro (Official Video) ft. Soko.m4a
2025-10-18T17:54:19 ffmpeg/mov,mp4,m4a,3gp,3g2,mj2: stream 0, timescale not set
2025-10-18T17:54:19 update: added music/Blackbear - Deadroses (Español).m4a
2025-10-18T17:54:19 ffmpeg/mov,mp4,m4a,3gp,3g2,mj2: stream 0, timescale not set
2025-10-18T17:54:19 update: added music/No te Apures (Remix) Caliajah Ft. Nanpa Básico.m4a
2025-10-18T17:54:19 ffmpeg/mov,mp4,m4a,3gp,3g2,mj2: stream 0, timescale not set
2025-10-18T17:54:19 update: added music/Bazzi - Star (Sub. Español).m4a
2025-10-18T17:54:19 ffmpeg/mov,mp4,m4a,3gp,3g2,mj2: stream 0, timescale not set
2025-10-18T17:54:19 update: added music/Odisseo Días de Fuego (video con letra).m4a
2025-10-18T17:54:19 ffmpeg/mov,mp4,m4a,3gp,3g2,mj2: stream 0, timescale not set
2025-10-18T17:54:19 update: added music/Barro tal vez (Luis Alberto Spinetta)- Cande Buasso-Paulo Carrizo.m4a
2025-10-18T17:54:19 update: added music/Me Gustas Natural.mp3
2025-10-18T17:54:19 ffmpeg/mov,mp4,m4a,3gp,3g2,mj2: stream 0, timescale not set
2025-10-18T17:54:19 update: added music/No You Girls.m4a
2025-10-18T17:54:19 update: added music/Los Pericos-Pupilas lejanas.m4a
2025-10-18T17:54:19 ffmpeg/mov,mp4,m4a,3gp,3g2,mj2: stream 0, timescale not set
2025-10-18T17:54:19 update: added music/Giant Rooks - New Estate.m4a
2025-10-18T17:54:19 ffmpeg/mov,mp4,m4a,3gp,3g2,mj2: stream 0, timescale not set
2025-10-18T17:54:19 update: added music/Siddhartha - El poema y la caja (Audio Oficial).m4a
2025-10-18T17:54:19 ffmpeg/mov,mp4,m4a,3gp,3g2,mj2: stream 0, timescale not set
2025-10-18T17:54:19 update: added music/Queen - Another One Bites the Dust (Official Video).m4a
2025-10-18T17:54:19 ffmpeg/mov,mp4,m4a,3gp,3g2,mj2: stream 0, timescale not set
2025-10-18T17:54:19 update: added music/Foster The People - Imagination (Official Audio).m4a
2025-10-18T17:54:19 update: added music/And That - Somewhere (Official Music Video).m4a
2025-10-18T17:54:19 ffmpeg/mov,mp4,m4a,3gp,3g2,mj2: stream 0, timescale not set
2025-10-18T17:54:19 update: added music/Imagine Dragons - Levitate (Audio).m4a
2025-10-18T17:54:19 update: added music/Yami Safdie, Micro TDH, Rusherking - De Nada (Remix) - [Video Oficial].mp3
2025-10-18T17:54:19 ffmpeg/mov,mp4,m4a,3gp,3g2,mj2: stream 0, timescale not set
2025-10-18T17:54:19 update: added music/Flaca - Nanpa Basico.m4a
2025-10-18T17:54:19 ffmpeg/mov,mp4,m4a,3gp,3g2,mj2: stream 0, timescale not set
2025-10-18T17:54:19 update: added music/Natti Natasha Ft. Ozuna - Criminal.m4a
2025-10-18T17:54:19 ffmpeg/mov,mp4,m4a,3gp,3g2,mj2: stream 0, timescale not set
2025-10-18T17:54:19 update: added music/Red Hot Chili Peppers - Snow (Hey Oh) (Official Music Video).m4a
2025-10-18T17:54:19 ffmpeg/mov,mp4,m4a,3gp,3g2,mj2: stream 0, timescale not set
2025-10-18T17:54:19 update: added music/Canserbero - Vida -Vida-.m4a
2025-10-18T17:54:19 ffmpeg/mov,mp4,m4a,3gp,3g2,mj2: stream 0, timescale not set
2025-10-18T17:54:19 update: added music/Russ - ALL TO YOU (Official Audio) ft. Kiana Ledé.m4a
2025-10-18T17:54:19 ffmpeg/mov,mp4,m4a,3gp,3g2,mj2: stream 0, timescale not set
2025-10-18T17:54:19 update: added music/Young Folks.m4a
2025-10-18T17:54:20 ffmpeg/mov,mp4,m4a,3gp,3g2,mj2: stream 0, timescale not set
2025-10-18T17:54:20 update: added music/Love.m4a
2025-10-18T17:54:20 ffmpeg/mov,mp4,m4a,3gp,3g2,mj2: stream 0, timescale not set
2025-10-18T17:54:20 update: added music/twenty one pilots- Goner (Audio).m4a
2025-10-18T17:54:20 ffmpeg/mov,mp4,m4a,3gp,3g2,mj2: stream 0, timescale not set
2025-10-18T17:54:20 update: added music/Imagine Dragons - Tokyo (Audio).m4a
2025-10-18T17:54:20 ffmpeg/mov,mp4,m4a,3gp,3g2,mj2: stream 0, timescale not set
2025-10-18T17:54:20 update: added music/Pepe Aguilar - Miedo De Sentirme Solo.m4a
2025-10-18T17:54:20 ffmpeg/mov,mp4,m4a,3gp,3g2,mj2: stream 0, timescale not set
2025-10-18T17:54:20 update: added music/Mutemath - Typical (Video).m4a
2025-10-18T17:54:20 ffmpeg/mov,mp4,m4a,3gp,3g2,mj2: stream 0, timescale not set
2025-10-18T17:54:20 update: added music/Charlie Puth - Done For Me (feat. Kehlani) -Official Lyric Video-.m4a
2025-10-18T17:54:20 ffmpeg/mov,mp4,m4a,3gp,3g2,mj2: stream 0, timescale not set
2025-10-18T17:54:20 update: added music/Little Jesus - Azul ( Video con Letra ).m4a
2025-10-18T17:54:20 ffmpeg/mov,mp4,m4a,3gp,3g2,mj2: stream 0, timescale not set
2025-10-18T17:54:20 update: added music/Soda.m4a
2025-10-18T17:54:20 ffmpeg/mov,mp4,m4a,3gp,3g2,mj2: stream 0, timescale not set
2025-10-18T17:54:20 update: added music/Carla Morrison - Todo pasa (letra).m4a
2025-10-18T17:54:20 ffmpeg/mov,mp4,m4a,3gp,3g2,mj2: stream 0, timescale not set
2025-10-18T17:54:20 update: added music/Zafar - La Vela Puerca.m4a
2025-10-18T17:54:20 update: added music/Logic & Rag'n'Bone Man - Broken People (from Bright- The Album) [Official Lyric .mp3
2025-10-18T17:54:20 ffmpeg/mov,mp4,m4a,3gp,3g2,mj2: stream 0, timescale not set
2025-10-18T17:54:20 update: added music/LP - Lost On You [Audio].m4a
2025-10-18T17:54:20 update: added music/Agosto - Bad bunny.mp3
2025-10-18T17:54:20 ffmpeg/mov,mp4,m4a,3gp,3g2,mj2: stream 0, timescale not set
2025-10-18T17:54:20 update: added music/Trueno - TRANKY FUNKY (Official Video).m4a
2025-10-18T17:54:20 ffmpeg/mov,mp4,m4a,3gp,3g2,mj2: stream 0, timescale not set
2025-10-18T17:54:20 update: added music/Por Fumar - Fyahbwoy A.k.a El Chico De Fuego.m4a
2025-10-18T17:54:20 ffmpeg/mov,mp4,m4a,3gp,3g2,mj2: stream 0, timescale not set
2025-10-18T17:54:20 update: added music/Interpol - Evil (HD).m4a
2025-10-18T17:54:20 update: added music/TSLAMP.mp3
2025-10-18T17:54:20 ffmpeg/sami: Format sami detected only with low score of 1, misdetection possible!
2025-10-18T17:54:20 update: added music/Micro TDH - Volver (@TweetCancion).mp3
2025-10-18T17:54:20 ffmpeg/mov,mp4,m4a,3gp,3g2,mj2: stream 0, timescale not set
2025-10-18T17:54:20 update: added music/Bazzi - Myself (Sub. Español).m4a
2025-10-18T17:54:20 update: added music/The Score - Comeback (Audio)_256k.mp3
2025-10-18T17:54:20 ffmpeg/mov,mp4,m4a,3gp,3g2,mj2: stream 0, timescale not set
2025-10-18T17:54:20 update: added music/Torreblanca - Roma.m4a
2025-10-18T17:54:20 ffmpeg/mov,mp4,m4a,3gp,3g2,mj2: stream 0, timescale not set
2025-10-18T17:54:20 update: added music/In The End (Official Video) - Linkin Park.m4a
2025-10-18T17:54:20 ffmpeg/mov,mp4,m4a,3gp,3g2,mj2: stream 0, timescale not set
2025-10-18T17:54:20 update: added music/Canserbero - Maquiavélico (VIDEO OFICIAL).m4a
2025-10-18T17:54:20 ffmpeg/mov,mp4,m4a,3gp,3g2,mj2: stream 0, timescale not set
2025-10-18T17:54:20 update: added music/The Neighbourhood - Sweater Weather.m4a
2025-10-18T17:54:20 ffmpeg/mov,mp4,m4a,3gp,3g2,mj2: stream 0, timescale not set
2025-10-18T17:54:20 update: added music/Tove Lo - Habits (Stay High).m4a
2025-10-18T17:54:20 ffmpeg/mov,mp4,m4a,3gp,3g2,mj2: stream 0, timescale not set
2025-10-18T17:54:20 update: added music/Taylor Swift- Style.m4a
2025-10-18T17:54:20 update: added music/Born for this • The Score _ Letra en español - inglés_256k.mp3
2025-10-18T17:54:20 update: added music/The Score - Revolution (Official Audio)_256k.mp3
2025-10-18T17:54:20 ffmpeg/mov,mp4,m4a,3gp,3g2,mj2: stream 0, timescale not set
2025-10-18T17:54:20 update: added music/BLANKO X YUBEILI - Mientes Tan Bien Remix (Official Music Video).m4a
2025-10-18T17:54:20 ffmpeg/mov,mp4,m4a,3gp,3g2,mj2: stream 0, timescale not set
2025-10-18T17:54:20 update: added music/She.m4a
2025-10-18T17:54:20 ffmpeg/mov,mp4,m4a,3gp,3g2,mj2: stream 0, timescale not set
2025-10-18T17:54:20 update: added music/Tiptoe.m4a
2025-10-18T17:54:20 ffmpeg/mov,mp4,m4a,3gp,3g2,mj2: stream 0, timescale not set
2025-10-18T17:54:20 update: added music/Interstellar Main Theme - Extra Extended - Soundtrack by  Hans Zimmer.m4a
2025-10-18T17:54:20 ffmpeg/mov,mp4,m4a,3gp,3g2,mj2: stream 0, timescale not set
2025-10-18T17:54:20 update: added music/FKJ - So Much to Me.m4a
2025-10-18T17:54:20 ffmpeg/mov,mp4,m4a,3gp,3g2,mj2: stream 0, timescale not set
2025-10-18T17:54:20 update: added music/Bad Liar.m4a
2025-10-18T17:54:20 ffmpeg/mov,mp4,m4a,3gp,3g2,mj2: stream 0, timescale not set
2025-10-18T17:54:20 update: added music/Jaymes Young - Habits Of My Heart _ Sub Español.m4a
2025-10-18T17:54:20 update: added music/The Score - Higher (Official Audio)_256k.mp3
2025-10-18T17:54:20 update: added music/Mala Fama.mp3
2025-10-18T17:54:20 ffmpeg/mov,mp4,m4a,3gp,3g2,mj2: stream 0, timescale not set
2025-10-18T17:54:20 update: added music/The strokes - someday subtitulado en español & lyrics.m4a
2025-10-18T17:54:20 ffmpeg/mov,mp4,m4a,3gp,3g2,mj2: stream 0, timescale not set
2025-10-18T17:54:20 update: added music/Ed Sheeran - Shape Of You -Official Lyric Video-.m4a
2025-10-18T17:54:20 ffmpeg/mov,mp4,m4a,3gp,3g2,mj2: stream 0, timescale not set
2025-10-18T17:54:20 update: added music/Una Lady Como Tú - MTZ Manuel Turizo _ Video Oficial.m4a
2025-10-18T17:54:20 ffmpeg/mov,mp4,m4a,3gp,3g2,mj2: stream 0, timescale not set
2025-10-18T17:54:20 update: added music/Roderick Porter - ghost (ft. Ivri) [prod. ocean].m4a
2025-10-18T17:54:20 update: added music/AJR - BANG! (Official Video).mp3
2025-10-18T17:54:20 update: added music/WOS - CONTANDO OVEJAS (Concept Video).mp3
2025-10-18T17:54:20 ffmpeg/mov,mp4,m4a,3gp,3g2,mj2: stream 0, timescale not set
2025-10-18T17:54:20 update: added music/Halsey, Alanis Morissette - Alanis' Interlude (Visualizer).m4a
2025-10-18T17:54:20 ffmpeg/mov,mp4,m4a,3gp,3g2,mj2: stream 0, timescale not set
2025-10-18T17:54:20 update: added music/Queen - I Want To Break Free (Official Video).m4a
2025-10-18T17:54:20 ffmpeg/mov,mp4,m4a,3gp,3g2,mj2: stream 0, timescale not set
2025-10-18T17:54:20 update: added music/Maria Becerra - Dime Como Hago (Official Audio).m4a
2025-10-18T17:54:20 ffmpeg/mov,mp4,m4a,3gp,3g2,mj2: stream 0, timescale not set
2025-10-18T17:54:20 update: added music/Summer's Gone (feat. Thutmose).m4a
2025-10-18T17:54:20 update: added music/Joji - Normal People (ft. rei brown) (Official Audio).mp3
2025-10-18T17:54:20 ffmpeg/mov,mp4,m4a,3gp,3g2,mj2: stream 0, timescale not set
2025-10-18T17:54:20 update: added music/Borralo - Lil Supa (Buena Calidad).m4a
2025-10-18T17:54:20 update: added music/WOS - FRESCO.mp3
2025-10-18T17:54:20 ffmpeg/mov,mp4,m4a,3gp,3g2,mj2: stream 0, timescale not set
2025-10-18T17:54:20 update: added music/Julianno Sosa -Cochinae X King Savagge (Video official).m4a
2025-10-18T17:54:20 ffmpeg/mov,mp4,m4a,3gp,3g2,mj2: stream 0, timescale not set
2025-10-18T17:54:20 update: added music/Eminem - The Real Slim Shady (Edited).m4a
2025-10-18T17:54:20 ffmpeg/mov,mp4,m4a,3gp,3g2,mj2: stream 0, timescale not set
2025-10-18T17:54:20 update: added music/Shawn Mendes, Camila Cabello - Señorita (Lyric Video).m4a
2025-10-18T17:54:20 ffmpeg/mov,mp4,m4a,3gp,3g2,mj2: stream 0, timescale not set
2025-10-18T17:54:20 update: added music/Stuck on the puzzle.m4a
2025-10-18T17:54:20 ffmpeg/mov,mp4,m4a,3gp,3g2,mj2: stream 0, timescale not set
2025-10-18T17:54:20 update: added music/KOKO (video oficial VALIENTE ).m4a
2025-10-18T17:54:20 ffmpeg/mov,mp4,m4a,3gp,3g2,mj2: stream 0, timescale not set
2025-10-18T17:54:20 update: added music/Jósean Log - Chachachá (Lyric Video).m4a
2025-10-18T17:54:20 ffmpeg/mov,mp4,m4a,3gp,3g2,mj2: stream 0, timescale not set
2025-10-18T17:54:20 update: added music/Trueno - THE ROOF IS ON FIRE (Visualizer).m4a
2025-10-18T17:54:20 ffmpeg/mov,mp4,m4a,3gp,3g2,mj2: stream 0, timescale not set
2025-10-18T17:54:20 update: added music/Tipling Rock - Campus Fashion [Official Audio].m4a
2025-10-18T17:54:20 ffmpeg/mov,mp4,m4a,3gp,3g2,mj2: stream 0, timescale not set
2025-10-18T17:54:20 update: added music/Spag Heddy & Anna Yvette - Hide.m4a
2025-10-18T17:54:20 ffmpeg/mov,mp4,m4a,3gp,3g2,mj2: stream 0, timescale not set
2025-10-18T17:54:20 update: added music/Sultan of Schwinn.m4a
2025-10-18T17:54:20 ffmpeg/mov,mp4,m4a,3gp,3g2,mj2: stream 0, timescale not set
2025-10-18T17:54:20 update: added music/Jaymes Young - Stone _ Sub Español.m4a
2025-10-18T17:54:20 ffmpeg/mov,mp4,m4a,3gp,3g2,mj2: stream 0, timescale not set
2025-10-18T17:54:20 update: added music/The Less I Know The Better.m4a
2025-10-18T17:54:20 ffmpeg/mov,mp4,m4a,3gp,3g2,mj2: stream 0, timescale not set
2025-10-18T17:54:20 update: added music/Bazzi - Fantasy [Official Audio].m4a
2025-10-18T17:54:20 ffmpeg/mov,mp4,m4a,3gp,3g2,mj2: stream 0, timescale not set
2025-10-18T17:54:20 update: added music/The Neighbourhood - Middle of Somewhere.m4a
2025-10-18T17:54:20 ffmpeg/mov,mp4,m4a,3gp,3g2,mj2: stream 0, timescale not set
2025-10-18T17:54:20 update: added music/twenty one pilots - Smithereens (Official Audio).m4a
2025-10-18T17:54:20 ffmpeg/mov,mp4,m4a,3gp,3g2,mj2: stream 0, timescale not set
2025-10-18T17:54:20 update: added music/Seafret - Oceans (Traducida al Español).m4a
2025-10-18T17:54:20 update: added music/Imagine Dragons - Continual (Official Lyric Video) ft. Cory Henry.mp3
2025-10-18T17:54:20 ffmpeg/mov,mp4,m4a,3gp,3g2,mj2: stream 0, timescale not set
2025-10-18T17:54:20 update: added music/OMFG - Hello.m4a
2025-10-18T17:54:20 update: added music/The Score - Never Going Back (Official Audio)_256k.mp3
2025-10-18T17:54:20 ffmpeg/mov,mp4,m4a,3gp,3g2,mj2: stream 0, timescale not set
2025-10-18T17:54:20 update: added music/-Electro Swing- Jazzotron - Let's Go - Jamie Berry Remix - feat. Sofija Knezevic.m4a
2025-10-18T17:54:20 ffmpeg/mov,mp4,m4a,3gp,3g2,mj2: stream 0, timescale not set
2025-10-18T17:54:20 update: added music/Halsey - Nightmare.m4a
2025-10-18T17:54:20 ffmpeg/mov,mp4,m4a,3gp,3g2,mj2: stream 0, timescale not set
2025-10-18T17:54:20 update: added music/Interpol - Everything Is Wrong.m4a
2025-10-18T17:54:20 ffmpeg/mov,mp4,m4a,3gp,3g2,mj2: stream 0, timescale not set
2025-10-18T17:54:20 update: added music/Bruno Mars - That’s What I Like -Official Video-.m4a
2025-10-18T17:54:20 ffmpeg/mov,mp4,m4a,3gp,3g2,mj2: stream 0, timescale not set
2025-10-18T17:54:20 update: added music/The Neighbourhood - Nervous (Audio).m4a
2025-10-18T17:54:20 ffmpeg/mov,mp4,m4a,3gp,3g2,mj2: stream 0, timescale not set
2025-10-18T17:54:20 update: added music/Lady Antebellum - Need You Now.m4a
2025-10-18T17:54:20 ffmpeg/mov,mp4,m4a,3gp,3g2,mj2: stream 0, timescale not set
2025-10-18T17:54:20 update: added music/Hablame De Ti.m4a
2025-10-18T17:54:20 ffmpeg/mov,mp4,m4a,3gp,3g2,mj2: stream 0, timescale not set
2025-10-18T17:54:20 update: added music/Billie Eilish - bury a friend (Audio).m4a
2025-10-18T17:54:20 ffmpeg/mov,mp4,m4a,3gp,3g2,mj2: stream 0, timescale not set
2025-10-18T17:54:20 update: added music/A Great Big World - Hold Each Other (Lyric Video) ft. Futuristic.m4a
2025-10-18T17:54:20 ffmpeg/mov,mp4,m4a,3gp,3g2,mj2: stream 0, timescale not set
2025-10-18T17:54:20 update: added music/Billie Eilish - Six Feet Under.m4a
2025-10-18T17:54:20 update: added music/RVFV - Mi Luz ft. Rels B.mp3
2025-10-18T17:54:20 ffmpeg/mov,mp4,m4a,3gp,3g2,mj2: stream 0, timescale not set
2025-10-18T17:54:20 update: added music/Radiohead - High & Dry.m4a
2025-10-18T17:54:20 ffmpeg/mov,mp4,m4a,3gp,3g2,mj2: stream 0, timescale not set
2025-10-18T17:54:20 update: added music/I’m So Sorry(1).m4a
2025-10-18T17:54:20 update: added music/Cazzu, Justin Quiles - Dime Dónde.mp3
2025-10-18T17:54:20 ffmpeg/mov,mp4,m4a,3gp,3g2,mj2: stream 0, timescale not set
2025-10-18T17:54:20 update: added music/FKJ - Instant Need.m4a
2025-10-18T17:54:20 update: added music/Tiago PZK, LIT killah, Maria Becerra, Nicki Nicole - Entre Nosotros REMIX (Video.mp3
2025-10-18T17:54:20 ffmpeg/mov,mp4,m4a,3gp,3g2,mj2: stream 0, timescale not set
2025-10-18T17:54:20 update: added music/Maria Becerra - Dejemos Que Pase (Video Oficial).m4a
2025-10-18T17:54:20 update: added music/Bad Bunny - Yo No Soy Celoso (Audio).mp3
2025-10-18T17:54:20 update: added music/DANI __ BZRP Music Sessions @24.mp3
2025-10-18T17:54:20 ffmpeg/mov,mp4,m4a,3gp,3g2,mj2: stream 0, timescale not set
2025-10-18T17:54:20 update: added music/Se Preparo.m4a
2025-10-18T17:54:20 ffmpeg/mov,mp4,m4a,3gp,3g2,mj2: stream 0, timescale not set
2025-10-18T17:54:20 update: added music/Imagine Dragons - Drive (Audio).m4a
2025-10-18T17:54:20 ffmpeg/mov,mp4,m4a,3gp,3g2,mj2: stream 0, timescale not set
2025-10-18T17:54:20 update: added music/Queens Of The Stone Age - No One Knows.m4a
2025-10-18T17:54:20 ffmpeg/mov,mp4,m4a,3gp,3g2,mj2: stream 0, timescale not set
2025-10-18T17:54:20 update: added music/Lázaro Cristóbal Comala (con Axel Catalán) - Cuando te hagan mierda.m4a
2025-10-18T17:54:20 ffmpeg/mov,mp4,m4a,3gp,3g2,mj2: stream 0, timescale not set
2025-10-18T17:54:20 update: added music/Salió El Sol (Remastered 2016).m4a
2025-10-18T17:54:20 ffmpeg/mov,mp4,m4a,3gp,3g2,mj2: stream 0, timescale not set
2025-10-18T17:54:20 update: added music/Oasis - Stop Crying Your Heart Out.m4a
2025-10-18T17:54:20 ffmpeg/mov,mp4,m4a,3gp,3g2,mj2: stream 0, timescale not set
2025-10-18T17:54:20 update: added music/Emilia - Exclusive.mp3 (Visualizer).m4a
2025-10-18T17:54:20 update: added music/James Arthur - Beat The Bullies (Live).m4a
2025-10-18T17:54:20 update: added music/WOS ft CA7RIEL - NIÑO GORDO FLACO (Concept Video).mp3
2025-10-18T17:54:20 ffmpeg/mov,mp4,m4a,3gp,3g2,mj2: stream 0, timescale not set
2025-10-18T17:54:20 update: added music/Vázquez Sounds - Volverte a Ver ft. Marcos Menchaca (Video Oficial).m4a
2025-10-18T17:54:20 update: added music/The Score - Victorious (Official Lyric Video)_256k.mp3
2025-10-18T17:54:20 ffmpeg/mov,mp4,m4a,3gp,3g2,mj2: stream 0, timescale not set
2025-10-18T17:54:20 update: added music/James Blunt - Into The Dark (Sub Español).m4a
2025-10-18T17:54:20 ffmpeg/mov,mp4,m4a,3gp,3g2,mj2: stream 0, timescale not set
2025-10-18T17:54:20 update: added music/Little Jesus - Los Años Maravillosos.m4a
2025-10-18T17:54:20 ffmpeg/mov,mp4,m4a,3gp,3g2,mj2: stream 0, timescale not set
2025-10-18T17:54:20 update: added music/Lana Del Rey - Summertime Sadness.m4a
2025-10-18T17:54:20 ffmpeg/mov,mp4,m4a,3gp,3g2,mj2: stream 0, timescale not set
2025-10-18T17:54:20 update: added music/Bad Bunny - UN PREVIEW (Letra).m4a
2025-10-18T17:54:20 ffmpeg/mov,mp4,m4a,3gp,3g2,mj2: stream 0, timescale not set
2025-10-18T17:54:20 update: added music/Oasis - Half The World Away (Official Lyric Video).m4a
2025-10-18T17:54:20 update: added music/NUEVO VS CLÁSICO _ ZARCORT, PORTA, PITER-G _ ULTIMA PARTE DEL ESPECIAL.m4a
2025-10-18T17:54:20 ffmpeg/mov,mp4,m4a,3gp,3g2,mj2: stream 0, timescale not set
2025-10-18T17:54:20 update: added music/Calibre 50 - Si Te Pudiera Mentir (LETRA).m4a
2025-10-18T17:54:20 ffmpeg/mov,mp4,m4a,3gp,3g2,mj2: stream 0, timescale not set
2025-10-18T17:54:20 update: added music/Twenty One Pilots- Cancer.m4a
2025-10-18T17:54:20 ffmpeg/sami: Format sami detected only with low score of 1, misdetection possible!
2025-10-18T17:54:20 update: added music/Trueno - FUCK EL POLICE.mp3
2025-10-18T17:54:20 update: added music/Bad Bunny - Un Ratito (360° Visualizer) _ Un Verano Sin Ti.mp3
2025-10-18T17:54:20 update: added music/Calibre 50 - Siempre te voy a querer (Letra) (Lyrics).mp3
2025-10-18T17:54:20 ffmpeg/mov,mp4,m4a,3gp,3g2,mj2: stream 0, timescale not set
2025-10-18T17:54:20 update: added music/Únicos.m4a
2025-10-18T17:54:20 ffmpeg/mov,mp4,m4a,3gp,3g2,mj2: stream 0, timescale not set
2025-10-18T17:54:20 update: added music/OPUS - Live Is Life - Original Video 1985.m4a
2025-10-18T17:54:20 ffmpeg/mov,mp4,m4a,3gp,3g2,mj2: stream 0, timescale not set
2025-10-18T17:54:20 update: added music/Mon Laferte- FLACO (Letra).m4a
2025-10-18T17:54:20 update: added music/Mike Stud - These Days (starring- Marcus Stroman).mp3
2025-10-18T17:54:20 ffmpeg/mov,mp4,m4a,3gp,3g2,mj2: stream 0, timescale not set
2025-10-18T17:54:20 update: added music/Bloodstream (Quartet Session).m4a
2025-10-18T17:54:20 ffmpeg/mov,mp4,m4a,3gp,3g2,mj2: Format mov,mp4,m4a,3gp,3g2,mj2 detected only with low score of 1, misdetection possible!
2025-10-18T17:54:20 ffmpeg/mov,mp4,m4a,3gp,3g2,mj2: moov atom not found
2025-10-18T17:54:21 ffmpeg/mov,mp4,m4a,3gp,3g2,mj2: stream 0, timescale not set
2025-10-18T17:54:21 update: added music/Two Feet - Love Is A Bitch _ Sub Español.m4a
2025-10-18T17:54:21 ffmpeg/mov,mp4,m4a,3gp,3g2,mj2: stream 0, timescale not set
2025-10-18T17:54:21 update: added music/Alan Walker - Alone.m4a
2025-10-18T17:54:21 ffmpeg/mov,mp4,m4a,3gp,3g2,mj2: stream 0, timescale not set
2025-10-18T17:54:21 update: added music/RASPUTIN - Vladimir Putin - Love The Way You Move (Funk Overload) @slocband.m4a
2025-10-18T17:54:21 ffmpeg/mov,mp4,m4a,3gp,3g2,mj2: stream 0, timescale not set
2025-10-18T17:54:21 update: added music/León Larregui - Rue Vieille Du Temple (Lyric Video).m4a
2025-10-18T17:54:21 ffmpeg/mov,mp4,m4a,3gp,3g2,mj2: stream 0, timescale not set
2025-10-18T17:54:21 update: added music/Aaron - Lost Highway.m4a
2025-10-18T17:54:21 ffmpeg/mov,mp4,m4a,3gp,3g2,mj2: stream 0, timescale not set
2025-10-18T17:54:21 update: added music/La Arrolladora Banda El Limón De René Camacho - El Final De Nuestra Historia.m4a
2025-10-18T17:54:21 ffmpeg/mov,mp4,m4a,3gp,3g2,mj2: stream 0, timescale not set
2025-10-18T17:54:21 update: added music/Canserbero - Mundo De Piedra (Video Oficial).m4a
2025-10-18T17:54:21 update: added music/Farruko - Pepas (Audio).mp3
2025-10-18T17:54:21 update: added music/Ambitionz Az A Ridah.mp3
2025-10-18T17:54:21 update: added music/Bad Bunny - Yonaguni (Video Oficial).mp3
2025-10-18T17:54:21 ffmpeg/mov,mp4,m4a,3gp,3g2,mj2: stream 0, timescale not set
2025-10-18T17:54:21 update: added music/Charlie Puth - Marvin Gaye ft. Meghan Trainor -Official Video-.m4a
2025-10-18T17:54:21 update: added music/Mientes tan bien.mp3
2025-10-18T17:54:21 update: added music/Avril Lavigne - Let Me Go ft. Chad Kroeger.m4a
2025-10-18T17:54:21 update: added music/Don Omar - 'Soy Yo' feat. Wisin & Gente De Zona.mp3
2025-10-18T17:54:21 ffmpeg/mov,mp4,m4a,3gp,3g2,mj2: stream 0, timescale not set
2025-10-18T17:54:21 update: added music/Kygo, Imagine Dragons - Born To Be Yours.m4a
2025-10-18T17:54:21 ffmpeg/mov,mp4,m4a,3gp,3g2,mj2: stream 0, timescale not set
2025-10-18T17:54:21 update: added music/I Belong To You --Mon Coeur S'Ouvre A Ta Voix-.m4a
2025-10-18T17:54:21 update: added music/Imagine Dragons - Take It Easy (Official Lyric Video).mp3
2025-10-18T17:54:21 update: added music/3AM - Si Caigo (Video Oficial) _ Flow City.mp3
2025-10-18T17:54:21 ffmpeg/mov,mp4,m4a,3gp,3g2,mj2: stream 0, timescale not set
2025-10-18T17:54:21 update: added music/Guns N' Roses - Sweet Child O' Mine.m4a
2025-10-18T17:54:21 ffmpeg/mov,mp4,m4a,3gp,3g2,mj2: stream 0, timescale not set
2025-10-18T17:54:21 update: added music/Soundgarden   Black Hole Sun With Lyrics.m4a
2025-10-18T17:54:21 update: added music/Galantis- Pillow figth.m4a
2025-10-18T17:54:21 ffmpeg/mov,mp4,m4a,3gp,3g2,mj2: stream 0, timescale not set
2025-10-18T17:54:21 update: added music/Put It On Me.m4a
2025-10-18T17:54:21 ffmpeg/mov,mp4,m4a,3gp,3g2,mj2: stream 0, timescale not set
2025-10-18T17:54:21 update: added music/Run Away With Me - Carly Rae Jepsen (Traduccion en Español).m4a
2025-10-18T17:54:21 ffmpeg/mov,mp4,m4a,3gp,3g2,mj2: stream 0, timescale not set
2025-10-18T17:54:21 update: added music/DareU.mp4
2025-10-18T17:54:21 ffmpeg/mov,mp4,m4a,3gp,3g2,mj2: stream 0, timescale not set
2025-10-18T17:54:21 update: added music/FKJ - Leave My Home (Official Audio).m4a
2025-10-18T17:54:21 ffmpeg/mov,mp4,m4a,3gp,3g2,mj2: stream 0, timescale not set
2025-10-18T17:54:21 update: added music/Bazzi - Beautiful (Sub. Español).m4a
2025-10-18T17:54:21 update: added music/Eladio Carrión - Paz Mental (Video Oficial).mp3
2025-10-18T17:54:21 ffmpeg/mov,mp4,m4a,3gp,3g2,mj2: stream 0, timescale not set
2025-10-18T17:54:21 update: added music/Plug In Baby.m4a
2025-10-18T17:54:21 ffmpeg/mov,mp4,m4a,3gp,3g2,mj2: stream 0, timescale not set
2025-10-18T17:54:21 update: added music/06 - UNO POR ELLAS - APA Y CAN.m4a
2025-10-18T17:54:21 update: added music/LIT killah - La Trampa es Ley (Official Video).mp3
2025-10-18T17:54:21 ffmpeg/mov,mp4,m4a,3gp,3g2,mj2: stream 0, timescale not set
2025-10-18T17:54:21 update: added music/Billie Eilish, Vince Staples - &burn (Audio).m4a
2025-10-18T17:54:21 ffmpeg/mov,mp4,m4a,3gp,3g2,mj2: stream 0, timescale not set
2025-10-18T17:54:21 update: added music/Martin Garrix & Bebe Rexha - In The Name Of Love (Official Audio).m4a
2025-10-18T17:54:21 ffmpeg/mov,mp4,m4a,3gp,3g2,mj2: stream 0, timescale not set
2025-10-18T17:54:21 update: added music/Contento de Contento - Jósean Log.m4a
2025-10-18T17:54:21 update: added music/Beware of Darkness - Dope (Official Video)_256k.mp3
2025-10-18T17:54:21 ffmpeg/mov,mp4,m4a,3gp,3g2,mj2: stream 0, timescale not set
2025-10-18T17:54:21 update: added music/Azul.m4a
2025-10-18T17:54:21 update: added music/Starlight.mp3
2025-10-18T17:54:21 ffmpeg/mov,mp4,m4a,3gp,3g2,mj2: stream 0, timescale not set
2025-10-18T17:54:21 update: added music/Speak Now - Taylor Swift -Traducción al Español-_low.m4a
2025-10-18T17:54:21 update: added music/Stand Up.mp3
2025-10-18T17:54:21 ffmpeg/mov,mp4,m4a,3gp,3g2,mj2: stream 0, timescale not set
2025-10-18T17:54:21 update: added music/De Bruces A Mi - La Luna y El Mar.m4a
2025-10-18T17:54:21 update: added music/Twenty One Pilots- Ride.m4a
2025-10-18T17:54:21 ffmpeg/mov,mp4,m4a,3gp,3g2,mj2: stream 0, timescale not set
2025-10-18T17:54:21 update: added music/Billie Eilish - everything i wanted (Audio).m4a
2025-10-18T17:54:21 update: added music/Emilia, Tiago PZK - Rápido Lento (Official Video)_256k.mp3
2025-10-18T17:54:21 ffmpeg/mov,mp4,m4a,3gp,3g2,mj2: stream 0, timescale not set
2025-10-18T17:54:21 update: added music/Weirdo.m4a
2025-10-18T17:54:21 ffmpeg/mov,mp4,m4a,3gp,3g2,mj2: stream 0, timescale not set
2025-10-18T17:54:21 update: added music/Banda MS- Solo con verte.m4a
2025-10-18T17:54:21 update: added music/Imagine Dragons - Crushed (Official Lyric Video).mp3
2025-10-18T17:54:21 ffmpeg/mov,mp4,m4a,3gp,3g2,mj2: stream 0, timescale not set
2025-10-18T17:54:21 update: added music/Keane - Everybody's Changing.m4a
2025-10-18T17:54:21 ffmpeg/mov,mp4,m4a,3gp,3g2,mj2: stream 0, timescale not set
2025-10-18T17:54:21 update: added music/Ed Sheeran - Perfect [Official Lyric Video].m4a
2025-10-18T17:54:21 ffmpeg/mov,mp4,m4a,3gp,3g2,mj2: stream 0, timescale not set
2025-10-18T17:54:21 update: added music/SFDK - MANOS EN EL AIRE con MALA JUNTERA & SHABU (LYRIC VIDEO).m4a
2025-10-18T17:54:21 update: added music/Khea Ft. Duki  Cazzu - Loca (Audio).mp3
2025-10-18T17:54:21 update: added music/Dr. Dre - Forgot About Dre (feat. Eminem).mp3
2025-10-18T17:54:21 ffmpeg/mov,mp4,m4a,3gp,3g2,mj2: stream 0, timescale not set
2025-10-18T17:54:21 update: added music/Guns N' Roses - Welcome To The Jungle.m4a
2025-10-18T17:54:21 ffmpeg/mov,mp4,m4a,3gp,3g2,mj2: stream 0, timescale not set
2025-10-18T17:54:21 update: added music/EDEN - circles -- español.m4a
2025-10-18T17:54:21 update: added music/-I Can���t Get No- Satisfaction.m4a
2025-10-18T17:54:21 ffmpeg/mov,mp4,m4a,3gp,3g2,mj2: stream 0, timescale not set
2025-10-18T17:54:21 update: added music/En la Punta de la Lengua.m4a
2025-10-18T17:54:21 ffmpeg/mov,mp4,m4a,3gp,3g2,mj2: stream 0, timescale not set
2025-10-18T17:54:21 update: added music/NO ME PIDAS PERDON BANDA MS ''LETRA''.m4a
2025-10-18T17:54:21 ffmpeg/mov,mp4,m4a,3gp,3g2,mj2: stream 0, timescale not set
2025-10-18T17:54:21 update: added music/MAGIC! - Rude (Official Lyric Video).m4a
2025-10-18T17:54:21 ffmpeg/mov,mp4,m4a,3gp,3g2,mj2: stream 0, timescale not set
2025-10-18T17:54:21 update: added music/Arctic Monkeys - Fluorescent Adolescent (Sub. Español).m4a
2025-10-18T17:54:21 ffmpeg/mov,mp4,m4a,3gp,3g2,mj2: stream 0, timescale not set
2025-10-18T17:54:21 update: added music/Lemon Tree.m4a
2025-10-18T17:54:21 ffmpeg/mov,mp4,m4a,3gp,3g2,mj2: stream 0, timescale not set
2025-10-18T17:54:21 update: added music/Russ - Got It Good.m4a
2025-10-18T17:54:21 ffmpeg/mov,mp4,m4a,3gp,3g2,mj2: stream 0, timescale not set
2025-10-18T17:54:21 update: added music/girl in red - summer depression -- lyrics.m4a
2025-10-18T17:54:21 ffmpeg/mov,mp4,m4a,3gp,3g2,mj2: stream 0, timescale not set
2025-10-18T17:54:21 update: added music/When You're Smiling (Sub Español) - Louis Armstrong.m4a
2025-10-18T17:54:21 update: added music/Lonely_256k.mp3
2025-10-18T17:54:21 ffmpeg/mov,mp4,m4a,3gp,3g2,mj2: stream 0, timescale not set
2025-10-18T17:54:21 update: added music/Lost Cause - Imagine Dragons (Audio).m4a
2025-10-18T17:54:21 ffmpeg/mov,mp4,m4a,3gp,3g2,mj2: stream 0, timescale not set
2025-10-18T17:54:21 update: added music/Shots.m4a
2025-10-18T17:54:21 ffmpeg/mov,mp4,m4a,3gp,3g2,mj2: stream 0, timescale not set
2025-10-18T17:54:21 update: added music/Kodaline - High Hopes (Español).m4a
2025-10-18T17:54:21 update: added music/Eladio Carrión, Nicki Nicole - Nota ( Audio Oficial).mp3
2025-10-18T17:54:21 ffmpeg/mov,mp4,m4a,3gp,3g2,mj2: stream 0, timescale not set
2025-10-18T17:54:21 update: added music/Virlan Garcia - Y Cambio Mi Suerte ( Estudio 2016 ).m4a
2025-10-18T17:54:21 ffmpeg/mov,mp4,m4a,3gp,3g2,mj2: stream 0, timescale not set
2025-10-18T17:54:21 update: added music/Come With Me Now - Kongos (High Audio Quality).m4a
2025-10-18T17:54:21 update: added music/Gera MX, Blessd - One Love.mp3
2025-10-18T17:54:21 update: added music/Bad Bunny (ft. Tony Dize) - La Corriente (360° Visualizer) _ Un Verano Sin Ti.mp3
2025-10-18T17:54:21 ffmpeg/mov,mp4,m4a,3gp,3g2,mj2: stream 0, timescale not set
2025-10-18T17:54:21 update: added music/Oasis - Lyla.m4a
2025-10-18T17:54:21 update: added music/Vivaldi - Spring.m4a
2025-10-18T17:54:21 update: added music/Calle 13 - Adentro.m4a
2025-10-18T17:54:21 update: added music/EDEN - gold (Español).m4a
2025-10-18T17:54:21 ffmpeg/mov,mp4,m4a,3gp,3g2,mj2: stream 0, timescale not set
2025-10-18T17:54:21 update: added music/Si Estas Pensando Mal de Mi - Los Bunkers.m4a
2025-10-18T17:54:21 ffmpeg/mov,mp4,m4a,3gp,3g2,mj2: stream 0, timescale not set
2025-10-18T17:54:21 update: added music/Capital Cities - Drop Everything (Audio).m4a
2025-10-18T17:54:21 ffmpeg/mov,mp4,m4a,3gp,3g2,mj2: stream 0, timescale not set
2025-10-18T17:54:21 update: added music/DJ No Pare REMIX Justin Quiles, Natti Natasha, Farruko, Zion, Dalex, Lenny Tavár.m4a
2025-10-18T17:54:21 update: added music/Red Hot Chili Peppers - Otherside -Official Music Video-.m4a
2025-10-18T17:54:21 ffmpeg/mov,mp4,m4a,3gp,3g2,mj2: stream 0, timescale not set
2025-10-18T17:54:21 update: added music/flora cash - You're Somebody Else (Lyric Video).m4a
2025-10-18T17:54:21 update: added music/3AM - Distancia (Video Oficial) _ Love City.mp3
2025-10-18T17:54:21 ffmpeg/mov,mp4,m4a,3gp,3g2,mj2: stream 0, timescale not set
2025-10-18T17:54:21 update: added music/Tom Odell - Can't Pretend (Audio).m4a
2025-10-18T17:54:21 ffmpeg/mov,mp4,m4a,3gp,3g2,mj2: stream 0, timescale not set
2025-10-18T17:54:21 update: added music/Mark Ronson - Uptown Funk ft. Bruno Mars.m4a
2025-10-18T17:54:21 update: added music/Sean Paul - No Lie ft. Dua Lipa.mp3
2025-10-18T17:54:21 ffmpeg/mov,mp4,m4a,3gp,3g2,mj2: stream 0, timescale not set
2025-10-18T17:54:21 update: added music/Apache ft Lil Supa' - Aquí Estamos.m4a
2025-10-18T17:54:21 ffmpeg/sami: Format sami detected only with low score of 1, misdetection possible!
2025-10-18T17:54:21 ffmpeg/mov,mp4,m4a,3gp,3g2,mj2: stream 0, timescale not set
2025-10-18T17:54:21 update: added music/Rixton - Me and My Broken Heart.m4a
2025-10-18T17:54:21 ffmpeg/mov,mp4,m4a,3gp,3g2,mj2: stream 0, timescale not set
2025-10-18T17:54:21 update: added music/Canserbero - Aceptas_.m4a
2025-10-18T17:54:21 ffmpeg/mov,mp4,m4a,3gp,3g2,mj2: stream 0, timescale not set
2025-10-18T17:54:21 update: added music/League of Legends Music- The Curse of the Sad Mummy.m4a
2025-10-18T17:54:21 ffmpeg/mov,mp4,m4a,3gp,3g2,mj2: stream 0, timescale not set
2025-10-18T17:54:21 update: added music/Kygo, Selena Gomez - It Ain't Me (with Selena Gomez) (Audio).m4a
2025-10-18T17:54:21 ffmpeg/mov,mp4,m4a,3gp,3g2,mj2: stream 0, timescale not set
2025-10-18T17:54:21 update: added music/Yellow.m4a
2025-10-18T17:54:21 ffmpeg/mov,mp4,m4a,3gp,3g2,mj2: stream 0, timescale not set
2025-10-18T17:54:21 update: added music/Fun.- We Are Young ft. Janelle Monáe -OFFICIAL VIDEO-.m4a
2025-10-18T17:54:21 ffmpeg/mov,mp4,m4a,3gp,3g2,mj2: stream 0, timescale not set
2025-10-18T17:54:21 update: added music/Rels B - LA ÚLTIMA CANCIÓN (Lyric Video).m4a
2025-10-18T17:54:21 ffmpeg/mov,mp4,m4a,3gp,3g2,mj2: stream 0, timescale not set
2025-10-18T17:54:21 update: added music/Mon Laferte - Que Sí (Audio).m4a
2025-10-18T17:54:21 update: added music/No One Like You.m4a
2025-10-18T17:54:21 update: added music/Nunca es Nunca.mp3
2025-10-18T17:54:21 ffmpeg/mov,mp4,m4a,3gp,3g2,mj2: stream 0, timescale not set
2025-10-18T17:54:21 update: added music/Hooked on a Feeling.m4a
2025-10-18T17:54:21 update: added music/WOS - LUZ DELITO_256k.mp3
2025-10-18T17:54:21 ffmpeg/mov,mp4,m4a,3gp,3g2,mj2: stream 0, timescale not set
2025-10-18T17:54:21 update: added music/Louis The Child, Drew Love - Free (Audio).m4a
2025-10-18T17:54:21 ffmpeg/mov,mp4,m4a,3gp,3g2,mj2: stream 0, timescale not set
2025-10-18T17:54:21 update: added music/Undercover Martyn.m4a
2025-10-18T17:54:21 ffmpeg/mov,mp4,m4a,3gp,3g2,mj2: stream 0, timescale not set
2025-10-18T17:54:21 update: added music/Torreblanca - Si.m4a
2025-10-18T17:54:21 update: added music/The Weeknd - Save Your Tears (Official Audio).mp3
2025-10-18T17:54:21 update: added music/Imagine Dragons - Younger (Official Lyric Video).mp3
2025-10-18T17:54:21 ffmpeg/mov,mp4,m4a,3gp,3g2,mj2: stream 0, timescale not set
2025-10-18T17:54:21 update: added music/Imagine Dragons - Wake Up (Official Lyric Video).m4a
2025-10-18T17:54:21 ffmpeg/sami: Format sami detected only with low score of 1, misdetection possible!
2025-10-18T17:54:21 update: added music/Hey listen navi ringtone.wma
2025-10-18T17:54:21 ffmpeg/mov,mp4,m4a,3gp,3g2,mj2: stream 0, timescale not set
2025-10-18T17:54:21 update: added music/Siddhartha - Extraños (Audio Oficial).m4a
2025-10-18T17:54:21 ffmpeg/mov,mp4,m4a,3gp,3g2,mj2: stream 0, timescale not set
2025-10-18T17:54:21 update: added music/Calvin Harris & Disciples - How Deep Is Your Love (Audio).m4a
2025-10-18T17:54:21 ffmpeg/mov,mp4,m4a,3gp,3g2,mj2: stream 0, timescale not set
2025-10-18T17:54:21 update: added music/Caravan Palace - Lone Digger (album version).m4a
2025-10-18T17:54:21 ffmpeg/mov,mp4,m4a,3gp,3g2,mj2: stream 0, timescale not set
2025-10-18T17:54:21 update: added music/Como pasa el tiempo _ El Cuarteto de Nos (VIDEOCLIP).m4a
2025-10-18T17:54:21 ffmpeg/mov,mp4,m4a,3gp,3g2,mj2: stream 0, timescale not set
2025-10-18T17:54:21 update: added music/Interpol - All The Rage Back Home.m4a
2025-10-18T17:54:21 update: added music/Joji - Ew (Official Audio).mp3
2025-10-18T17:54:21 update: added music/Calle 13 - La Vida (Respira el Momento) (Official Video).m4a
2025-10-18T17:54:21 ffmpeg/mov,mp4,m4a,3gp,3g2,mj2: stream 0, timescale not set
2025-10-18T17:54:21 update: added music/Bon Jovi - Living on a Prayer (Lyrics).m4a
2025-10-18T17:54:21 ffmpeg/mov,mp4,m4a,3gp,3g2,mj2: stream 0, timescale not set
2025-10-18T17:54:21 update: added music/Meghan Trainor – FOOLISH (Video by Ryan Trainor).m4a
2025-10-18T17:54:21 ffmpeg/mov,mp4,m4a,3gp,3g2,mj2: stream 0, timescale not set
2025-10-18T17:54:21 update: added music/Billie Eilish - when the party's over.m4a
2025-10-18T17:54:21 ffmpeg/mov,mp4,m4a,3gp,3g2,mj2: stream 0, timescale not set
2025-10-18T17:54:21 update: added music/Dispute.m4a
2025-10-18T17:54:21 ffmpeg/mov,mp4,m4a,3gp,3g2,mj2: stream 0, timescale not set
2025-10-18T17:54:21 update: added music/Carla Morrison - Dime mentiras (letra).m4a
2025-10-18T17:54:21 ffmpeg/mov,mp4,m4a,3gp,3g2,mj2: stream 0, timescale not set
2025-10-18T17:54:21 update: added music/Sin Bandera - Que Lloro (Video).m4a
2025-10-18T17:54:21 ffmpeg/mov,mp4,m4a,3gp,3g2,mj2: stream 0, timescale not set
2025-10-18T17:54:21 update: added music/Metronomy - The Look.m4a
2025-10-18T17:54:21 update: added music/No Time For Toxic People_256k.mp3
2025-10-18T17:54:21 ffmpeg/mov,mp4,m4a,3gp,3g2,mj2: stream 0, timescale not set
2025-10-18T17:54:21 update: added music/Adam Lambert - 'Ghost Town' -Official Lyric Video-.m4a
2025-10-18T17:54:22 update: added music/Halsey - 'Magnum Ice Cream' Live Show (FULL HD).m4a
2025-10-18T17:54:22 update: added music/Digital_Controller.mp3
2025-10-18T17:54:22 update: added music/Bad Bunny (ft. Jhay Cortez) - Tarot (360° Visualizer) _ Un Verano Sin Ti.mp3
2025-10-18T17:54:22 ffmpeg/mov,mp4,m4a,3gp,3g2,mj2: stream 0, timescale not set
2025-10-18T17:54:22 update: added music/Torreblanca - '1000 fantasmas' [Audio].m4a
2025-10-18T17:54:22 update: added music/Imagine Dragons - Bubble (Lyric Video).mp3
2025-10-18T17:54:22 update: added music/The Score - Shakedown (Audio)_256k.mp3
2025-10-18T17:54:22 update: added music/3AM - No La Encuentro (Video Oficial).mp3
2025-10-18T17:54:22 ffmpeg/mov,mp4,m4a,3gp,3g2,mj2: stream 0, timescale not set
2025-10-18T17:54:22 update: added music/Baby I'm Yours.m4a
2025-10-18T17:54:22 ffmpeg/mov,mp4,m4a,3gp,3g2,mj2: stream 0, timescale not set
2025-10-18T17:54:22 update: added music/Coldplay - The Scientist.m4a
2025-10-18T17:54:22 ffmpeg/mov,mp4,m4a,3gp,3g2,mj2: stream 0, timescale not set
2025-10-18T17:54:22 update: added music/Amsterdam.m4a
2025-10-18T17:54:22 ffmpeg/mov,mp4,m4a,3gp,3g2,mj2: stream 0, timescale not set
2025-10-18T17:54:22 update: added music/Sweetie Little Jean.m4a
2025-10-18T17:54:22 ffmpeg/mov,mp4,m4a,3gp,3g2,mj2: stream 0, timescale not set
2025-10-18T17:54:22 update: added music/Reik - Creo en Ti.m4a
2025-10-18T17:54:22 ffmpeg/mov,mp4,m4a,3gp,3g2,mj2: stream 0, timescale not set
2025-10-18T17:54:22 update: added music/Creedence Clearwater Revival- Have You Ever Seen The Rain_.m4a
2025-10-18T17:54:22 update: added music/DUKI - Celosa (Audio).mp3
2025-10-18T17:54:22 update: added music/Santana - Corazon Espinado (Video) ft. Mana.m4a
2025-10-18T17:54:22 update: added music/Nicki Nicole - Perdido (Official Lyric Video).mp3
2025-10-18T17:54:22 ffmpeg/mov,mp4,m4a,3gp,3g2,mj2: stream 0, timescale not set
2025-10-18T17:54:22 update: added music/I DONT KNOW HOW BUT THEY FOUND ME -Choke.m4a
2025-10-18T17:54:22 update: added music/Bastille – Hangin’.m4a
2025-10-18T17:54:22 ffmpeg/mov,mp4,m4a,3gp,3g2,mj2: stream 0, timescale not set
2025-10-18T17:54:22 update: added music/The Neighbourhood - Compass (Sub Español) -- Jalyssa.m4a
2025-10-18T17:54:22 ffmpeg/mov,mp4,m4a,3gp,3g2,mj2: stream 0, timescale not set
2025-10-18T17:54:22 update: added music/The Carpenters - [They Long To Be] Close To You [Audio].m4a
2025-10-18T17:54:22 ffmpeg/mov,mp4,m4a,3gp,3g2,mj2: stream 0, timescale not set
2025-10-18T17:54:22 update: added music/Bob Marley - Is this Love -HQ-.m4a
2025-10-18T17:54:22 ffmpeg/mov,mp4,m4a,3gp,3g2,mj2: stream 0, timescale not set
2025-10-18T17:54:22 update: added music/Helena Beat.m4a
2025-10-18T17:54:22 update: added music/Sam Tinnesz - Bloodshot [Official Lyric Video]_256k.mp3
2025-10-18T17:54:22 ffmpeg/mov,mp4,m4a,3gp,3g2,mj2: stream 0, timescale not set
2025-10-18T17:54:22 update: added music/How You Like Me Now (Original).m4a
2025-10-18T17:54:22 ffmpeg/mov,mp4,m4a,3gp,3g2,mj2: stream 0, timescale not set
2025-10-18T17:54:22 update: added music/I DONT KNOW HOW BUT THEY FOUND ME - Do It All The Time (Lyric Video).m4a
2025-10-18T17:54:22 ffmpeg/mov,mp4,m4a,3gp,3g2,mj2: stream 0, timescale not set
2025-10-18T17:54:22 update: added music/Two Door Cinema Club - Changing of the Seasons (LYRIC VIDEO).m4a
2025-10-18T17:54:22 update: added music/Paraíso Lunar_256k.mp3
2025-10-18T17:54:22 ffmpeg/mov,mp4,m4a,3gp,3g2,mj2: stream 0, timescale not set
2025-10-18T17:54:22 update: added music/Bleed It Out (Official Video) - Linkin Park.m4a
2025-10-18T17:54:22 ffmpeg/mov,mp4,m4a,3gp,3g2,mj2: stream 0, timescale not set
2025-10-18T17:54:22 update: added music/3AM - Fría (Video Oficial) .m4a
2025-10-18T17:54:22 update: added music/Jagwar Twin - Loser (Official Audio).mp3
2025-10-18T17:54:22 ffmpeg/mov,mp4,m4a,3gp,3g2,mj2: stream 0, timescale not set
2025-10-18T17:54:22 update: added music/AudioSlave - What You Are.m4a
2025-10-18T17:54:22 ffmpeg/mov,mp4,m4a,3gp,3g2,mj2: stream 0, timescale not set
2025-10-18T17:54:22 update: added music/2Pac - Enemies Bleed (ft. 50 Cent & The Notorious BIG) 2019.m4a
2025-10-18T17:54:22 ffmpeg/mov,mp4,m4a,3gp,3g2,mj2: stream 0, timescale not set
2025-10-18T17:54:22 update: added music/Two Feet - I Feel Like I'm Drowning (Official Lyric Video).m4a
2025-10-18T17:54:22 update: added music/The Score - Tightrope (Official Audio)_256k.mp3
2025-10-18T17:54:22 ffmpeg/mov,mp4,m4a,3gp,3g2,mj2: stream 0, timescale not set
2025-10-18T17:54:22 update: added music/Imagine Dragons - Boots (Audio).m4a
2025-10-18T17:54:22 ffmpeg/mov,mp4,m4a,3gp,3g2,mj2: stream 0, timescale not set
2025-10-18T17:54:22 update: added music/Selena Gomez - Same Old Love (Audio).m4a
2025-10-18T17:54:22 ffmpeg/mov,mp4,m4a,3gp,3g2,mj2: stream 0, timescale not set
2025-10-18T17:54:22 update: added music/Coldplay - Clocks.m4a
2025-10-18T17:54:22 ffmpeg/mov,mp4,m4a,3gp,3g2,mj2: stream 0, timescale not set
2025-10-18T17:54:22 update: added music/Karma Police.m4a
2025-10-18T17:54:22 update: added music/Gold_Dust_(Flux_Pavilion_Remix).mp3
2025-10-18T17:54:22 update: added music/facebook_ringtone_pop.wma
2025-10-18T17:54:22 update: added music/PLAY LOVE - ZARCORT Y ITOWNGAMEPLAY.m4a
2025-10-18T17:54:22 ffmpeg/mov,mp4,m4a,3gp,3g2,mj2: stream 0, timescale not set
2025-10-18T17:54:22 update: added music/Imagine Dragons - Not Today (Audio).m4a
2025-10-18T17:54:22 ffmpeg/mov,mp4,m4a,3gp,3g2,mj2: stream 0, timescale not set
2025-10-18T17:54:22 update: added music/Radiohead - Like Spinning Plates (Normal-Forwards).m4a
2025-10-18T17:54:22 update: added music/Imagine Dragons - Lovesong (Audio).m4a
2025-10-18T17:54:22 ffmpeg/mov,mp4,m4a,3gp,3g2,mj2: stream 0, timescale not set
2025-10-18T17:54:22 update: added music/Alacranes Musical - Por Tu Amor (Video Oficial).m4a
2025-10-18T17:54:22 ffmpeg/mov,mp4,m4a,3gp,3g2,mj2: stream 0, timescale not set
2025-10-18T17:54:22 update: added music/Second Chances.m4a
2025-10-18T17:54:22 ffmpeg/mov,mp4,m4a,3gp,3g2,mj2: stream 0, timescale not set
2025-10-18T17:54:22 update: added music/Don Omar _ Dile (Video Oficial ).m4a
2025-10-18T17:54:22 update: added music/David Guetta - Titanium ft. Sia (Official Video).m4a
2025-10-18T17:54:22 update: added music/Jason Mraz - Unlonely -Official Lyric Video-.m4a
2025-10-18T17:54:22 update: added music/FREESTYLE (Live Set).mp3
2025-10-18T17:54:22 ffmpeg/mov,mp4,m4a,3gp,3g2,mj2: stream 0, timescale not set
2025-10-18T17:54:22 update: added music/Quisiera Saber.m4a
2025-10-18T17:54:22 ffmpeg/mov,mp4,m4a,3gp,3g2,mj2: stream 0, timescale not set
2025-10-18T17:54:22 update: added music/mxmtoon - feelings are fatal (Sub. Español).m4a
2025-10-18T17:54:22 ffmpeg/mov,mp4,m4a,3gp,3g2,mj2: stream 0, timescale not set
2025-10-18T17:54:22 update: added music/The Dark Side.m4a
2025-10-18T17:54:22 ffmpeg/mov,mp4,m4a,3gp,3g2,mj2: stream 0, timescale not set
2025-10-18T17:54:22 update: added music/Sugar Pine 7 - These Drugs (MUSIC VIDEO).m4a
2025-10-18T17:54:22 ffmpeg/mov,mp4,m4a,3gp,3g2,mj2: stream 0, timescale not set
2025-10-18T17:54:22 update: added music/Prototipo - Nanpa Básico.m4a
2025-10-18T17:54:22 ffmpeg/mov,mp4,m4a,3gp,3g2,mj2: stream 0, timescale not set
2025-10-18T17:54:22 update: added music/Oasis - She's Electric (Lyric Video).m4a
2025-10-18T17:54:22 ffmpeg/mov,mp4,m4a,3gp,3g2,mj2: stream 0, timescale not set
2025-10-18T17:54:22 update: added music/Gera MX, Christian Nodal - Botella Tras Botella (Letra)(1).m4a
2025-10-18T17:54:22 ffmpeg/mov,mp4,m4a,3gp,3g2,mj2: stream 0, timescale not set
2025-10-18T17:54:22 update: added music/Beret - Ojalá (LETRA).m4a
2025-10-18T17:54:22 update: added music/Trueno, Nathy Peluso - ARGENTINA (Video Oficial).mp3
2025-10-18T17:54:22 ffmpeg/mov,mp4,m4a,3gp,3g2,mj2: stream 0, timescale not set
2025-10-18T17:54:22 update: added music/Julieta Venegas - Eres para Mí.m4a
2025-10-18T17:54:22 ffmpeg/mov,mp4,m4a,3gp,3g2,mj2: stream 0, timescale not set
2025-10-18T17:54:22 update: added music/Sia - Chandelier (Official Video).m4a
2025-10-18T17:54:22 update: added music/Tyga - Goddamn (Audio).mp3
2025-10-18T17:54:22 ffmpeg/mov,mp4,m4a,3gp,3g2,mj2: stream 0, timescale not set
2025-10-18T17:54:22 update: added music/mxmtoon - please don't (Sub. Español).m4a
2025-10-18T17:54:22 ffmpeg/mov,mp4,m4a,3gp,3g2,mj2: stream 0, timescale not set
2025-10-18T17:54:22 update: added music/San Cisco - 'The Distance'  (Official Music Video).m4a
2025-10-18T17:54:22 ffmpeg/mov,mp4,m4a,3gp,3g2,mj2: stream 0, timescale not set
2025-10-18T17:54:22 update: added music/Oasis - The Importance Of Being Idle - Official Video.m4a
2025-10-18T17:54:22 ffmpeg/mov,mp4,m4a,3gp,3g2,mj2: stream 0, timescale not set
2025-10-18T17:54:22 update: added music/Imagine Dragons - The Man In The Moon (Audio).m4a
2025-10-18T17:54:22 update: added music/Jantsen & Dirt Monkey - In The Mood.m4a
2025-10-18T17:54:22 ffmpeg/mov,mp4,m4a,3gp,3g2,mj2: stream 0, timescale not set
2025-10-18T17:54:22 update: added music/He Can Only Hold Her.m4a
2025-10-18T17:54:22 ffmpeg/mov,mp4,m4a,3gp,3g2,mj2: stream 0, timescale not set
2025-10-18T17:54:22 update: added music/Oasis - Wonderwall.m4a
2025-10-18T17:54:22 ffmpeg/mov,mp4,m4a,3gp,3g2,mj2: stream 0, timescale not set
2025-10-18T17:54:22 update: added music/Meghan Trainor - All About That Bass.m4a
2025-10-18T17:54:22 ffmpeg/mov,mp4,m4a,3gp,3g2,mj2: stream 0, timescale not set
2025-10-18T17:54:22 update: added music/HA-ASH - Ex de Verdad (HA-ASH Primera Fila - Hecho Realidad -Acústico En Vivo-).m4a
2025-10-18T17:54:22 update: added music/Alemán ft Rels B - Mírame Ma (Video Oficial).mp3
2025-10-18T17:54:22 ffmpeg/mov,mp4,m4a,3gp,3g2,mj2: stream 0, timescale not set
2025-10-18T17:54:22 update: added music/Billie Eilish - Bellyache (Audio).m4a
2025-10-18T17:54:22 update: added music/Apache- Fin de mundo.mp3
2025-10-18T17:54:22 ffmpeg/mov,mp4,m4a,3gp,3g2,mj2: stream 0, timescale not set
2025-10-18T17:54:22 update: added music/Milky Chance - Blossom (Official Audio).m4a
2025-10-18T17:54:22 ffmpeg/mov,mp4,m4a,3gp,3g2,mj2: stream 0, timescale not set
2025-10-18T17:54:22 update: added music/EMINEM   Never Enough feat 50 Cent & Nate Dogg.m4a
2025-10-18T17:54:22 ffmpeg/mov,mp4,m4a,3gp,3g2,mj2: stream 0, timescale not set
2025-10-18T17:54:22 update: added music/Selene.m4a
2025-10-18T17:54:22 ffmpeg/mov,mp4,m4a,3gp,3g2,mj2: stream 0, timescale not set
2025-10-18T17:54:22 update: added music/Amy Winehouse - Rehab (Lyric Video).m4a
2025-10-18T17:54:22 update: added music/Die Like This_256k.mp3
2025-10-18T17:54:22 update: added music/WOS ft Ricardo Mollo - CULPA (Video Oficial).mp3
2025-10-18T17:54:22 ffmpeg/mov,mp4,m4a,3gp,3g2,mj2: stream 0, timescale not set
2025-10-18T17:54:22 update: added music/Imagine Dragons - Zero (Lyrics).m4a
2025-10-18T17:54:22 update: added music/The Score - Golden (Audio)_256k.mp3
2025-10-18T17:54:22 update: added music/The Score - Fire (Audio)_256k.mp3
2025-10-18T17:54:22 ffmpeg/mov,mp4,m4a,3gp,3g2,mj2: stream 0, timescale not set
2025-10-18T17:54:22 update: added music/Maroon 5- Don't wanna know.m4a
2025-10-18T17:54:22 ffmpeg/mov,mp4,m4a,3gp,3g2,mj2: stream 0, timescale not set
2025-10-18T17:54:22 update: added music/The River - Imagine Dragons.m4a
2025-10-18T17:54:22 update: added music/The Score - Under The Pressure (Audio)_256k.mp3
2025-10-18T17:54:22 ffmpeg/mov,mp4,m4a,3gp,3g2,mj2: stream 0, timescale not set
2025-10-18T17:54:22 update: added music/Uno para el Otro.m4a
2025-10-18T17:54:22 ffmpeg/mov,mp4,m4a,3gp,3g2,mj2: stream 0, timescale not set
2025-10-18T17:54:22 update: added music/Jósean Log - Alguien Como Tú.m4a
2025-10-18T17:54:22 ffmpeg/mov,mp4,m4a,3gp,3g2,mj2: stream 0, timescale not set
2025-10-18T17:54:22 update: added music/Russ - RENT FREE (Official Audio).m4a
2025-10-18T17:54:22 ffmpeg/mov,mp4,m4a,3gp,3g2,mj2: stream 0, timescale not set
2025-10-18T17:54:22 update: added music/Lupe Fiasco - Daydreamin' feat. Jill Scott -Mr. Robot-.m4a
2025-10-18T17:54:22 ffmpeg/mov,mp4,m4a,3gp,3g2,mj2: stream 0, timescale not set
2025-10-18T17:54:22 update: added music/Y la Felicidad Qué.m4a
2025-10-18T17:54:22 ffmpeg/mov,mp4,m4a,3gp,3g2,mj2: stream 0, timescale not set
2025-10-18T17:54:22 update: added music/Smash Mouth - All Star.m4a
2025-10-18T17:54:22 ffmpeg/mov,mp4,m4a,3gp,3g2,mj2: stream 0, timescale not set
2025-10-18T17:54:22 update: added music/West Coast.m4a
2025-10-18T17:54:22 ffmpeg/mov,mp4,m4a,3gp,3g2,mj2: stream 0, timescale not set
2025-10-18T17:54:22 update: added music/The Smiths - This Charming Man (Official Music Video).m4a
2025-10-18T17:54:22 ffmpeg/mov,mp4,m4a,3gp,3g2,mj2: stream 0, timescale not set
2025-10-18T17:54:22 update: added music/Oasis - Little By Little.m4a
2025-10-18T17:54:22 update: added music/Dancin (feat. Luvli).mp3
2025-10-18T17:54:22 ffmpeg/mov,mp4,m4a,3gp,3g2,mj2: stream 0, timescale not set
2025-10-18T17:54:22 update: added music/Eruca Sativa - Justo al Partir.m4a
2025-10-18T17:54:22 ffmpeg/mov,mp4,m4a,3gp,3g2,mj2: stream 0, timescale not set
2025-10-18T17:54:22 update: added music/goodbye.m4a
2025-10-18T17:54:22 ffmpeg/mov,mp4,m4a,3gp,3g2,mj2: stream 0, timescale not set
2025-10-18T17:54:22 update: added music/2 - 2 = 5.m4a
2025-10-18T17:54:22 ffmpeg/mov,mp4,m4a,3gp,3g2,mj2: stream 0, timescale not set
2025-10-18T17:54:22 update: added music/Beach Fossils - Down the Line (Official Video).m4a
2025-10-18T17:54:22 update: added music/Remmy Valenzuela -- Mi Princesa..mp3
2025-10-18T17:54:22 ffmpeg/mov,mp4,m4a,3gp,3g2,mj2: stream 0, timescale not set
2025-10-18T17:54:22 update: added music/Talking To The Moon.m4a
2025-10-18T17:54:22 ffmpeg/mov,mp4,m4a,3gp,3g2,mj2: stream 0, timescale not set
2025-10-18T17:54:22 update: added music/Imagine Dragons - Emma (Audio).m4a
2025-10-18T17:54:22 ffmpeg/mov,mp4,m4a,3gp,3g2,mj2: stream 0, timescale not set
2025-10-18T17:54:22 update: added music/Carla Morrison - Disfruto (letra).m4a
2025-10-18T17:54:22 update: added music/Siddhartha - Brújula (Cover Audio)_256k.mp3
2025-10-18T17:54:22 update: added music/The Score - Big Dreams ft. FITZ (Official Lyric Video).mp3
2025-10-18T17:54:22 ffmpeg/mov,mp4,m4a,3gp,3g2,mj2: stream 0, timescale not set
2025-10-18T17:54:22 update: added music/John Legend - All of Me.m4a
2025-10-18T17:54:22 update: added music/Friend, Please_256k.mp3
2025-10-18T17:54:22 ffmpeg/mov,mp4,m4a,3gp,3g2,mj2: stream 0, timescale not set
2025-10-18T17:54:22 update: added music/I Wanna Be Yours.m4a
2025-10-18T17:54:22 ffmpeg/mov,mp4,m4a,3gp,3g2,mj2: stream 0, timescale not set
2025-10-18T17:54:22 update: added music/Bombai - Solo si es Contigo feat. Bebe (Lyric video).m4a
2025-10-18T17:54:22 ffmpeg/mov,mp4,m4a,3gp,3g2,mj2: stream 0, timescale not set
2025-10-18T17:54:22 update: added music/Wisin, Young Miko - Señorita (Official Video).m4a
2025-10-18T17:54:22 update: added music/sonic ring noise thing i need for a text tone.wma
2025-10-18T17:54:22 ffmpeg/mov,mp4,m4a,3gp,3g2,mj2: stream 0, timescale not set
2025-10-18T17:54:22 update: added music/EDEN - drugs (Español).m4a
2025-10-18T17:54:22 ffmpeg/sami: Format sami detected only with low score of 1, misdetection possible!
2025-10-18T17:54:22 ffmpeg/mov,mp4,m4a,3gp,3g2,mj2: stream 0, timescale not set
2025-10-18T17:54:22 update: added music/Amorfoda - Bad Bunny _ Laura Naranjo cover.m4a
2025-10-18T17:54:22 ffmpeg/mov,mp4,m4a,3gp,3g2,mj2: stream 0, timescale not set
2025-10-18T17:54:22 update: added music/Bigmouth Strikes Again (2011 Remastered Version).m4a
2025-10-18T17:54:22 update: added music/Imagine Dragons - Higher Ground (Official Lyric Video).mp3
2025-10-18T17:54:22 ffmpeg/mov,mp4,m4a,3gp,3g2,mj2: stream 0, timescale not set
2025-10-18T17:54:22 update: added music/Green Eyes.m4a
2025-10-18T17:54:22 ffmpeg/mov,mp4,m4a,3gp,3g2,mj2: stream 0, timescale not set
2025-10-18T17:54:22 update: added music/Imagine Dragons - Working Man (Audio).m4a
2025-10-18T17:54:22 ffmpeg/mov,mp4,m4a,3gp,3g2,mj2: stream 0, timescale not set
2025-10-18T17:54:22 update: added music/Somewhere in Between.m4a
2025-10-18T17:54:22 ffmpeg/mov,mp4,m4a,3gp,3g2,mj2: stream 0, timescale not set
2025-10-18T17:54:22 update: added music/Arroba Nat - ¿Quién Se Va_ [feat. Bruses] (Audio Oficial).m4a
2025-10-18T17:54:22 ffmpeg/mov,mp4,m4a,3gp,3g2,mj2: stream 0, timescale not set
2025-10-18T17:54:22 update: added music/Sidecars - Fan de Ti.m4a
2025-10-18T17:54:22 update: added music/Funkytown- Lipps Inc (original).m4a
2025-10-18T17:54:22 ffmpeg/mov,mp4,m4a,3gp,3g2,mj2: stream 0, timescale not set
2025-10-18T17:54:22 update: added music/Round And Round.m4a
2025-10-18T17:54:22 ffmpeg/mov,mp4,m4a,3gp,3g2,mj2: stream 0, timescale not set
2025-10-18T17:54:22 update: added music/Friends.m4a
2025-10-18T17:54:22 ffmpeg/mov,mp4,m4a,3gp,3g2,mj2: stream 0, timescale not set
2025-10-18T17:54:22 update: added music/General Elektriks - 'Raid The Radio' -Official Video-.m4a
2025-10-18T17:54:22 ffmpeg/mov,mp4,m4a,3gp,3g2,mj2: stream 0, timescale not set
2025-10-18T17:54:22 update: added music/Johnny Cash - Hurt HD 720p.m4a
2025-10-18T17:54:23 ffmpeg/mov,mp4,m4a,3gp,3g2,mj2: stream 0, timescale not set
2025-10-18T17:54:23 update: added music/Cuarteto de Nos - Lo malo de ser bueno ( con letra ).m4a
2025-10-18T17:54:23 update: added music/Blessd Ft Rels B- Energía (Oficial Audio).mp3
2025-10-18T17:54:23 ffmpeg/mov,mp4,m4a,3gp,3g2,mj2: stream 0, timescale not set
2025-10-18T17:54:23 update: added music/El Cuarteto de Nos - Invisible.m4a
2025-10-18T17:54:23 ffmpeg/mov,mp4,m4a,3gp,3g2,mj2: stream 0, timescale not set
2025-10-18T17:54:23 update: added music/blackbear - do re mi ft. Gucci Mane.m4a
2025-10-18T17:54:23 ffmpeg/mov,mp4,m4a,3gp,3g2,mj2: stream 0, timescale not set
2025-10-18T17:54:23 update: added music/Río Roma - Mi Persona Favorita (Lyric Video).m4a
2025-10-18T17:54:23 ffmpeg/mov,mp4,m4a,3gp,3g2,mj2: stream 0, timescale not set
2025-10-18T17:54:23 update: added music/Halsey - Finally -- beautiful stranger (Lyric Video).m4a
2025-10-18T17:54:23 ffmpeg/mov,mp4,m4a,3gp,3g2,mj2: stream 0, timescale not set
2025-10-18T17:54:23 update: added music/Neto Peña - Sería un Placer (Letra).m4a
2025-10-18T17:54:23 ffmpeg/mov,mp4,m4a,3gp,3g2,mj2: stream 0, timescale not set
2025-10-18T17:54:23 update: added music/TWO DOOR CINEMA CLUB  _ WHAT YOU KNOW.m4a
2025-10-18T17:54:23 ffmpeg/mov,mp4,m4a,3gp,3g2,mj2: stream 0, timescale not set
2025-10-18T17:54:23 update: added music/All I Want.m4a
2025-10-18T17:54:23 ffmpeg/mov,mp4,m4a,3gp,3g2,mj2: stream 0, timescale not set
2025-10-18T17:54:23 update: added music/Nina Nesbitt - The Moments I'm Missing (feat. Goody Grace).m4a
2025-10-18T17:54:23 ffmpeg/sami: Format sami detected only with low score of 1, misdetection possible!
2025-10-18T17:54:23 update: added music/As It Is - ILY, HOW ARE YOU_ (Official Music Video).mp3
2025-10-18T17:54:23 ffmpeg/mov,mp4,m4a,3gp,3g2,mj2: stream 0, timescale not set
2025-10-18T17:54:23 update: added music/Ember Island - Umbrella (Español).m4a
2025-10-18T17:54:23 update: added music/Different Heaven & EH!DE - My Heart.m4a
2025-10-18T17:54:23 ffmpeg/mov,mp4,m4a,3gp,3g2,mj2: stream 0, timescale not set
2025-10-18T17:54:23 update: added music/Halsey - Strangers (Audio) ft. Lauren Jauregui.m4a
2025-10-18T17:54:23 ffmpeg/mov,mp4,m4a,3gp,3g2,mj2: stream 0, timescale not set
2025-10-18T17:54:23 update: added music/Los Caligaris - Razon (AUDIO).m4a
2025-10-18T17:54:23 ffmpeg/mov,mp4,m4a,3gp,3g2,mj2: stream 0, timescale not set
2025-10-18T17:54:23 update: added music/Method Man, 2Pac, Ice Cube, Eazy E - Built For This feat Freddie Gibbs (NEW 2019.m4a
2025-10-18T17:54:23 ffmpeg/mov,mp4,m4a,3gp,3g2,mj2: stream 0, timescale not set
2025-10-18T17:54:23 update: added music/Muse - Madness.m4a
2025-10-18T17:54:23 ffmpeg/mov,mp4,m4a,3gp,3g2,mj2: stream 0, timescale not set
2025-10-18T17:54:23 update: added music/I Won't Give Up.m4a
2025-10-18T17:54:23 ffmpeg/mov,mp4,m4a,3gp,3g2,mj2: stream 0, timescale not set
2025-10-18T17:54:23 update: added music/The Four Owls - Assassination Feat. Dirty Dike (OFFICIAL VIDEO).m4a
2025-10-18T17:54:23 update: added music/Ariana Grande - 7 rings (Official Video).mp3
2025-10-18T17:54:23 update: added music/Ride Or Die (with Villano Antillano) (feat. Villano Antillano).m4a
2025-10-18T17:54:23 ffmpeg/mov,mp4,m4a,3gp,3g2,mj2: stream 0, timescale not set
2025-10-18T17:54:23 update: added music/New Born.m4a
2025-10-18T17:54:23 ffmpeg/mov,mp4,m4a,3gp,3g2,mj2: stream 0, timescale not set
2025-10-18T17:54:23 update: added music/You Know I'm No Good.m4a
2025-10-18T17:54:23 update: added music/Green A - Carta a dios.m4a
2025-10-18T17:54:23 update: added music/Imagine Dragons - They Don't Know You Like I Do (Official Lyric Video).mp3
2025-10-18T17:54:23 ffmpeg/mov,mp4,m4a,3gp,3g2,mj2: stream 0, timescale not set
2025-10-18T17:54:23 update: added music/Billie Eilish - party favor (Audio).m4a
2025-10-18T17:54:23 ffmpeg/mov,mp4,m4a,3gp,3g2,mj2: stream 0, timescale not set
2025-10-18T17:54:23 update: added music/WOS - PANTANO.m4a
2025-10-18T17:54:23 update: added music/RVFV, DUKI - PANTERA (Video Oficial).mp3
2025-10-18T17:54:23 ffmpeg/mov,mp4,m4a,3gp,3g2,mj2: stream 0, timescale not set
2025-10-18T17:54:23 update: added music/'Pase lo que Pase' - Rapper School - Videoclip (Oficial).m4a
2025-10-18T17:54:23 ffmpeg/mov,mp4,m4a,3gp,3g2,mj2: stream 0, timescale not set
2025-10-18T17:54:23 update: added music/Milky Chance - Rush feat. Témé Tan (Official Video).m4a
2025-10-18T17:54:23 ffmpeg/mov,mp4,m4a,3gp,3g2,mj2: stream 0, timescale not set
2025-10-18T17:54:23 update: added music/Trueno - ATREVIDO (Shot by Ballve).m4a
2025-10-18T17:54:23 ffmpeg/mov,mp4,m4a,3gp,3g2,mj2: stream 0, timescale not set
2025-10-18T17:54:23 update: added music/Frankie Valli - Can't Take My Eyes Off You (Official Audio).m4a
2025-10-18T17:54:23 update: added music/Imagine Dragons - Waves (Official Lyric Video).mp3
2025-10-18T17:54:23 ffmpeg/mov,mp4,m4a,3gp,3g2,mj2: stream 0, timescale not set
2025-10-18T17:54:23 update: added music/The Lumineers - Sleep On The Floor _ Sub Español.m4a
2025-10-18T17:54:23 ffmpeg/mov,mp4,m4a,3gp,3g2,mj2: stream 0, timescale not set
2025-10-18T17:54:23 update: added music/Fue.m4a
2025-10-18T17:54:23 ffmpeg/mov,mp4,m4a,3gp,3g2,mj2: stream 0, timescale not set
2025-10-18T17:54:23 update: added music/Bazzi - Dreams (Sub. Español).m4a
2025-10-18T17:54:23 update: added music/Oscu x Nobeat - Numero 1 (Video Oficial).mp3
2025-10-18T17:54:23 update: added music/3AM - LQND (Letra) _ Rain City ️.mp3
2025-10-18T17:54:23 ffmpeg/mov,mp4,m4a,3gp,3g2,mj2: stream 0, timescale not set
2025-10-18T17:54:23 update: added music/KURT- Sonreir (Video Oficial).m4a
2025-10-18T17:54:23 update: added music/The Score - The Champion (Audio)_256k.mp3
2025-10-18T17:54:23 update: added music/Just A Lil Bit.mp3
2025-10-18T17:54:23 update: added music/AaRON - Onassis.m4a
2025-10-18T17:54:23 ffmpeg/mov,mp4,m4a,3gp,3g2,mj2: stream 0, timescale not set
2025-10-18T17:54:23 update: added music/Apágala - Nanpa Básico (Video Oficial).m4a
2025-10-18T17:54:23 ffmpeg/mov,mp4,m4a,3gp,3g2,mj2: stream 0, timescale not set
2025-10-18T17:54:23 update: added music/Bee Gees - Stayin' Alive (1977).m4a
2025-10-18T17:54:23 ffmpeg/mov,mp4,m4a,3gp,3g2,mj2: stream 0, timescale not set
2025-10-18T17:54:23 update: added music/Imagine Dragons - Curse (Audio).m4a
2025-10-18T17:54:23 ffmpeg/mov,mp4,m4a,3gp,3g2,mj2: stream 0, timescale not set
2025-10-18T17:54:23 update: added music/Ellie Goulding- How Long Will I Love You.m4a
2025-10-18T17:54:23 ffmpeg/mov,mp4,m4a,3gp,3g2,mj2: stream 0, timescale not set
2025-10-18T17:54:23 update: added music/EDEN - Wake Up.m4a
2025-10-18T17:54:23 ffmpeg/mov,mp4,m4a,3gp,3g2,mj2: stream 0, timescale not set
2025-10-18T17:54:23 update: added music/Two Feet - Go Fuck Yourself _ Sub Español.m4a
2025-10-18T17:54:23 ffmpeg/mov,mp4,m4a,3gp,3g2,mj2: stream 0, timescale not set
2025-10-18T17:54:23 update: added music/Siddhartha - Me Hace Falta (Cap. 2 [Audio]).m4a
2025-10-18T17:54:23 ffmpeg/mov,mp4,m4a,3gp,3g2,mj2: stream 0, timescale not set
2025-10-18T17:54:23 update: added music/Maroon 5 - Memories (Audio).m4a
2025-10-18T17:54:23 ffmpeg/mov,mp4,m4a,3gp,3g2,mj2: stream 0, timescale not set
2025-10-18T17:54:23 update: added music/Aaron - Endless Song.m4a
2025-10-18T17:54:23 ffmpeg/mov,mp4,m4a,3gp,3g2,mj2: stream 0, timescale not set
2025-10-18T17:54:23 update: added music/Kavvo - DESDE QUE TE FUISTE (Lyric Video).m4a
2025-10-18T17:54:23 ffmpeg/mov,mp4,m4a,3gp,3g2,mj2: stream 0, timescale not set
2025-10-18T17:54:23 update: added music/No Dejes Que....m4a
2025-10-18T17:54:23 ffmpeg/mov,mp4,m4a,3gp,3g2,mj2: stream 0, timescale not set
2025-10-18T17:54:23 update: added music/Queens Of The Stone Age - Little Sister.m4a
2025-10-18T17:54:23 ffmpeg/mov,mp4,m4a,3gp,3g2,mj2: stream 0, timescale not set
2025-10-18T17:54:23 update: added music/Eden - Wonder (Sub. Español)_low.m4a
2025-10-18T17:54:23 ffmpeg/mov,mp4,m4a,3gp,3g2,mj2: stream 0, timescale not set
2025-10-18T17:54:23 update: added music/Trueno, Nicki Nicole, Bizarrap - MAMICHULA.m4a
2025-10-18T17:54:23 ffmpeg/mov,mp4,m4a,3gp,3g2,mj2: stream 0, timescale not set
2025-10-18T17:54:23 update: added music/Yuna - Deeper conversation (Español).m4a
2025-10-18T17:54:23 update: added music/Los Aldeanos.- Un dia diferente.m4a
2025-10-18T17:54:23 ffmpeg/mov,mp4,m4a,3gp,3g2,mj2: stream 0, timescale not set
2025-10-18T17:54:23 update: added music/Audioslave Light My Way.m4a
2025-10-18T17:54:23 update: added music/Confetti - Ghost (Official Audio)_256k.mp3
2025-10-18T17:54:23 ffmpeg/mov,mp4,m4a,3gp,3g2,mj2: stream 0, timescale not set
2025-10-18T17:54:23 update: added music/Undisclosed Desires.m4a
2025-10-18T17:54:23 ffmpeg/mov,mp4,m4a,3gp,3g2,mj2: stream 0, timescale not set
2025-10-18T17:54:23 update: added music/Guns N' Roses - Don't Cry.m4a
2025-10-18T17:54:23 ffmpeg/mov,mp4,m4a,3gp,3g2,mj2: stream 0, timescale not set
2025-10-18T17:54:23 update: added music/Feeling You.m4a
2025-10-18T17:54:23 ffmpeg/mov,mp4,m4a,3gp,3g2,mj2: stream 0, timescale not set
2025-10-18T17:54:23 update: added music/Ready Aim Fire - Imagine Dragons (Audio).m4a
2025-10-18T17:54:23 update: added music/Joji - Tick Tock (Official Video).mp3
2025-10-18T17:54:23 update: added music/3AM - Siempre (Letra).mp3
2025-10-18T17:54:23 update: added music/Santa Fe Klan, Dharius, Gera MX, Neto Peña, TiroLoko - Ojos Tumbados (Video Ofic.mp3
2025-10-18T17:54:23 ffmpeg/mov,mp4,m4a,3gp,3g2,mj2: stream 0, timescale not set
2025-10-18T17:54:23 update: added music/Blackbear - 4u (Español).m4a
2025-10-18T17:54:23 ffmpeg/mov,mp4,m4a,3gp,3g2,mj2: stream 0, timescale not set
2025-10-18T17:54:23 update: added music/Clean Bandit - Symphony feat. Zara Larsson -Lyrics-.m4a
2025-10-18T17:54:23 ffmpeg/mov,mp4,m4a,3gp,3g2,mj2: stream 0, timescale not set
2025-10-18T17:54:23 update: added music/Des Rocs - Let Me Live - Let Me Die (Audio).m4a
2025-10-18T17:54:23 ffmpeg/mov,mp4,m4a,3gp,3g2,mj2: stream 0, timescale not set
2025-10-18T17:54:23 update: added music/Aerosmith - Amazing.m4a
2025-10-18T17:54:23 update: added music/Siddhartha - 00-00 (Video Oficial).mp3
2025-10-18T17:54:23 ffmpeg/mov,mp4,m4a,3gp,3g2,mj2: stream 0, timescale not set
2025-10-18T17:54:23 update: added music/The Struts - Body Talks ft. Kesha.m4a
2025-10-18T17:54:23 update: added music/Confetti - Dear God (Audio).mp3
2025-10-18T17:54:23 ffmpeg/mov,mp4,m4a,3gp,3g2,mj2: stream 0, timescale not set
2025-10-18T17:54:23 update: added music/Nunatak Feat Carlos Sadness - Disonancia perfecta (Acústico).m4a
2025-10-18T17:54:23 update: added music/Sofia Reyes- How to love ft. Cash Cash.m4a
2025-10-18T17:54:23 ffmpeg/mov,mp4,m4a,3gp,3g2,mj2: stream 0, timescale not set
2025-10-18T17:54:23 update: added music/Hozier - Take Me To Church (Official Video).m4a
2025-10-18T17:54:23 ffmpeg/mov,mp4,m4a,3gp,3g2,mj2: stream 0, timescale not set
2025-10-18T17:54:23 update: added music/Believer.m4a
2025-10-18T17:54:23 ffmpeg/mov,mp4,m4a,3gp,3g2,mj2: stream 0, timescale not set
2025-10-18T17:54:23 update: added music/Digital.m4a
2025-10-18T17:54:23 ffmpeg/mov,mp4,m4a,3gp,3g2,mj2: stream 0, timescale not set
2025-10-18T17:54:23 update: added music/Jósean Log - La Luna (Lyric Video).m4a
2025-10-18T17:54:23 ffmpeg/mov,mp4,m4a,3gp,3g2,mj2: stream 0, timescale not set
2025-10-18T17:54:23 update: added music/Bullet In A Gun.m4a
2025-10-18T17:54:23 ffmpeg/mov,mp4,m4a,3gp,3g2,mj2: stream 0, timescale not set
2025-10-18T17:54:23 update: added music/Maybe on the Moon.m4a
2025-10-18T17:54:23 ffmpeg/mov,mp4,m4a,3gp,3g2,mj2: stream 0, timescale not set
2025-10-18T17:54:23 update: added music/Kar Accidents - El sol y la luna.m4a
2025-10-18T17:54:23 update: added music/Joji - High Hopes (ft. Omar Apollo) (Official Audio).mp3
2025-10-18T17:54:23 ffmpeg/mov,mp4,m4a,3gp,3g2,mj2: stream 0, timescale not set
2025-10-18T17:54:23 update: added music/Flowklorikos - Donde duele, inspira.m4a
2025-10-18T17:54:23 ffmpeg/mov,mp4,m4a,3gp,3g2,mj2: stream 0, timescale not set
2025-10-18T17:54:23 update: added music/Dread Mar I - arbol sin hojas.m4a
2025-10-18T17:54:23 ffmpeg/mov,mp4,m4a,3gp,3g2,mj2: stream 0, timescale not set
2025-10-18T17:54:23 update: added music/MGMT - Time To Pretend.m4a
2025-10-18T17:54:23 update: added music/MISSIO - Twisted (Audio).mp3
2025-10-18T17:54:23 ffmpeg/mov,mp4,m4a,3gp,3g2,mj2: stream 0, timescale not set
2025-10-18T17:54:23 update: added music/EL ESTRÉN - CRUDO MEANS RAW & THE COLOMBIANS - ESMERALDAS.m4a
2025-10-18T17:54:23 ffmpeg/mov,mp4,m4a,3gp,3g2,mj2: stream 0, timescale not set
2025-10-18T17:54:23 update: added music/Dread Mar I - Tu Sin Mi   (Video oficial).m4a
2025-10-18T17:54:23 ffmpeg/mov,mp4,m4a,3gp,3g2,mj2: stream 0, timescale not set
2025-10-18T17:54:23 update: added music/Keane - A Bad Dream.m4a
2025-10-18T17:54:23 ffmpeg/mov,mp4,m4a,3gp,3g2,mj2: stream 0, timescale not set
2025-10-18T17:54:23 update: added music/Freak (feat. REI AMI) [Official Lyric Video].m4a
2025-10-18T17:54:23 ffmpeg/mov,mp4,m4a,3gp,3g2,mj2: stream 0, timescale not set
2025-10-18T17:54:23 update: added music/The Middle.mp4
2025-10-18T17:54:23 ffmpeg/mov,mp4,m4a,3gp,3g2,mj2: stream 0, timescale not set
2025-10-18T17:54:23 update: added music/Kygo - This Town ft. Sasha Sloan.m4a
2025-10-18T17:54:23 update: added music/Trueno, Duki - PANAMÁ (Video Oficial).mp3
2025-10-18T17:54:23 update: added music/Bad Bunny - Moscow Mule (Official Video) _ Un Verano Sin Ti.mp3
2025-10-18T17:54:23 ffmpeg/mov,mp4,m4a,3gp,3g2,mj2: stream 0, timescale not set
2025-10-18T17:54:23 update: added music/Loco (Tu Forma De Ser) (Remasterized 2001).m4a
2025-10-18T17:54:23 update: added music/CENOB1TE & Midnight Conspiracy - Sentinel (Original Mix) HD.m4a
2025-10-18T17:54:23 update: added music/Eladio Carrión, Smokepurpp - Huh_ (Visualizer) _ Sauce Boyz.mp3
2025-10-18T17:54:23 ffmpeg/mov,mp4,m4a,3gp,3g2,mj2: stream 0, timescale not set
2025-10-18T17:54:23 update: added music/Don Omar - Blue Zone (Lyric Video).m4a
2025-10-18T17:54:23 ffmpeg/mov,mp4,m4a,3gp,3g2,mj2: stream 0, timescale not set
2025-10-18T17:54:23 update: added music/Selena Gomez - Bad Liar.m4a
2025-10-18T17:54:23 update: added music/Harry Styles - Adore You (Official Audio).mp3
2025-10-18T17:54:23 ffmpeg/mov,mp4,m4a,3gp,3g2,mj2: stream 0, timescale not set
2025-10-18T17:54:23 update: added music/MESITA - OBAMA.m4a
2025-10-18T17:54:23 ffmpeg/mov,mp4,m4a,3gp,3g2,mj2: stream 0, timescale not set
2025-10-18T17:54:23 update: added music/SFDK con GREEN VALLEY- CANTANDO BAJO LA VIDA  (LYRIC VIDEO).m4a
2025-10-18T17:54:23 ffmpeg/mov,mp4,m4a,3gp,3g2,mj2: stream 0, timescale not set
2025-10-18T17:54:23 update: added music/The Killers - Read My Mind.m4a
2025-10-18T17:54:23 ffmpeg/mov,mp4,m4a,3gp,3g2,mj2: stream 0, timescale not set
2025-10-18T17:54:23 update: added music/Carla Morrison - te regalo (letra).m4a
2025-10-18T17:54:23 ffmpeg/mov,mp4,m4a,3gp,3g2,mj2: stream 0, timescale not set
2025-10-18T17:54:23 update: added music/Too Late To Say Goodbye.m4a
2025-10-18T17:54:23 ffmpeg/mov,mp4,m4a,3gp,3g2,mj2: stream 0, timescale not set
2025-10-18T17:54:23 update: added music/Jaymes Young - I'll Be Good _ Sub Español.m4a
2025-10-18T17:54:23 ffmpeg/mov,mp4,m4a,3gp,3g2,mj2: stream 0, timescale not set
2025-10-18T17:54:23 update: added music/13 - LA DEL ESTRIBO - APA Y CAN.m4a
2025-10-18T17:54:23 update: added music/Lupillo Rivera, Alemán, Santa Fe Klan, B-Real, Snoop Dogg - Grandes Ligas (Audio.mp3
2025-10-18T17:54:23 ffmpeg/mov,mp4,m4a,3gp,3g2,mj2: stream 0, timescale not set
2025-10-18T17:54:23 update: added music/Aventura - Ella y Yo (ft. Don Omar).m4a
2025-10-18T17:54:23 update: added music/Ellise - 911 (Lyrics)_256k.mp3
2025-10-18T17:54:23 update: added music/Pharrell Wiliams- Happy.m4a
2025-10-18T17:54:23 update: added music/Nicki Nicole, Tiago PZK - Dame (Official Lyric Video).mp3
2025-10-18T17:54:23 ffmpeg/mov,mp4,m4a,3gp,3g2,mj2: stream 0, timescale not set
2025-10-18T17:54:23 update: added music/Imagine Dragons - In Your Corner (Official Lyric Video).m4a
2025-10-18T17:54:23 ffmpeg/mov,mp4,m4a,3gp,3g2,mj2: stream 0, timescale not set
2025-10-18T17:54:23 update: added music/Combustión - Jósean Log.m4a
2025-10-18T17:54:23 ffmpeg/mov,mp4,m4a,3gp,3g2,mj2: stream 0, timescale not set
2025-10-18T17:54:23 update: added music/Earned It (Fifty Shades Of Grey) (From The 'Fifty Shades Of Grey' Soundtrack) (E.m4a
2025-10-18T17:54:23 ffmpeg/mov,mp4,m4a,3gp,3g2,mj2: stream 0, timescale not set
2025-10-18T17:54:23 update: added music/Enamorado tuyo.m4a
2025-10-18T17:54:23 ffmpeg/mov,mp4,m4a,3gp,3g2,mj2: stream 0, timescale not set
2025-10-18T17:54:23 update: added music/Feid - Estoy Mejor Sin Ti (Video Oficial).m4a
2025-10-18T17:54:24 ffmpeg/mov,mp4,m4a,3gp,3g2,mj2: stream 0, timescale not set
2025-10-18T17:54:24 update: added music/Piledriver waltz.m4a
2025-10-18T17:54:24 ffmpeg/mov,mp4,m4a,3gp,3g2,mj2: stream 0, timescale not set
2025-10-18T17:54:24 update: added music/los pericos - RUNAWAY (- cuidame bien -).m4a
2025-10-18T17:54:24 ffmpeg/mov,mp4,m4a,3gp,3g2,mj2: stream 0, timescale not set
2025-10-18T17:54:24 update: added music/Elliott Smith - Between The Bars (Lyrics).m4a
2025-10-18T17:54:24 ffmpeg/mov,mp4,m4a,3gp,3g2,mj2: stream 0, timescale not set
2025-10-18T17:54:24 update: added music/Aventura - Obsesion.m4a
2025-10-18T17:54:24 ffmpeg/mov,mp4,m4a,3gp,3g2,mj2: stream 0, timescale not set
2025-10-18T17:54:24 update: added music/LP - Lost On You -Official Video-.m4a
2025-10-18T17:54:24 update: added music/Hello Cotto.mp3
2025-10-18T17:54:24 ffmpeg/mov,mp4,m4a,3gp,3g2,mj2: stream 0, timescale not set
2025-10-18T17:54:24 update: added music/Selena Gomez - The Heart Wants What It Wants (Official Video).m4a
2025-10-18T17:54:24 ffmpeg/mov,mp4,m4a,3gp,3g2,mj2: stream 0, timescale not set
2025-10-18T17:54:24 update: added music/twenty one pilots- Tear In My Heart [OFFICIAL VIDEO].m4a
2025-10-18T17:54:24 ffmpeg/mov,mp4,m4a,3gp,3g2,mj2: stream 0, timescale not set
2025-10-18T17:54:24 update: added music/Myke Towers & Benny Blanco - Degenere.m4a
2025-10-18T17:54:24 update: added music/WOS - ARRANCARMELO (Video Oficial).mp3
2025-10-18T17:54:24 ffmpeg/mov,mp4,m4a,3gp,3g2,mj2: stream 0, timescale not set
2025-10-18T17:54:24 update: added music/Hazme una Señal (Gimme Little Sign).m4a
2025-10-18T17:54:24 ffmpeg/mov,mp4,m4a,3gp,3g2,mj2: stream 0, timescale not set
2025-10-18T17:54:24 update: added music/Natalia Lafourcade - Tú sí sabes quererme (en manos de Los Macorinos).m4a
2025-10-18T17:54:24 update: added music/3AM - No Soy DiCaprio (Video Oficial).mp3
2025-10-18T17:54:24 update: added music/Passenger- Beatiful birds.mp3
2025-10-18T17:54:24 ffmpeg/mov,mp4,m4a,3gp,3g2,mj2: stream 0, timescale not set
2025-10-18T17:54:24 update: added music/Trueno - NO CAP (Visualizer).m4a
2025-10-18T17:54:24 ffmpeg/mov,mp4,m4a,3gp,3g2,mj2: stream 0, timescale not set
2025-10-18T17:54:24 update: added music/BorderLine - No era un Niño Normal (Morir Joven).m4a
2025-10-18T17:54:24 ffmpeg/mov,mp4,m4a,3gp,3g2,mj2: stream 0, timescale not set
2025-10-18T17:54:24 update: added music/Feel It Still.m4a
2025-10-18T17:54:24 ffmpeg/mov,mp4,m4a,3gp,3g2,mj2: stream 0, timescale not set
2025-10-18T17:54:24 update: added music/Radiohead - Creep -Subtitulado Español-.m4a
2025-10-18T17:54:24 ffmpeg/mov,mp4,m4a,3gp,3g2,mj2: stream 0, timescale not set
2025-10-18T17:54:24 update: added music/How You Remind Me.m4a
2025-10-18T17:54:24 update: added music/Un Coco.mp3
2025-10-18T17:54:24 ffmpeg/mov,mp4,m4a,3gp,3g2,mj2: stream 0, timescale not set
2025-10-18T17:54:24 update: added music/Smoke And Mirrors.m4a
2025-10-18T17:54:24 ffmpeg/mov,mp4,m4a,3gp,3g2,mj2: stream 0, timescale not set
2025-10-18T17:54:24 update: added music/Álvaro Díaz, Feid - GATITAS SANDUNGUERAS VOL.1 (Visualizer).m4a
2025-10-18T17:54:24 ffmpeg/mov,mp4,m4a,3gp,3g2,mj2: stream 0, timescale not set
2025-10-18T17:54:24 update: added music/Christian Nodal - Adios Amor (Video Oficial) (2016) - 'EXCLUSIVO'.m4a
2025-10-18T17:54:24 ffmpeg/mov,mp4,m4a,3gp,3g2,mj2: stream 0, timescale not set
2025-10-18T17:54:24 update: added music/Radiohead - All I Need -Sub Español- HD.m4a
2025-10-18T17:54:24 ffmpeg/mov,mp4,m4a,3gp,3g2,mj2: stream 0, timescale not set
2025-10-18T17:54:24 update: added music/Carly Rae Jepsen - Your Type (Audio).m4a
2025-10-18T17:54:24 ffmpeg/mov,mp4,m4a,3gp,3g2,mj2: stream 0, timescale not set
2025-10-18T17:54:24 update: added music/Two Feet - You Say (Audio).m4a
2025-10-18T17:54:24 ffmpeg/mov,mp4,m4a,3gp,3g2,mj2: stream 0, timescale not set
2025-10-18T17:54:24 update: added music/DEL NEGOCIANTE - Los Plebes del Rancho de Ariel Camacho (Video Oficial) _ DEL Re.m4a
2025-10-18T17:54:24 update: added music/Easy_256k.mp3
2025-10-18T17:54:24 update: added music/Maty Noyes - New Friends (Audio).mp3
2025-10-18T17:54:24 ffmpeg/mov,mp4,m4a,3gp,3g2,mj2: stream 0, timescale not set
2025-10-18T17:54:24 update: added music/K-Paz De La Sierra - Mi Credo.m4a
2025-10-18T17:54:24 ffmpeg/mov,mp4,m4a,3gp,3g2,mj2: stream 0, timescale not set
2025-10-18T17:54:24 update: added music/TheFatRat - Rise Up.m4a
2025-10-18T17:54:24 ffmpeg/mov,mp4,m4a,3gp,3g2,mj2: stream 0, timescale not set
2025-10-18T17:54:24 update: added music/Blossom.m4a
2025-10-18T17:54:24 ffmpeg/mov,mp4,m4a,3gp,3g2,mj2: stream 0, timescale not set
2025-10-18T17:54:24 update: added music/Electric Feel.m4a
2025-10-18T17:54:24 ffmpeg/mov,mp4,m4a,3gp,3g2,mj2: stream 0, timescale not set
2025-10-18T17:54:24 update: added music/Kurt - La Mujer Perfecta (Lyric Video).m4a
2025-10-18T17:54:24 ffmpeg/mov,mp4,m4a,3gp,3g2,mj2: stream 0, timescale not set
2025-10-18T17:54:24 update: added music/Soda Stereo - De Música Ligera.m4a
2025-10-18T17:54:24 ffmpeg/mov,mp4,m4a,3gp,3g2,mj2: stream 0, timescale not set
2025-10-18T17:54:24 update: added music/Te Deseo Lo Mejor.m4a
2025-10-18T17:54:24 ffmpeg/mov,mp4,m4a,3gp,3g2,mj2: stream 0, timescale not set
2025-10-18T17:54:24 update: added music/Amp Live - Penny Nickel Dime (Dirt Monkey Remix).m4a
2025-10-18T17:54:24 ffmpeg/mov,mp4,m4a,3gp,3g2,mj2: stream 0, timescale not set
2025-10-18T17:54:24 update: added music/Rise Up.m4a
2025-10-18T17:54:24 ffmpeg/mov,mp4,m4a,3gp,3g2,mj2: stream 0, timescale not set
2025-10-18T17:54:24 update: added music/Banda La Trakalosa - Borracho de amor (Video Oficial).m4a
2025-10-18T17:54:24 ffmpeg/mov,mp4,m4a,3gp,3g2,mj2: stream 0, timescale not set
2025-10-18T17:54:24 update: added music/William Bolton - Don't Lose Your Faith.m4a
2025-10-18T17:54:24 ffmpeg/mov,mp4,m4a,3gp,3g2,mj2: stream 0, timescale not set
2025-10-18T17:54:24 update: added music/Julieta Venegas - Me Voy.m4a
2025-10-18T17:54:24 ffmpeg/mov,mp4,m4a,3gp,3g2,mj2: stream 0, timescale not set
2025-10-18T17:54:24 update: added music/BRATTY - Tu Canción (Lyric Video).m4a
2025-10-18T17:54:24 ffmpeg/mov,mp4,m4a,3gp,3g2,mj2: stream 0, timescale not set
2025-10-18T17:54:24 update: added music/Avenged Sevenfold - So Far Away -Official Music Video-.m4a
2025-10-18T17:54:24 ffmpeg/mov,mp4,m4a,3gp,3g2,mj2: stream 0, timescale not set
2025-10-18T17:54:24 update: added music/Eminem - Rap God (Explicit).m4a
2025-10-18T17:54:24 ffmpeg/mov,mp4,m4a,3gp,3g2,mj2: stream 0, timescale not set
2025-10-18T17:54:24 update: added music/Rapsusklei & Canserbero- Dando Y Perdiendo (letra).m4a
2025-10-18T17:54:24 ffmpeg/mov,mp4,m4a,3gp,3g2,mj2: stream 0, timescale not set
2025-10-18T17:54:24 update: added music/Paramore- Still Into You -OFFICIAL VIDEO-.m4a
2025-10-18T17:54:24 ffmpeg/mov,mp4,m4a,3gp,3g2,mj2: stream 0, timescale not set
2025-10-18T17:54:24 update: added music/Drown.m4a
2025-10-18T17:54:24 ffmpeg/mov,mp4,m4a,3gp,3g2,mj2: stream 0, timescale not set
2025-10-18T17:54:24 update: added music/Sleep Alone.m4a
2025-10-18T17:54:24 ffmpeg/mov,mp4,m4a,3gp,3g2,mj2: stream 0, timescale not set
2025-10-18T17:54:24 update: added music/Audioslave - Doesn't Remind Me.m4a
2025-10-18T17:54:24 ffmpeg/mov,mp4,m4a,3gp,3g2,mj2: stream 0, timescale not set
2025-10-18T17:54:24 update: added music/Linkin Park - Numb (Official Video).m4a
2025-10-18T17:54:24 ffmpeg/mov,mp4,m4a,3gp,3g2,mj2: stream 0, timescale not set
2025-10-18T17:54:24 update: added music/Real 70 Crew - Mi Novia Platónica (AUDIO).m4a
2025-10-18T17:54:24 ffmpeg/mov,mp4,m4a,3gp,3g2,mj2: stream 0, timescale not set
2025-10-18T17:54:24 update: added music/Billie Eilish - bad guy.m4a
2025-10-18T17:54:24 ffmpeg/mov,mp4,m4a,3gp,3g2,mj2: stream 0, timescale not set
2025-10-18T17:54:24 update: added music/Te metiste - Ariel Camacho (Letra).m4a
2025-10-18T17:54:24 ffmpeg/mov,mp4,m4a,3gp,3g2,mj2: stream 0, timescale not set
2025-10-18T17:54:24 update: added music/Chiiild - Pirouette (Audio).m4a
2025-10-18T17:54:24 update: added music/Feid - Normal (Lyric Video).mp3
2025-10-18T17:54:24 ffmpeg/mov,mp4,m4a,3gp,3g2,mj2: stream 0, timescale not set
2025-10-18T17:54:24 update: added music/En Algun Lugar.m4a
2025-10-18T17:54:24 update: added music/Leave Me_256k.mp3
2025-10-18T17:54:24 ffmpeg/mov,mp4,m4a,3gp,3g2,mj2: stream 0, timescale not set
2025-10-18T17:54:24 update: added music/Yesterday.m4a
2025-10-18T17:54:24 ffmpeg/mov,mp4,m4a,3gp,3g2,mj2: stream 0, timescale not set
2025-10-18T17:54:24 update: added music/Cha-Ching (Till We Grow Older).m4a
2025-10-18T17:54:24 ffmpeg/mov,mp4,m4a,3gp,3g2,mj2: stream 0, timescale not set
2025-10-18T17:54:24 update: added music/alt-J (∆) Breezeblocks.m4a
2025-10-18T17:54:24 ffmpeg/mov,mp4,m4a,3gp,3g2,mj2: stream 0, timescale not set
2025-10-18T17:54:24 update: added music/Billie Eilish - Ocean Eyes (Dance Performance Video).m4a
2025-10-18T17:54:24 ffmpeg/mov,mp4,m4a,3gp,3g2,mj2: stream 0, timescale not set
2025-10-18T17:54:24 update: added music/Two Feet - Call Me, I Still Love You (Audio).m4a
2025-10-18T17:54:24 ffmpeg/mov,mp4,m4a,3gp,3g2,mj2: stream 0, timescale not set
2025-10-18T17:54:24 update: added music/Wake Up Alone.m4a
2025-10-18T17:54:24 update: added music/John C X Neo pistea X Bhavi X Trueno - C90 Remix (Video Oficial)_256k.mp3
2025-10-18T17:54:24 ffmpeg/mov,mp4,m4a,3gp,3g2,mj2: stream 0, timescale not set
2025-10-18T17:54:24 update: added music/Drops.m4a
2025-10-18T17:54:24 ffmpeg/mov,mp4,m4a,3gp,3g2,mj2: stream 0, timescale not set
2025-10-18T17:54:24 update: added music/-Electro House- Panda Eyes - Antipixel.m4a
2025-10-18T17:54:24 ffmpeg/mov,mp4,m4a,3gp,3g2,mj2: stream 0, timescale not set
2025-10-18T17:54:24 update: added music/WOS - CANGURO.m4a
2025-10-18T17:54:24 ffmpeg/mov,mp4,m4a,3gp,3g2,mj2: stream 0, timescale not set
2025-10-18T17:54:24 update: added music/Sia - Cheap Thrills (Audio).m4a
2025-10-18T17:54:24 ffmpeg/mov,mp4,m4a,3gp,3g2,mj2: stream 0, timescale not set
2025-10-18T17:54:24 update: added music/You Should Be Dancing.m4a
2025-10-18T17:54:24 update: added music/Electric Enemy - Voices (Official Audio).mp3
2025-10-18T17:54:24 ffmpeg/mov,mp4,m4a,3gp,3g2,mj2: stream 0, timescale not set
2025-10-18T17:54:24 update: added music/Lil Supa' - Fe de Errata (Vídeo Oficial).m4a
2025-10-18T17:54:24 update: added music/Rachel Plattel- Stand by you.m4a
2025-10-18T17:54:24 ffmpeg/mov,mp4,m4a,3gp,3g2,mj2: stream 0, timescale not set
2025-10-18T17:54:24 update: added music/Somebody That I Used To Know_HD.m4a
2025-10-18T17:54:24 ffmpeg/mov,mp4,m4a,3gp,3g2,mj2: stream 0, timescale not set
2025-10-18T17:54:24 update: added music/Christina Perri - Human -Official Video-.m4a
2025-10-18T17:54:24 ffmpeg/mov,mp4,m4a,3gp,3g2,mj2: stream 0, timescale not set
2025-10-18T17:54:24 update: added music/Nirvana - Come As You Are.m4a
2025-10-18T17:54:24 update: added music/Arcángel, Miky Woodz, Jay Wheeler - Si Te Veo (Video Oficial).mp3
2025-10-18T17:54:24 ffmpeg/mov,mp4,m4a,3gp,3g2,mj2: stream 0, timescale not set
2025-10-18T17:54:24 update: added music/Rauw Alejandro & Chencho Corleone - El Efecto (Video Oficial).m4a
2025-10-18T17:54:24 ffmpeg/mov,mp4,m4a,3gp,3g2,mj2: stream 0, timescale not set
2025-10-18T17:54:24 update: added music/SAINT MOTEL - 'Move' (Official Video).m4a
2025-10-18T17:54:24 ffmpeg/mov,mp4,m4a,3gp,3g2,mj2: stream 0, timescale not set
2025-10-18T17:54:24 update: added music/Birds.m4a
2025-10-18T17:54:24 update: added music/Carla Morrison - Falta de respeto (letra).m4a
2025-10-18T17:54:24 update: added music/The Other Side Of Paradise_256k.mp3
2025-10-18T17:54:24 ffmpeg/mov,mp4,m4a,3gp,3g2,mj2: stream 0, timescale not set
2025-10-18T17:54:24 update: added music/listen before i go.m4a
2025-10-18T17:54:24 ffmpeg/mov,mp4,m4a,3gp,3g2,mj2: stream 0, timescale not set
2025-10-18T17:54:24 update: added music/Something Human.m4a
2025-10-18T17:54:24 ffmpeg/mov,mp4,m4a,3gp,3g2,mj2: stream 0, timescale not set
2025-10-18T17:54:24 update: added music/San Cisco - Awkward.m4a
2025-10-18T17:54:24 update: added music/Reik, Rauw Alejandro - Loquita (Video Oficial).mp3
2025-10-18T17:54:24 ffmpeg/mov,mp4,m4a,3gp,3g2,mj2: stream 0, timescale not set
2025-10-18T17:54:24 update: added music/Dissolve.m4a
2025-10-18T17:54:24 ffmpeg/mov,mp4,m4a,3gp,3g2,mj2: stream 0, timescale not set
2025-10-18T17:54:24 update: added music/P!nk - Just Give Me A Reason ft. Nate Ruess.m4a
2025-10-18T17:54:24 ffmpeg/mov,mp4,m4a,3gp,3g2,mj2: stream 0, timescale not set
2025-10-18T17:54:24 update: added music/Tame Impala - Feels Like We Only Go Backwards.m4a
2025-10-18T17:54:24 ffmpeg/mov,mp4,m4a,3gp,3g2,mj2: stream 0, timescale not set
2025-10-18T17:54:24 update: added music/Canela.m4a
2025-10-18T17:54:24 ffmpeg/mov,mp4,m4a,3gp,3g2,mj2: stream 0, timescale not set
2025-10-18T17:54:24 update: added music/R U Mine_.m4a
2025-10-18T17:54:24 ffmpeg/mov,mp4,m4a,3gp,3g2,mj2: stream 0, timescale not set
2025-10-18T17:54:24 update: added music/America.m4a
2025-10-18T17:54:24 ffmpeg/mov,mp4,m4a,3gp,3g2,mj2: stream 0, timescale not set
2025-10-18T17:54:24 update: added music/The White Stripes - 'Seven Nation Army'.m4a
2025-10-18T17:54:24 ffmpeg/mov,mp4,m4a,3gp,3g2,mj2: stream 0, timescale not set
2025-10-18T17:54:24 update: added music/Kavvo - BESOS Y TE AMOS.m4a
2025-10-18T17:54:24 ffmpeg/mov,mp4,m4a,3gp,3g2,mj2: stream 0, timescale not set
2025-10-18T17:54:24 update: added music/Shawn Mendes - There's Nothing Holdin' Me Back.m4a
2025-10-18T17:54:24 ffmpeg/mov,mp4,m4a,3gp,3g2,mj2: stream 0, timescale not set
2025-10-18T17:54:24 update: added music/Carla Morrison - Sin Despedir -Letra - Descarga Álbum-.m4a
2025-10-18T17:54:24 ffmpeg/mov,mp4,m4a,3gp,3g2,mj2: stream 0, timescale not set
2025-10-18T17:54:24 update: added music/Justin Bieber - Intentions (Official Video (Short Version)) ft. Quavo.m4a
2025-10-18T17:54:24 ffmpeg/mov,mp4,m4a,3gp,3g2,mj2: stream 0, timescale not set
2025-10-18T17:54:24 update: added music/WOS - OKUPA.m4a
2025-10-18T17:54:24 ffmpeg/mov,mp4,m4a,3gp,3g2,mj2: stream 0, timescale not set
2025-10-18T17:54:24 update: added music/Imagine Dragons - The Unknown (Audio)(1).m4a
2025-10-18T17:54:24 ffmpeg/mov,mp4,m4a,3gp,3g2,mj2: stream 0, timescale not set
2025-10-18T17:54:24 update: added music/Imagine Dragons - Speechless (Audio).m4a
2025-10-18T17:54:24 update: added music/Me Before You - X Ambassadors 'Unsteady' (Erich Lee Gravity Remix).m4a
2025-10-18T17:54:24 ffmpeg/mov,mp4,m4a,3gp,3g2,mj2: stream 0, timescale not set
2025-10-18T17:54:24 update: added music/Jaymes Young - Come Back For Me (Español).m4a
2025-10-18T17:54:24 ffmpeg/mov,mp4,m4a,3gp,3g2,mj2: stream 0, timescale not set
2025-10-18T17:54:24 update: added music/She Moves In Her Own Way (Acoustic).m4a
2025-10-18T17:54:24 ffmpeg/mov,mp4,m4a,3gp,3g2,mj2: stream 0, timescale not set
2025-10-18T17:54:24 update: added music/Feel Trip.m4a
2025-10-18T17:54:24 ffmpeg/mov,mp4,m4a,3gp,3g2,mj2: stream 0, timescale not set
2025-10-18T17:54:24 update: added music/Gorillaz - Feel Good Inc. (Remastered).m4a
2025-10-18T17:54:24 ffmpeg/mov,mp4,m4a,3gp,3g2,mj2: stream 0, timescale not set
2025-10-18T17:54:24 update: added music/The Smiths - Ask (Official Music Video).m4a
2025-10-18T17:54:24 update: added music/Camila Cabello - Used to This (Audio).mp3
2025-10-18T17:54:24 update: added music/Paulo Londra - Chance (Official Video).mp3
2025-10-18T17:54:24 ffmpeg/mov,mp4,m4a,3gp,3g2,mj2: stream 0, timescale not set
2025-10-18T17:54:24 update: added music/The Kooks - Junk Of The Heart (Happy).m4a
2025-10-18T17:54:24 ffmpeg/mov,mp4,m4a,3gp,3g2,mj2: stream 0, timescale not set
2025-10-18T17:54:24 update: added music/Guns N' Roses - November Rain.m4a
2025-10-18T17:54:24 ffmpeg/mov,mp4,m4a,3gp,3g2,mj2: stream 0, timescale not set
2025-10-18T17:54:25 update: added music/UN MILLON DE PRIMAVERAS LYRIC VIDEO OFICIAL.m4a
2025-10-18T17:54:25 update: added music/Morodo - Mas yama.m4a
2025-10-18T17:54:25 ffmpeg/mov,mp4,m4a,3gp,3g2,mj2: stream 0, timescale not set
2025-10-18T17:54:25 update: added music/Stairway To Heaven.m4a
2025-10-18T17:54:25 ffmpeg/mov,mp4,m4a,3gp,3g2,mj2: stream 0, timescale not set
2025-10-18T17:54:25 update: added music/Canserbero - 08. Un día en el barrio (Muerte).m4a
2025-10-18T17:54:25 update: added music/Real 70 Crew - Pa' Ti No Hay Na' (AUDIO).m4a
2025-10-18T17:54:25 ffmpeg/mov,mp4,m4a,3gp,3g2,mj2: stream 0, timescale not set
2025-10-18T17:54:25 update: added music/Oasis - Don't Look Back In Anger (Official Video).m4a
2025-10-18T17:54:25 ffmpeg/mov,mp4,m4a,3gp,3g2,mj2: stream 0, timescale not set
2025-10-18T17:54:25 update: added music/AaRON - We Cut the Night.m4a
2025-10-18T17:54:25 update: added music/City Wolf - Dead Man Walking_256k.mp3
2025-10-18T17:54:25 ffmpeg/mov,mp4,m4a,3gp,3g2,mj2: stream 0, timescale not set
2025-10-18T17:54:25 update: added music/The Strokes - Reptilia.m4a
2025-10-18T17:54:25 update: added music/Bad Bunny (ft. The Marias) - Otro Atardecer (360° Visualizer) _ Un Verano Sin Ti.mp3
2025-10-18T17:54:25 ffmpeg/mov,mp4,m4a,3gp,3g2,mj2: stream 0, timescale not set
2025-10-18T17:54:25 update: added music/Imagine Dragons - Take My Heart Away (Music Video).m4a
2025-10-18T17:54:25 ffmpeg/mov,mp4,m4a,3gp,3g2,mj2: stream 0, timescale not set
2025-10-18T17:54:25 update: added music/Dream.m4a
2025-10-18T17:54:25 ffmpeg/mov,mp4,m4a,3gp,3g2,mj2: stream 0, timescale not set
2025-10-18T17:54:25 update: added music/06.10cc - I'm Not In Love (Guardianes de la Galaxia) (Sub. Español).m4a
2025-10-18T17:54:25 ffmpeg/mov,mp4,m4a,3gp,3g2,mj2: stream 0, timescale not set
2025-10-18T17:54:25 update: added music/Just The Way You Are.m4a
2025-10-18T17:54:25 ffmpeg/mov,mp4,m4a,3gp,3g2,mj2: stream 0, timescale not set
2025-10-18T17:54:25 update: added music/Canserbero - C'est la Mort (VIDEO OFICIAL).m4a
2025-10-18T17:54:25 update: added music/The Man Who - Natural Villain (Official Audio).mp3
2025-10-18T17:54:25 update: added music/Tiago PZK, Myke Towers - Traductor (Video Oficial).mp3
2025-10-18T17:54:25 ffmpeg/mov,mp4,m4a,3gp,3g2,mj2: stream 0, timescale not set
2025-10-18T17:54:25 update: added music/Taylor Swift - Wildest Dreams.m4a
2025-10-18T17:54:25 ffmpeg/mov,mp4,m4a,3gp,3g2,mj2: stream 0, timescale not set
2025-10-18T17:54:25 update: added music/SWAN A.k.a FYAHBWOY (El Chico de Fuego) - INNADIFLAMES - VIDEOCLIP OFICIAL HD In.m4a
2025-10-18T17:54:25 ffmpeg/mov,mp4,m4a,3gp,3g2,mj2: stream 0, timescale not set
2025-10-18T17:54:25 update: added music/Toploader - Dancing in the Moonlight.m4a
2025-10-18T17:54:25 ffmpeg/mov,mp4,m4a,3gp,3g2,mj2: stream 0, timescale not set
2025-10-18T17:54:25 update: added music/Audioslave - Show Me How to Live.m4a
2025-10-18T17:54:25 ffmpeg/mov,mp4,m4a,3gp,3g2,mj2: stream 0, timescale not set
2025-10-18T17:54:25 update: added music/MUSE - Dig Down -Official Music Video-.m4a
2025-10-18T17:54:25 ffmpeg/mov,mp4,m4a,3gp,3g2,mj2: stream 0, timescale not set
2025-10-18T17:54:25 update: added music/OneRepublic- Let's Hurt Tonight.m4a
2025-10-18T17:54:25 ffmpeg/mov,mp4,m4a,3gp,3g2,mj2: stream 0, timescale not set
2025-10-18T17:54:25 update: added music/Todavía Te Alcanzo a Ver.m4a
2025-10-18T17:54:25 update: added music/The Score - Can You Hear Me Now (Audio)_256k(1).mp3
2025-10-18T17:54:25 update: added music/WOS - MUGRE (Video Oficial).mp3
2025-10-18T17:54:25 ffmpeg/mov,mp4,m4a,3gp,3g2,mj2: stream 0, timescale not set
2025-10-18T17:54:25 update: added music/gondwana - sentimiento original.m4a
2025-10-18T17:54:25 update: added music/DUKI - GIVENCHY (Video Oficial).mp3
2025-10-18T17:54:25 ffmpeg/mov,mp4,m4a,3gp,3g2,mj2: stream 0, timescale not set
2025-10-18T17:54:25 update: added music/Supremacy.m4a
2025-10-18T17:54:25 ffmpeg/mov,mp4,m4a,3gp,3g2,mj2: stream 0, timescale not set
2025-10-18T17:54:25 update: added music/Kygo - Stay (Lyric Video) ft. Maty Noyes.m4a
2025-10-18T17:54:25 update: added music/Taylor Swift - Look What You Made Me Do (Lyric Video).m4a
2025-10-18T17:54:25 ffmpeg/mov,mp4,m4a,3gp,3g2,mj2: stream 0, timescale not set
2025-10-18T17:54:25 update: added music/4 Non Blondes - What's Up.m4a
2025-10-18T17:54:25 ffmpeg/mov,mp4,m4a,3gp,3g2,mj2: stream 0, timescale not set
2025-10-18T17:54:25 update: added music/Cigarette Daydreams.m4a
2025-10-18T17:54:25 update: added music/3AM - BENIHANA (Video Oficial) (Session).mp3
2025-10-18T17:54:25 ffmpeg/mov,mp4,m4a,3gp,3g2,mj2: stream 0, timescale not set
2025-10-18T17:54:25 update: added music/Fall Out Boy - The Last Of The Real Ones.m4a
2025-10-18T17:54:25 update: added music/Queens Of The Stone Age - In My Head.m4a
2025-10-18T17:54:25 update: added music/AViVA - GRRRLS (OFFICIAL VIDEO)_256k.mp3
2025-10-18T17:54:25 ffmpeg/mov,mp4,m4a,3gp,3g2,mj2: stream 0, timescale not set
2025-10-18T17:54:25 update: added music/SLOW DANCING IN THE DARK.m4a
2025-10-18T17:54:25 ffmpeg/mov,mp4,m4a,3gp,3g2,mj2: stream 0, timescale not set
2025-10-18T17:54:25 update: added music/Demons.m4a
2025-10-18T17:54:25 update: added music/Imagine Dragons - Easy Come Easy Go (Official Lyric Video)_256k.mp3
2025-10-18T17:54:25 ffmpeg/mov,mp4,m4a,3gp,3g2,mj2: stream 0, timescale not set
2025-10-18T17:54:25 update: added music/Siddhartha - Los felices (Audio Oficial).m4a
2025-10-18T17:54:25 update: added music/3AM - Hasta Que Lo Pierdes (Letra).mp3
2025-10-18T17:54:25 update: added music/Enemy (from the series Arcane League of Legends)_256k.mp3
2025-10-18T17:54:25 update: added music/Imagine Dragons - I Don't Like Myself (Official Lyric Video).mp3
2025-10-18T17:54:25 ffmpeg/mov,mp4,m4a,3gp,3g2,mj2: stream 0, timescale not set
2025-10-18T17:54:25 update: added music/LIT killah - Tan Bien (Official Video) ft. Agus Padilla.m4a
2025-10-18T17:54:25 ffmpeg/mov,mp4,m4a,3gp,3g2,mj2: stream 0, timescale not set
2025-10-18T17:54:25 update: added music/TASH SULTANA - JUNGLE (OFFICIAL AUDIO).m4a
2025-10-18T17:54:25 ffmpeg/mov,mp4,m4a,3gp,3g2,mj2: stream 0, timescale not set
2025-10-18T17:54:25 update: added music/Mansionair - Easier.m4a
2025-10-18T17:54:25 update: added music/Trueno - RAIN II (Video Oficial).mp3
2025-10-18T17:54:25 ffmpeg/mov,mp4,m4a,3gp,3g2,mj2: stream 0, timescale not set
2025-10-18T17:54:25 update: added music/Ed Sheeran - Happier -Official Audio-.m4a
2025-10-18T17:54:25 update: added music/Carla Morrison - Vez primera (letra).m4a
2025-10-18T17:54:25 update: added music/SKRILEX - FIRST OF THE YEAR (Equinox) -pleer.com-.mp3
2025-10-18T17:54:25 ffmpeg/mov,mp4,m4a,3gp,3g2,mj2: stream 0, timescale not set
2025-10-18T17:54:25 update: added music/Imagine Dragons - Uptight (Audio).m4a
2025-10-18T17:54:25 ffmpeg/mov,mp4,m4a,3gp,3g2,mj2: stream 0, timescale not set
2025-10-18T17:54:25 update: added music/Bring Me To Life.m4a
2025-10-18T17:54:25 ffmpeg/mov,mp4,m4a,3gp,3g2,mj2: stream 0, timescale not set
2025-10-18T17:54:25 update: added music/Bastille - Send Them Off!.m4a
2025-10-18T17:54:25 ffmpeg/mov,mp4,m4a,3gp,3g2,mj2: stream 0, timescale not set
2025-10-18T17:54:25 update: added music/Vicio (letra) - Camilo Séptimo.m4a
2025-10-18T17:54:25 ffmpeg/mov,mp4,m4a,3gp,3g2,mj2: stream 0, timescale not set
2025-10-18T17:54:25 update: added music/Surf Curse - Freaks (Sub. Español).m4a
2025-10-18T17:54:25 ffmpeg/mov,mp4,m4a,3gp,3g2,mj2: stream 0, timescale not set
2025-10-18T17:54:25 update: added music/Kaleo - Way Down We Go (Official Video).m4a
2025-10-18T17:54:25 ffmpeg/mov,mp4,m4a,3gp,3g2,mj2: stream 0, timescale not set
2025-10-18T17:54:25 update: added music/Meghan Trainor - Like I'm Gonna Lose You (Official Music Video) ft. John Legend.m4a
2025-10-18T17:54:25 ffmpeg/mov,mp4,m4a,3gp,3g2,mj2: stream 0, timescale not set
2025-10-18T17:54:25 update: added music/Gerardo Coronel 'El Jerry'  - Te felicito  [Video Oficial 2022].m4a
2025-10-18T17:54:25 update: added music/Cami - Funeral ft. WOS.mp3
2025-10-18T17:54:25 ffmpeg/mov,mp4,m4a,3gp,3g2,mj2: stream 0, timescale not set
2025-10-18T17:54:25 update: added music/Imagine Dragons - Gold (Audio).m4a
2025-10-18T17:54:25 ffmpeg/mov,mp4,m4a,3gp,3g2,mj2: stream 0, timescale not set
2025-10-18T17:54:25 update: added music/Yendo a la Casa de Damián.m4a
2025-10-18T17:54:25 ffmpeg/mov,mp4,m4a,3gp,3g2,mj2: stream 0, timescale not set
2025-10-18T17:54:25 update: added music/Jamming Sin Fronteras   Mcklopedia Rapsusklei Canserbero y Cesar Lopez.m4a
2025-10-18T17:54:25 update: added music/BabyJake - Cigarettes On Patios (Official Lyric Video).mp3
2025-10-18T17:54:25 ffmpeg/mov,mp4,m4a,3gp,3g2,mj2: stream 0, timescale not set
2025-10-18T17:54:25 update: added music/The Unlikely Candidates - Novocaine (Audio).m4a
2025-10-18T17:54:25 ffmpeg/mov,mp4,m4a,3gp,3g2,mj2: stream 0, timescale not set
2025-10-18T17:54:25 update: added music/Iridescent (Official Video) - Linkin Park.m4a
2025-10-18T17:54:25 ffmpeg/mov,mp4,m4a,3gp,3g2,mj2: stream 0, timescale not set
2025-10-18T17:54:25 update: added music/AaRON - BLOW.m4a
2025-10-18T17:54:25 update: added music/Maria Becerra - AUTOMÁTICO (Official Video).mp3
2025-10-18T17:54:25 ffmpeg/mov,mp4,m4a,3gp,3g2,mj2: stream 0, timescale not set
2025-10-18T17:54:25 update: added music/Arctic Monkeys - She Looks Like Fun (Official Audio).m4a
2025-10-18T17:54:25 update: added music/WOS - MELON VINO (Video Oficial)_256k.mp3
2025-10-18T17:54:25 ffmpeg/mov,mp4,m4a,3gp,3g2,mj2: stream 0, timescale not set
2025-10-18T17:54:25 update: added music/Land Of Talk - It's Okay.m4a
2025-10-18T17:54:25 ffmpeg/mov,mp4,m4a,3gp,3g2,mj2: stream 0, timescale not set
2025-10-18T17:54:25 update: added music/Ain't No Mountain High Enough.m4a
2025-10-18T17:54:25 ffmpeg/mov,mp4,m4a,3gp,3g2,mj2: stream 0, timescale not set
2025-10-18T17:54:25 update: added music/Galantis - Runaway (U & I) Audio.m4a
2025-10-18T17:54:25 update: added music/BAD BUNNY x DADDY YANKEE - LA SANTA _ YHLQMDLG [Visualizer].mp3
2025-10-18T17:54:25 update: added music/BAD BUNNY x JHAY CORTEZ - DÁKITI (Video Oficial).mp3
2025-10-18T17:54:25 ffmpeg/mov,mp4,m4a,3gp,3g2,mj2: stream 0, timescale not set
2025-10-18T17:54:25 update: added music/Handshake.m4a
2025-10-18T17:54:25 ffmpeg/mov,mp4,m4a,3gp,3g2,mj2: stream 0, timescale not set
2025-10-18T17:54:25 update: added music/Zuli - blaze.m4a
2025-10-18T17:54:25 ffmpeg/mov,mp4,m4a,3gp,3g2,mj2: stream 0, timescale not set
2025-10-18T17:54:25 update: added music/Oasis - Don't Go Away.m4a
2025-10-18T17:54:25 ffmpeg/mov,mp4,m4a,3gp,3g2,mj2: stream 0, timescale not set
2025-10-18T17:54:25 update: added music/Radiohead - 2-2=5 -Piano Cover-.m4a
2025-10-18T17:54:25 ffmpeg/mov,mp4,m4a,3gp,3g2,mj2: stream 0, timescale not set
2025-10-18T17:54:25 update: added music/I Don't Mind.m4a
2025-10-18T17:54:25 ffmpeg/mov,mp4,m4a,3gp,3g2,mj2: stream 0, timescale not set
2025-10-18T17:54:25 update: added music/Milky Chance - The Game (Official Video).m4a
2025-10-18T17:54:25 ffmpeg/mov,mp4,m4a,3gp,3g2,mj2: stream 0, timescale not set
2025-10-18T17:54:25 update: added music/Tame Impala - Let It Happen.m4a
2025-10-18T17:54:25 ffmpeg/mov,mp4,m4a,3gp,3g2,mj2: stream 0, timescale not set
2025-10-18T17:54:25 update: added music/Cover Up.m4a
2025-10-18T17:54:25 ffmpeg/mov,mp4,m4a,3gp,3g2,mj2: stream 0, timescale not set
2025-10-18T17:54:25 update: added music/Sweet Home Alabama.m4a
2025-10-18T17:54:25 ffmpeg/mov,mp4,m4a,3gp,3g2,mj2: stream 0, timescale not set
2025-10-18T17:54:25 update: added music/Burn It Down (Official Video) - Linkin Park.m4a
2025-10-18T17:54:25 ffmpeg/mov,mp4,m4a,3gp,3g2,mj2: stream 0, timescale not set
2025-10-18T17:54:25 update: added music/Nunatak - Disonancia Perfecta (Audio Oficial).m4a
2025-10-18T17:54:25 ffmpeg/mov,mp4,m4a,3gp,3g2,mj2: stream 0, timescale not set
2025-10-18T17:54:25 update: added music/Pyramid.m4a
2025-10-18T17:54:25 ffmpeg/mov,mp4,m4a,3gp,3g2,mj2: stream 0, timescale not set
2025-10-18T17:54:25 update: added music/Panic! At The Disco- Death Of A Bachelor -OFFICIAL VIDEO-.m4a
2025-10-18T17:54:25 ffmpeg/mov,mp4,m4a,3gp,3g2,mj2: stream 0, timescale not set
2025-10-18T17:54:25 update: added music/ELECTRO SWING - CUT CAPERS - SAY WHAT (PiSK REMIX).m4a
2025-10-18T17:54:25 ffmpeg/mov,mp4,m4a,3gp,3g2,mj2: stream 0, timescale not set
2025-10-18T17:54:25 update: added music/Red Hot Chili Peppers - Can't Stop -Official Music Video-.m4a
2025-10-18T17:54:25 update: added music/Deyco - Alas rotas (prod.bronze).mp3
2025-10-18T17:54:25 ffmpeg/mov,mp4,m4a,3gp,3g2,mj2: stream 0, timescale not set
2025-10-18T17:54:25 update: added music/Russ - Begging You (Official Audio).m4a
2025-10-18T17:54:25 ffmpeg/mov,mp4,m4a,3gp,3g2,mj2: stream 0, timescale not set
2025-10-18T17:54:25 update: added music/Panic Station.m4a
2025-10-18T17:54:25 ffmpeg/mov,mp4,m4a,3gp,3g2,mj2: stream 0, timescale not set
2025-10-18T17:54:25 update: added music/Siddhartha - Película (Letra) Cap. 3.m4a
2025-10-18T17:54:25 ffmpeg/mov,mp4,m4a,3gp,3g2,mj2: stream 0, timescale not set
2025-10-18T17:54:25 update: added music/Billie Eilish - COPYCAT (Audio).m4a
2025-10-18T17:54:25 ffmpeg/mov,mp4,m4a,3gp,3g2,mj2: stream 0, timescale not set
2025-10-18T17:54:25 update: added music/That's Life (Remastered 2008).m4a
2025-10-18T17:54:25 update: added music/QUISE SER FELIZ - ZARCORT Y ITOWNGAMEPLAY.m4a
2025-10-18T17:54:25 ffmpeg/mov,mp4,m4a,3gp,3g2,mj2: stream 0, timescale not set
2025-10-18T17:54:25 update: added music/BØRNS - American Money.m4a
2025-10-18T17:54:25 ffmpeg/mov,mp4,m4a,3gp,3g2,mj2: stream 0, timescale not set
2025-10-18T17:54:25 update: added music/Polaroid - Imagine Dragons (Audio).m4a
2025-10-18T17:54:25 ffmpeg/mov,mp4,m4a,3gp,3g2,mj2: stream 0, timescale not set
2025-10-18T17:54:25 update: added music/Audioslave Set It Off.m4a
2025-10-18T17:54:25 update: added music/princess complex - blackbear; español..m4a
2025-10-18T17:54:25 update: added music/Canserbero...mp3
2025-10-18T17:54:25 update: added music/The Score - Strange (Official Audio)_256k.mp3
2025-10-18T17:54:25 update: added music/Sleeping Wolf - Freaks Like Us - Official Lyric Video.mp3
2025-10-18T17:54:25 ffmpeg/mov,mp4,m4a,3gp,3g2,mj2: stream 0, timescale not set
2025-10-18T17:54:25 update: added music/Concorde  'Just Kiss Her' -- Español.m4a
2025-10-18T17:54:25 ffmpeg/mov,mp4,m4a,3gp,3g2,mj2: stream 0, timescale not set
2025-10-18T17:54:25 update: added music/The Drums - Days.m4a
2025-10-18T17:54:25 ffmpeg/mov,mp4,m4a,3gp,3g2,mj2: stream 0, timescale not set
2025-10-18T17:54:25 update: added music/Arctic Monkeys - The Ultracheese (Official Audio).m4a
2025-10-18T17:54:25 ffmpeg/mov,mp4,m4a,3gp,3g2,mj2: stream 0, timescale not set
2025-10-18T17:54:25 update: added music/Tú.m4a
2025-10-18T17:54:25 ffmpeg/mov,mp4,m4a,3gp,3g2,mj2: stream 0, timescale not set
2025-10-18T17:54:25 update: added music/Bandoleros.m4a
2025-10-18T17:54:25 ffmpeg/mov,mp4,m4a,3gp,3g2,mj2: stream 0, timescale not set
2025-10-18T17:54:25 update: added music/Rauw Alejandro - DILUVIO (Visualizer).m4a
2025-10-18T17:54:25 ffmpeg/mov,mp4,m4a,3gp,3g2,mj2: stream 0, timescale not set
2025-10-18T17:54:25 update: added music/Fade - Imagine Dragons & Egyptian (Audio).m4a
2025-10-18T17:54:25 ffmpeg/mov,mp4,m4a,3gp,3g2,mj2: stream 0, timescale not set
2025-10-18T17:54:25 update: added music/Ya no sé qué hacer conmigo.m4a
2025-10-18T17:54:25 update: added music/Maria Becerra, RusherKing - Confiésalo (Official Video)_256k.mp3
2025-10-18T17:54:25 ffmpeg/mov,mp4,m4a,3gp,3g2,mj2: stream 0, timescale not set
2025-10-18T17:54:25 update: added music/All Eyes - Imagine Dragons (With Lyrics).m4a
2025-10-18T17:54:25 ffmpeg/mov,mp4,m4a,3gp,3g2,mj2: stream 0, timescale not set
2025-10-18T17:54:25 update: added music/Zaz - Je veux (Official Music Video).m4a
2025-10-18T17:54:25 update: added music/TRUENO __ BZRP Freestyle Sessions @6_256k.mp3
2025-10-18T17:54:25 ffmpeg/mov,mp4,m4a,3gp,3g2,mj2: stream 0, timescale not set
2025-10-18T17:54:25 update: added music/Underdog.m4a
2025-10-18T17:54:25 ffmpeg/mov,mp4,m4a,3gp,3g2,mj2: stream 0, timescale not set
2025-10-18T17:54:25 update: added music/Jesse & Joy - Corre  (Lyric Video).m4a
2025-10-18T17:54:25 update: added music/KAKTOV - MORMON (Videolyric Oficial).mp3
2025-10-18T17:54:26 ffmpeg/mov,mp4,m4a,3gp,3g2,mj2: stream 0, timescale not set
2025-10-18T17:54:26 update: added music/Imagine Dragons – I Don't Know Why -Exclusive-.m4a
2025-10-18T17:54:26 ffmpeg/mov,mp4,m4a,3gp,3g2,mj2: stream 0, timescale not set
2025-10-18T17:54:26 update: added music/CANSERBERO FT LIL SUPA Y DANNIGGAZ - T.A.L.K..m4a
2025-10-18T17:54:26 update: added music/Ice Cube - It Was A Good Day (Remastered).mp3
2025-10-18T17:54:26 ffmpeg/mov,mp4,m4a,3gp,3g2,mj2: stream 0, timescale not set
2025-10-18T17:54:26 update: added music/Culpables - MTZ Manuel Turizo (Video con Letra).m4a
2025-10-18T17:54:26 ffmpeg/mov,mp4,m4a,3gp,3g2,mj2: stream 0, timescale not set
2025-10-18T17:54:26 update: added music/Reapers.m4a
2025-10-18T17:54:26 ffmpeg/mov,mp4,m4a,3gp,3g2,mj2: stream 0, timescale not set
2025-10-18T17:54:26 update: added music/Canserbero - Cuando Vayas Conmigo.m4a
2025-10-18T17:54:26 update: added music/Shake, Shake, Shake - SHAKE! SHAKE! SHAKE! - Bronze Radio Return.mp3
2025-10-18T17:54:26 ffmpeg/mov,mp4,m4a,3gp,3g2,mj2: stream 0, timescale not set
2025-10-18T17:54:26 update: added music/MISSIO - Sing To Me (Lyric Video).m4a
2025-10-18T17:54:26 update: added music/3AM - Roto (Letra).mp3
2025-10-18T17:54:26 ffmpeg/mov,mp4,m4a,3gp,3g2,mj2: stream 0, timescale not set
2025-10-18T17:54:26 update: added music/Louis Armstrong What A Wonderful World Subtitulada Español Inglés.m4a
2025-10-18T17:54:26 ffmpeg/mov,mp4,m4a,3gp,3g2,mj2: stream 0, timescale not set
2025-10-18T17:54:26 update: added music/Zoé - Hielo (Audio).m4a
2025-10-18T17:54:26 ffmpeg/mov,mp4,m4a,3gp,3g2,mj2: stream 0, timescale not set
2025-10-18T17:54:26 update: added music/Melanie Martinez - Wheels On the Bus [Official Audio].m4a
2025-10-18T17:54:26 ffmpeg/mov,mp4,m4a,3gp,3g2,mj2: stream 0, timescale not set
2025-10-18T17:54:26 update: added music/Plan B - Candy [Official Audio].m4a
2025-10-18T17:54:26 ffmpeg/mov,mp4,m4a,3gp,3g2,mj2: stream 0, timescale not set
2025-10-18T17:54:26 update: added music/The White Stripes - I'm Slowly Turning Into You.m4a
2025-10-18T17:54:26 update: added music/Bring Me The Horizon - Follow You (Official Video)_256k.mp3
2025-10-18T17:54:26 ffmpeg/mov,mp4,m4a,3gp,3g2,mj2: stream 0, timescale not set
2025-10-18T17:54:26 update: added music/Cazzu - Maldade$ (Audio Oficial).m4a
2025-10-18T17:54:26 ffmpeg/mov,mp4,m4a,3gp,3g2,mj2: stream 0, timescale not set
2025-10-18T17:54:26 update: added music/BØRNS - We Don't Care.m4a
2025-10-18T17:54:26 update: added music/Modestep - Sunlight.m4a
2025-10-18T17:54:26 update: added music/DUKI, De La Ghetto, Quevedo - Si Quieren Frontear (Video Oficial).mp3
2025-10-18T17:54:26 ffmpeg/mov,mp4,m4a,3gp,3g2,mj2: stream 0, timescale not set
2025-10-18T17:54:26 update: added music/Red Hot Chili Peppers - By The Way -Official Music Video-.m4a
2025-10-18T17:54:26 update: added music/Payphone.mp3
2025-10-18T17:54:26 ffmpeg/mov,mp4,m4a,3gp,3g2,mj2: stream 0, timescale not set
2025-10-18T17:54:26 update: added music/The Strokes - Heart In A Cage.m4a
2025-10-18T17:54:26 ffmpeg/mov,mp4,m4a,3gp,3g2,mj2: stream 0, timescale not set
2025-10-18T17:54:26 update: added music/Russ - Pull The Trigger.m4a
2025-10-18T17:54:26 ffmpeg/mov,mp4,m4a,3gp,3g2,mj2: stream 0, timescale not set
2025-10-18T17:54:26 update: added music/The Kooks - Seaside.m4a
2025-10-18T17:54:26 update: added music/Invitation (feat. Kodie Shane)_256k.mp3
2025-10-18T17:54:26 ffmpeg/mov,mp4,m4a,3gp,3g2,mj2: stream 0, timescale not set
2025-10-18T17:54:26 update: added music/Pulso & Sudor.m4a
2025-10-18T17:54:26 ffmpeg/mov,mp4,m4a,3gp,3g2,mj2: stream 0, timescale not set
2025-10-18T17:54:26 update: added music/Remember Who I Was.m4a
2025-10-18T17:54:26 ffmpeg/mov,mp4,m4a,3gp,3g2,mj2: stream 0, timescale not set
2025-10-18T17:54:26 update: added music/8.m4a
2025-10-18T17:54:26 update: added music/Xavi - La Diabla (Official Video).m4a
2025-10-18T17:54:26 ffmpeg/mov,mp4,m4a,3gp,3g2,mj2: stream 0, timescale not set
2025-10-18T17:54:26 update: added music/BAD BUNNY - KETU TeCRÉ (Visualizer) _ DeBÍ TiRAR MáS FOToS.m4a
2025-10-18T17:54:26 ffmpeg/mov,mp4,m4a,3gp,3g2,mj2: stream 0, timescale not set
2025-10-18T17:54:26 update: added music/Sofia Reyes - 1, 2, 3 (feat. Jason Derulo & De La Ghetto) [Official Video].m4a
2025-10-18T17:54:26 ffmpeg/mov,mp4,m4a,3gp,3g2,mj2: stream 0, timescale not set
2025-10-18T17:54:26 update: added music/La de Roberto - Hemisferios.m4a
2025-10-18T17:54:26 ffmpeg/mov,mp4,m4a,3gp,3g2,mj2: stream 0, timescale not set
2025-10-18T17:54:26 update: added music/Changing Of The Seasons.m4a
2025-10-18T17:54:26 ffmpeg/mov,mp4,m4a,3gp,3g2,mj2: stream 0, timescale not set
2025-10-18T17:54:26 update: added music/Halsey - Bad At Love (Audio).m4a
2025-10-18T17:54:26 ffmpeg/mov,mp4,m4a,3gp,3g2,mj2: stream 0, timescale not set
2025-10-18T17:54:26 update: added music/Prey.m4a
2025-10-18T17:54:26 ffmpeg/mov,mp4,m4a,3gp,3g2,mj2: stream 0, timescale not set
2025-10-18T17:54:26 update: added music/Sorry.m4a
2025-10-18T17:54:26 ffmpeg/mov,mp4,m4a,3gp,3g2,mj2: stream 0, timescale not set
2025-10-18T17:54:26 update: added music/Spag Heddy - Permanent.m4a
2025-10-18T17:54:26 update: added music/Tommy Torres- Querido Tommy.m4a
2025-10-18T17:54:26 ffmpeg/mov,mp4,m4a,3gp,3g2,mj2: stream 0, timescale not set
2025-10-18T17:54:26 update: added music/Come Together.m4a
2025-10-18T17:54:26 ffmpeg/mov,mp4,m4a,3gp,3g2,mj2: stream 0, timescale not set
2025-10-18T17:54:26 update: added music/Imagine Dragons - Darkness (Audio).m4a
2025-10-18T17:54:26 ffmpeg/mov,mp4,m4a,3gp,3g2,mj2: stream 0, timescale not set
2025-10-18T17:54:26 update: added music/Plan B - Chica Ven Pa' Aca _ Los Matadores del Genero.m4a
2025-10-18T17:54:26 ffmpeg/mov,mp4,m4a,3gp,3g2,mj2: stream 0, timescale not set
2025-10-18T17:54:26 update: added music/Little Jesus - La Magia.m4a
2025-10-18T17:54:26 ffmpeg/mov,mp4,m4a,3gp,3g2,mj2: stream 0, timescale not set
2025-10-18T17:54:26 update: added music/Soda Stereo - Cuando pase el temblor.m4a
2025-10-18T17:54:26 ffmpeg/mov,mp4,m4a,3gp,3g2,mj2: stream 0, timescale not set
2025-10-18T17:54:26 update: added music/Lana Del Rey - Love.m4a
2025-10-18T17:54:26 ffmpeg/sami: Format sami detected only with low score of 1, misdetection possible!
2025-10-18T17:54:26 ffmpeg/mov,mp4,m4a,3gp,3g2,mj2: stream 0, timescale not set
2025-10-18T17:54:26 update: added music/Canserbero - Jeremías 17-5 (VIDEO OFICIAL).m4a
2025-10-18T17:54:26 update: added music/Imagine Dragons - Follow You (Lyric Video)_256k.mp3
2025-10-18T17:54:26 update: added music/Electro Swing - Pisk - Minnie The Moocher (ft Cab Calloway) Cotton Club Cover -A.m4a
2025-10-18T17:54:26 ffmpeg/mov,mp4,m4a,3gp,3g2,mj2: stream 0, timescale not set
2025-10-18T17:54:26 update: added music/Lobo Hombre En Paris.m4a
2025-10-18T17:54:26 ffmpeg/mov,mp4,m4a,3gp,3g2,mj2: stream 0, timescale not set
2025-10-18T17:54:26 update: added music/Akapellah - Sin Miedo Feat Norick, Gona & Yoky Barrios (Video Oficial).m4a
2025-10-18T17:54:26 ffmpeg/mov,mp4,m4a,3gp,3g2,mj2: stream 0, timescale not set
2025-10-18T17:54:26 update: added music/From The Inside (Official Video) - Linkin Park.m4a
2025-10-18T17:54:26 ffmpeg/mov,mp4,m4a,3gp,3g2,mj2: stream 0, timescale not set
2025-10-18T17:54:26 update: added music/Mañana Será Otro Día.m4a
2025-10-18T17:54:26 update: added music/Finish Ticket - Dream Song [Official Music Video]_256k.mp3
2025-10-18T17:54:26 ffmpeg/mov,mp4,m4a,3gp,3g2,mj2: stream 0, timescale not set
2025-10-18T17:54:26 update: added music/Rvssian x Rauw Alejandro x Ayra Starr - SANTA (Letra-Lyrics).m4a
2025-10-18T17:54:26 ffmpeg/mov,mp4,m4a,3gp,3g2,mj2: stream 0, timescale not set
2025-10-18T17:54:26 update: added music/Alex Turner - Hiding Tonight (Submarine OST) (Sub. Español).m4a
2025-10-18T17:54:26 update: added music/The Score & AWOLNATION - Carry On (Official Video)_256k.mp3
2025-10-18T17:54:26 ffmpeg/mov,mp4,m4a,3gp,3g2,mj2: stream 0, timescale not set
2025-10-18T17:54:26 update: added music/Siddhartha - Una noche tranquila (Letra).m4a
2025-10-18T17:54:26 update: added music/Joji - 777 (Official Audio).mp3
2025-10-18T17:54:26 ffmpeg/mov,mp4,m4a,3gp,3g2,mj2: stream 0, timescale not set
2025-10-18T17:54:26 update: added music/Break it to Me.m4a
2025-10-18T17:54:26 update: added music/3AM - Mándame Una Foto (Letra).mp3
2025-10-18T17:54:26 ffmpeg/mov,mp4,m4a,3gp,3g2,mj2: stream 0, timescale not set
2025-10-18T17:54:26 update: added music/AaRON - Arm your eyes.m4a
2025-10-18T17:54:26 ffmpeg/mov,mp4,m4a,3gp,3g2,mj2: stream 0, timescale not set
2025-10-18T17:54:26 update: added music/Hallelujah.m4a
2025-10-18T17:54:26 ffmpeg/mov,mp4,m4a,3gp,3g2,mj2: stream 0, timescale not set
2025-10-18T17:54:26 update: added music/Float On.m4a
2025-10-18T17:54:26 ffmpeg/mov,mp4,m4a,3gp,3g2,mj2: stream 0, timescale not set
2025-10-18T17:54:26 update: added music/Nirvana - Smells Like Teen Spirit.m4a
2025-10-18T17:54:26 update: added music/W Sound 01 'Soltera' - Blessd, Westcol, Ovy On The Drums (Official Video).m4a
2025-10-18T17:54:26 ffmpeg/mov,mp4,m4a,3gp,3g2,mj2: stream 0, timescale not set
2025-10-18T17:54:26 update: added music/Alta Consigna - Culpable Tu ( Video Oficial 2016).m4a
2025-10-18T17:54:26 ffmpeg/mov,mp4,m4a,3gp,3g2,mj2: stream 0, timescale not set
2025-10-18T17:54:26 update: added music/NO LO HICE BIEN - Los Plebes del Rancho de Ariel Camacho (Video Oficial) _ DEL R.m4a
2025-10-18T17:54:26 ffmpeg/mov,mp4,m4a,3gp,3g2,mj2: stream 0, timescale not set
2025-10-18T17:54:26 update: added music/Aaron - Mister K..m4a
2025-10-18T17:54:26 ffmpeg/mov,mp4,m4a,3gp,3g2,mj2: stream 0, timescale not set
2025-10-18T17:54:26 update: added music/Avenged Sevenfold - Dear God -Official Music Video-.m4a
2025-10-18T17:54:26 ffmpeg/mov,mp4,m4a,3gp,3g2,mj2: stream 0, timescale not set
2025-10-18T17:54:26 update: added music/3AM, Babi - Tarde (Videoletra).m4a
2025-10-18T17:54:26 update: added music/Imagine Dragons - Tied (Official Lyric Video).mp3
2025-10-18T17:54:26 ffmpeg/mov,mp4,m4a,3gp,3g2,mj2: stream 0, timescale not set
2025-10-18T17:54:26 update: added music/Radiohead - Fake Plastic Trees.m4a
2025-10-18T17:54:26 ffmpeg/mov,mp4,m4a,3gp,3g2,mj2: stream 0, timescale not set
2025-10-18T17:54:26 update: added music/The National - Gospel.m4a
2025-10-18T17:54:26 ffmpeg/mov,mp4,m4a,3gp,3g2,mj2: stream 0, timescale not set
2025-10-18T17:54:26 update: added music/Crecer Germán - Quién Te Entiende.m4a
2025-10-18T17:54:26 update: added music/Tiago PZK - Borracho (Visualizer Oficial).mp3
2025-10-18T17:54:26 ffmpeg/mov,mp4,m4a,3gp,3g2,mj2: stream 0, timescale not set
2025-10-18T17:54:26 update: added music/Luz De Dia.m4a
2025-10-18T17:54:26 ffmpeg/mov,mp4,m4a,3gp,3g2,mj2: stream 0, timescale not set
2025-10-18T17:54:26 update: added music/Audioslave - Wide Awake.m4a
2025-10-18T17:54:26 update: added music/Spag Heddy - Nostalgibra -Drumstep-.m4a
2025-10-18T17:54:26 ffmpeg/mov,mp4,m4a,3gp,3g2,mj2: stream 0, timescale not set
2025-10-18T17:54:26 update: added music/The Neighbourhood - Void (Audio).m4a
2025-10-18T17:54:26 update: added music/TINI, Maria Becerra - Miénteme (Official Video)_256k.mp3
2025-10-18T17:54:26 ffmpeg/mov,mp4,m4a,3gp,3g2,mj2: stream 0, timescale not set
2025-10-18T17:54:26 update: added music/blackbear -- addiction -traducida al español-.m4a
2025-10-18T17:54:26 ffmpeg/mov,mp4,m4a,3gp,3g2,mj2: stream 0, timescale not set
2025-10-18T17:54:26 update: added music/twenty one pilots- Heathens (from Suicide Squad- The Album) -OFFICIAL VIDEO-.m4a
2025-10-18T17:54:26 ffmpeg/mov,mp4,m4a,3gp,3g2,mj2: stream 0, timescale not set
2025-10-18T17:54:26 update: added music/I Know It's Over (2011 Remastered Version).m4a
2025-10-18T17:54:26 ffmpeg/mov,mp4,m4a,3gp,3g2,mj2: stream 0, timescale not set
2025-10-18T17:54:26 update: added music/Aaron - Embers.m4a
2025-10-18T17:54:26 ffmpeg/mov,mp4,m4a,3gp,3g2,mj2: stream 0, timescale not set
2025-10-18T17:54:26 update: added music/half•alive - still feel. [VIDEO].m4a
2025-10-18T17:54:26 ffmpeg/mov,mp4,m4a,3gp,3g2,mj2: stream 0, timescale not set
2025-10-18T17:54:26 update: added music/Alan Walker ft. Gavin James - Tired _ Sub Español.m4a
2025-10-18T17:54:26 update: added music/Audioslave-Gasoline (Lyrics).m4a
2025-10-18T17:54:26 ffmpeg/mov,mp4,m4a,3gp,3g2,mj2: stream 0, timescale not set
2025-10-18T17:54:26 update: added music/Harry Styles - She (Official Audio).m4a
2025-10-18T17:54:26 ffmpeg/mov,mp4,m4a,3gp,3g2,mj2: stream 0, timescale not set
2025-10-18T17:54:26 update: added music/The Score - Redemption Song (Official Visualizer).m4a
2025-10-18T17:54:26 update: added music/Mista_Uanteik_Prod._Afromak_Switch_.mp3
2025-10-18T17:54:26 update: added music/EL CHICO INVISIBLE _ RAP _ ZARCORT Y TOWN.m4a
2025-10-18T17:54:26 ffmpeg/mov,mp4,m4a,3gp,3g2,mj2: stream 0, timescale not set
2025-10-18T17:54:26 update: added music/Beabadoobee - Coffee.m4a
2025-10-18T17:54:26 update: added music/I_Can_t_Stop.mp3
2025-10-18T17:54:26 update: added music/3AM - Una Rosa (Letra).mp3
2025-10-18T17:54:26 update: added music/It's Ok_256k.mp3
2025-10-18T17:54:26 ffmpeg/mov,mp4,m4a,3gp,3g2,mj2: stream 0, timescale not set
2025-10-18T17:54:26 update: added music/Caravan Palace - Plume (Official audio).m4a
2025-10-18T17:54:26 ffmpeg/mov,mp4,m4a,3gp,3g2,mj2: stream 0, timescale not set
2025-10-18T17:54:26 update: added music/Imagine Dragons - Machine (Audio).m4a
2025-10-18T17:54:26 ffmpeg/mov,mp4,m4a,3gp,3g2,mj2: stream 0, timescale not set
2025-10-18T17:54:26 update: added music/Passenger _ Let Her Go (Official Video).m4a
2025-10-18T17:54:26 ffmpeg/mov,mp4,m4a,3gp,3g2,mj2: stream 0, timescale not set
2025-10-18T17:54:26 update: added music/Paulo Londra - Party Ft. A Boogie Wit da Hoodie (official Video).m4a
2025-10-18T17:54:26 ffmpeg/mov,mp4,m4a,3gp,3g2,mj2: stream 0, timescale not set
2025-10-18T17:54:26 update: added music/Daddy Yankee - Lo Que Pasó, Pasó (Audio).m4a
2025-10-18T17:54:26 ffmpeg/sami: Format sami detected only with low score of 1, misdetection possible!
2025-10-18T17:54:26 ffmpeg/mov,mp4,m4a,3gp,3g2,mj2: stream 0, timescale not set
2025-10-18T17:54:26 update: added music/Shawn Mendes - Why -- Español.m4a
2025-10-18T17:54:26 ffmpeg/mov,mp4,m4a,3gp,3g2,mj2: stream 0, timescale not set
2025-10-18T17:54:26 update: added music/Charlie Puth - Attention -Official Video-.m4a
2025-10-18T17:54:26 update: added music/Imagine Dragons - Cutthroat (Lyric Video)_256k.mp3
2025-10-18T17:54:26 ffmpeg/mov,mp4,m4a,3gp,3g2,mj2: stream 0, timescale not set
2025-10-18T17:54:26 update: added music/Maná - Mariposa Traicionera (Video Oficial).m4a
2025-10-18T17:54:26 ffmpeg/mov,mp4,m4a,3gp,3g2,mj2: stream 0, timescale not set
2025-10-18T17:54:26 update: added music/Eminem - Not Afraid.m4a
2025-10-18T17:54:26 ffmpeg/mov,mp4,m4a,3gp,3g2,mj2: stream 0, timescale not set
2025-10-18T17:54:26 update: added music/MILO J - SINCERA TE (Video Oficial).m4a
2025-10-18T17:54:26 ffmpeg/mov,mp4,m4a,3gp,3g2,mj2: stream 0, timescale not set
2025-10-18T17:54:26 update: added music/08 - OUROBOROS - APA Y CAN.m4a
2025-10-18T17:54:26 ffmpeg/mov,mp4,m4a,3gp,3g2,mj2: stream 0, timescale not set
2025-10-18T17:54:26 update: added music/Come A Little Closer.m4a
2025-10-18T17:54:26 update: added music/Reik - Me Niego ft. Ozuna, Wisin.mp3
2025-10-18T17:54:26 ffmpeg/mov,mp4,m4a,3gp,3g2,mj2: stream 0, timescale not set
2025-10-18T17:54:26 update: added music/Carla Morrison - Compartir -VIDEO OFICIAL-.m4a
2025-10-18T17:54:26 ffmpeg/mov,mp4,m4a,3gp,3g2,mj2: stream 0, timescale not set
2025-10-18T17:54:26 update: added music/weak when ur around - blackbear -- español.m4a
2025-10-18T17:54:26 ffmpeg/mov,mp4,m4a,3gp,3g2,mj2: stream 0, timescale not set
2025-10-18T17:54:26 update: added music/pink floyd - another brick in the wall.m4a
2025-10-18T17:54:26 ffmpeg/mov,mp4,m4a,3gp,3g2,mj2: stream 0, timescale not set
2025-10-18T17:54:26 update: added music/Only.m4a
2025-10-18T17:54:26 update: added music/Russ - Psycho (Pt. 2) (Official Video)_256k.mp3
2025-10-18T17:54:26 ffmpeg/mov,mp4,m4a,3gp,3g2,mj2: Format mov,mp4,m4a,3gp,3g2,mj2 detected only with low score of 1, misdetection possible!
2025-10-18T17:54:26 ffmpeg/mov,mp4,m4a,3gp,3g2,mj2: moov atom not found
2025-10-18T17:54:27 ffmpeg/mov,mp4,m4a,3gp,3g2,mj2: stream 0, timescale not set
2025-10-18T17:54:27 update: added music/Bella, Wolfine - Vídeo Oficial.m4a
2025-10-18T17:54:27 ffmpeg/mov,mp4,m4a,3gp,3g2,mj2: stream 0, timescale not set
2025-10-18T17:54:27 update: added music/León Larregui - Brillas.m4a
2025-10-18T17:54:27 ffmpeg/mov,mp4,m4a,3gp,3g2,mj2: stream 0, timescale not set
2025-10-18T17:54:27 update: added music/Darker Side.m4a
2025-10-18T17:54:27 ffmpeg/mov,mp4,m4a,3gp,3g2,mj2: stream 0, timescale not set
2025-10-18T17:54:27 update: added music/Ellie Goulding - Love Me Like You Do (Official Video).m4a
2025-10-18T17:54:27 ffmpeg/mov,mp4,m4a,3gp,3g2,mj2: stream 0, timescale not set
2025-10-18T17:54:27 update: added music/Paralelo (Letra) - Camilo Séptimo.m4a
2025-10-18T17:54:27 ffmpeg/mov,mp4,m4a,3gp,3g2,mj2: stream 0, timescale not set
2025-10-18T17:54:27 update: added music/Siddhartha - Ecos de Miel (Audio).m4a
2025-10-18T17:54:27 ffmpeg/mov,mp4,m4a,3gp,3g2,mj2: stream 0, timescale not set
2025-10-18T17:54:27 update: added music/Dancing In The Dark.m4a
2025-10-18T17:54:27 ffmpeg/mov,mp4,m4a,3gp,3g2,mj2: stream 0, timescale not set
2025-10-18T17:54:27 update: added music/Charlie Puth - One Call Away -Official Video-.m4a
2025-10-18T17:54:27 update: added music/The Score - Head Up (Official Lyric Video)_256k.mp3
2025-10-18T17:54:27 ffmpeg/mov,mp4,m4a,3gp,3g2,mj2: stream 0, timescale not set
2025-10-18T17:54:27 update: added music/P.L - In The Zone.m4a
2025-10-18T17:54:27 update: added music/Dull Knives_256k.mp3
2025-10-18T17:54:27 ffmpeg/mov,mp4,m4a,3gp,3g2,mj2: stream 0, timescale not set
2025-10-18T17:54:27 update: added music/The Weeknd - Can't Feel My Face.m4a
2025-10-18T17:54:27 ffmpeg/mov,mp4,m4a,3gp,3g2,mj2: stream 0, timescale not set
2025-10-18T17:54:27 update: added music/Your Love.m4a
2025-10-18T17:54:27 update: added music/My Life_256k.mp3
2025-10-18T17:54:27 ffmpeg/mov,mp4,m4a,3gp,3g2,mj2: stream 0, timescale not set
2025-10-18T17:54:27 update: added music/Ed Sheeran - Thinking Out Loud -Official Video-.m4a
2025-10-18T17:54:27 ffmpeg/mov,mp4,m4a,3gp,3g2,mj2: stream 0, timescale not set
2025-10-18T17:54:27 update: added music/Macaco - Coincidir (Audio).m4a
2025-10-18T17:54:27 ffmpeg/mov,mp4,m4a,3gp,3g2,mj2: stream 0, timescale not set
2025-10-18T17:54:27 update: added music/TheFatRat - Monody (Audio) ft. Laura Brehm.m4a
2025-10-18T17:54:27 update: added music/Neverita.mp3
2025-10-18T17:54:27 update: added music/La Bachata - MTZ Manuel Turizo _ Video Oficial.mp3
2025-10-18T17:54:27 ffmpeg/mov,mp4,m4a,3gp,3g2,mj2: stream 0, timescale not set
2025-10-18T17:54:27 update: added music/MICHL - Die Trying (Español).m4a
2025-10-18T17:54:27 ffmpeg/mov,mp4,m4a,3gp,3g2,mj2: stream 0, timescale not set
2025-10-18T17:54:27 update: added music/The Police - Every Breath You Take.m4a
2025-10-18T17:54:27 update: added music/YUNGBLUD - Die For The Hype [Audio]_256k.mp3
2025-10-18T17:54:27 ffmpeg/mov,mp4,m4a,3gp,3g2,mj2: stream 0, timescale not set
2025-10-18T17:54:27 update: added music/Charlie Puth - Dangerously -Official Video-.m4a
2025-10-18T17:54:27 ffmpeg/mov,mp4,m4a,3gp,3g2,mj2: stream 0, timescale not set
2025-10-18T17:54:27 update: added music/Ya Para Que - Nanpa Básico.m4a
2025-10-18T17:54:27 update: added music/That Poppy - Lowlife (Official Audio)_256k.mp3
2025-10-18T17:54:27 update: added music/BoyWithUke - Toxic (Official Lyric Video).mp3
2025-10-18T17:54:27 ffmpeg/mov,mp4,m4a,3gp,3g2,mj2: stream 0, timescale not set
2025-10-18T17:54:27 update: added music/Billie Eilish - lovely (with Khalid) Audio.m4a
2025-10-18T17:54:27 ffmpeg/mov,mp4,m4a,3gp,3g2,mj2: stream 0, timescale not set
2025-10-18T17:54:27 update: added music/Sebastián Yatra - Traicionera (Official Video).m4a
2025-10-18T17:54:27 update: added music/Are We Ready_ (Wreck)_256k.mp3
2025-10-18T17:54:27 update: added music/AUD-20150904-WA0122.mp3
2025-10-18T17:54:27 ffmpeg/mov,mp4,m4a,3gp,3g2,mj2: stream 0, timescale not set
2025-10-18T17:54:27 update: added music/TWO DOOR CINEMA CLUB _ SOMETHING GOOD CAN WORK.m4a
2025-10-18T17:54:27 ffmpeg/mov,mp4,m4a,3gp,3g2,mj2: stream 0, timescale not set
2025-10-18T17:54:27 update: added music/scary love - the neighbourhood -- español.m4a
2025-10-18T17:54:27 update: added music/Twenty One Pilots - Shy Away (Lyric Video).mp3
2025-10-18T17:54:27 ffmpeg/mov,mp4,m4a,3gp,3g2,mj2: stream 0, timescale not set
2025-10-18T17:54:27 update: added music/FloyyMenor - GATA ONLY ft. Cris MJ (Letra-Lyrics).m4a
2025-10-18T17:54:27 update: added music/Arctic Monkeys - The World's First Ever Monster Truck Front Flip (Official Audio.m4a
2025-10-18T17:54:27 ffmpeg/mov,mp4,m4a,3gp,3g2,mj2: stream 0, timescale not set
2025-10-18T17:54:27 update: added music/bitches broken hearts.m4a
2025-10-18T17:54:27 ffmpeg/mov,mp4,m4a,3gp,3g2,mj2: stream 0, timescale not set
2025-10-18T17:54:27 update: added music/Luis Fonsi - Despacito ft. Daddy Yankee.m4a
2025-10-18T17:54:27 ffmpeg/mov,mp4,m4a,3gp,3g2,mj2: stream 0, timescale not set
2025-10-18T17:54:27 update: added music/Thunder.m4a
2025-10-18T17:54:27 ffmpeg/mov,mp4,m4a,3gp,3g2,mj2: stream 0, timescale not set
2025-10-18T17:54:27 update: added music/Sin tu sonrisa - Los Aldeanos ft Bebe.m4a
2025-10-18T17:54:27 ffmpeg/mov,mp4,m4a,3gp,3g2,mj2: stream 0, timescale not set
2025-10-18T17:54:27 update: added music/The Neighbourhood - Sadderdaze (Español).m4a
2025-10-18T17:54:27 update: added music/Telescope.m4a
2025-10-18T17:54:27 ffmpeg/mov,mp4,m4a,3gp,3g2,mj2: stream 0, timescale not set
2025-10-18T17:54:27 update: added music/Roots, Rock, Reggae.m4a
2025-10-18T17:54:27 ffmpeg/mov,mp4,m4a,3gp,3g2,mj2: stream 0, timescale not set
2025-10-18T17:54:27 update: added music/Arctic Monkeys - Tranquility Base Hotel & Casino (Official Audio).m4a
2025-10-18T17:54:27 update: added music/Maria Becerra - MI DEBILIDAD (Official Video).mp3
2025-10-18T17:54:27 ffmpeg/mov,mp4,m4a,3gp,3g2,mj2: stream 0, timescale not set
2025-10-18T17:54:27 update: added music/Fresh - Nanpa Básico (audio).m4a
2025-10-18T17:54:27 ffmpeg/mov,mp4,m4a,3gp,3g2,mj2: stream 0, timescale not set
2025-10-18T17:54:27 update: added music/Lavender.m4a
2025-10-18T17:54:27 update: added music/Jesse Rutherford & Devon Carlson _ Sweater Weather Acoustic_low.m4a
2025-10-18T17:54:27 ffmpeg/mov,mp4,m4a,3gp,3g2,mj2: stream 0, timescale not set
2025-10-18T17:54:27 update: added music/I Was Me.m4a
2025-10-18T17:54:27 update: added music/Portugal. The Man - Sleep Forever [Album Playlist].mp3
2025-10-18T17:54:27 ffmpeg/mov,mp4,m4a,3gp,3g2,mj2: stream 0, timescale not set
2025-10-18T17:54:27 update: added music/Maroon 5 - Animals (Lyric Video).m4a
2025-10-18T17:54:27 update: added music/BAD BUNNY - NI BIEN NI MAL _ X100PRE [Visualizer].mp3
2025-10-18T17:54:27 ffmpeg/mov,mp4,m4a,3gp,3g2,mj2: stream 0, timescale not set
2025-10-18T17:54:27 update: added music/Siddhartha - Cada Vez Que Vuelvas (Cap. 4 [Audio]).m4a
2025-10-18T17:54:27 ffmpeg/mov,mp4,m4a,3gp,3g2,mj2: stream 0, timescale not set
2025-10-18T17:54:27 update: added music/Bruno Mars - Young Girls -Official Audio-.m4a
2025-10-18T17:54:27 update: added music/Hole Inside Our Chests_256k.mp3
2025-10-18T17:54:27 ffmpeg/mov,mp4,m4a,3gp,3g2,mj2: stream 0, timescale not set
2025-10-18T17:54:27 update: added music/Santana - La Flaca ft. Juanes.m4a
2025-10-18T17:54:27 ffmpeg/mov,mp4,m4a,3gp,3g2,mj2: stream 0, timescale not set
2025-10-18T17:54:27 update: added music/She Will Be Loved.m4a
2025-10-18T17:54:27 ffmpeg/mov,mp4,m4a,3gp,3g2,mj2: stream 0, timescale not set
2025-10-18T17:54:27 update: added music/Red Hot Chili Peppers - Scar Tissue -Official Music Video-.m4a
2025-10-18T17:54:27 ffmpeg/mov,mp4,m4a,3gp,3g2,mj2: stream 0, timescale not set
2025-10-18T17:54:27 update: added music/Jesse & Joy - 'Ecos de Amor' (Video con Letra).m4a
2025-10-18T17:54:27 ffmpeg/mov,mp4,m4a,3gp,3g2,mj2: stream 0, timescale not set
2025-10-18T17:54:27 update: added music/La Combi Completa - Daddy Yankee Letra.m4a
2025-10-18T17:54:27 ffmpeg/mov,mp4,m4a,3gp,3g2,mj2: stream 0, timescale not set
2025-10-18T17:54:27 update: added music/The House of the Rising Sun (Remastered).m4a
2025-10-18T17:54:27 ffmpeg/mov,mp4,m4a,3gp,3g2,mj2: stream 0, timescale not set
2025-10-18T17:54:27 update: added music/The Neighbourhood - Reflections (Sub. Español).m4a
2025-10-18T17:54:27 ffmpeg/mov,mp4,m4a,3gp,3g2,mj2: stream 0, timescale not set
2025-10-18T17:54:27 update: added music/Canserbero - 03 Ser vero (Muerte).m4a
2025-10-18T17:54:27 ffmpeg/mov,mp4,m4a,3gp,3g2,mj2: stream 0, timescale not set
2025-10-18T17:54:27 update: added music/11 - STUPID LOVE STORY - APA Y CAN.m4a
2025-10-18T17:54:27 update: added music/Unholy - Hey Violet (Lyrics).mp3
2025-10-18T17:54:27 ffmpeg/mov,mp4,m4a,3gp,3g2,mj2: stream 0, timescale not set
2025-10-18T17:54:27 update: added music/Rauw Alejandro - Todo De Ti.m4a
2025-10-18T17:54:27 ffmpeg/mov,mp4,m4a,3gp,3g2,mj2: stream 0, timescale not set
2025-10-18T17:54:27 update: added music/Melanie Martinez - Tag, you're it (Official Music Video).m4a
2025-10-18T17:54:27 ffmpeg/mov,mp4,m4a,3gp,3g2,mj2: stream 0, timescale not set
2025-10-18T17:54:27 update: added music/Mon Laferte - Tu Falta De Querer.m4a
2025-10-18T17:54:27 ffmpeg/mov,mp4,m4a,3gp,3g2,mj2: stream 0, timescale not set
2025-10-18T17:54:27 update: added music/Giant Rooks - Wild Stare.m4a
2025-10-18T17:54:27 ffmpeg/mov,mp4,m4a,3gp,3g2,mj2: stream 0, timescale not set
2025-10-18T17:54:27 update: added music/ELO - Mr. Blue Sky (Sub. Español) (Guardianes de la Galaxia Vol. 2).m4a
2025-10-18T17:54:27 ffmpeg/mov,mp4,m4a,3gp,3g2,mj2: stream 0, timescale not set
2025-10-18T17:54:27 update: added music/ilomilo.m4a
2025-10-18T17:54:27 ffmpeg/mov,mp4,m4a,3gp,3g2,mj2: stream 0, timescale not set
2025-10-18T17:54:27 update: added music/10 - INTERLUDIO - APA Y CAN.m4a
2025-10-18T17:54:27 update: added music/Tiago PZK, LIT killah - Entre Nosotros (Video Oficial)_256k.mp3
2025-10-18T17:54:27 ffmpeg/mov,mp4,m4a,3gp,3g2,mj2: stream 0, timescale not set
2025-10-18T17:54:27 update: added music/System Of A Down - Lonely Day.m4a
2025-10-18T17:54:27 ffmpeg/mov,mp4,m4a,3gp,3g2,mj2: stream 0, timescale not set
2025-10-18T17:54:27 update: added music/Sweet Sun.m4a
2025-10-18T17:54:27 ffmpeg/mov,mp4,m4a,3gp,3g2,mj2: stream 0, timescale not set
2025-10-18T17:54:27 update: added music/System Of A Down - Toxicity.m4a
2025-10-18T17:54:27 update: added music/The Mind & the Matter.m4a
2025-10-18T17:54:27 ffmpeg/mov,mp4,m4a,3gp,3g2,mj2: stream 0, timescale not set
2025-10-18T17:54:27 update: added music/Thought Contagion.m4a
2025-10-18T17:54:27 update: added music/DREAMERS - Sweet Disaster (Official Video)_256k.mp3
2025-10-18T17:54:27 ffmpeg/mov,mp4,m4a,3gp,3g2,mj2: stream 0, timescale not set
2025-10-18T17:54:27 update: added music/Feid, Maisak - SE ME OLVIDA (Official Video).m4a
2025-10-18T17:54:27 ffmpeg/mov,mp4,m4a,3gp,3g2,mj2: stream 0, timescale not set
2025-10-18T17:54:27 update: added music/David Bowie - Heroes.m4a
2025-10-18T17:54:27 ffmpeg/mov,mp4,m4a,3gp,3g2,mj2: stream 0, timescale not set
2025-10-18T17:54:27 update: added music/Complicated.m4a
2025-10-18T17:54:27 ffmpeg/mov,mp4,m4a,3gp,3g2,mj2: stream 0, timescale not set
2025-10-18T17:54:27 update: added music/Miranda!, Maria Becerra, FMK - Perfecta (Versión 2023) (Official Video).m4a
2025-10-18T17:54:27 ffmpeg/mov,mp4,m4a,3gp,3g2,mj2: stream 0, timescale not set
2025-10-18T17:54:27 update: added music/Conan Gray - Heather (Lyric Video).m4a
2025-10-18T17:54:27 ffmpeg/mov,mp4,m4a,3gp,3g2,mj2: stream 0, timescale not set
2025-10-18T17:54:27 update: added music/blackbear - hot girl bummer [official music video].m4a
2025-10-18T17:54:27 ffmpeg/mov,mp4,m4a,3gp,3g2,mj2: stream 0, timescale not set
2025-10-18T17:54:27 update: added music/K. - Cigarettes After Sex.m4a
2025-10-18T17:54:27 ffmpeg/mov,mp4,m4a,3gp,3g2,mj2: stream 0, timescale not set
2025-10-18T17:54:27 update: added music/Clean Bandit - Rockabye ft. Sean Paul & Anne-Marie -Official Video-.m4a
2025-10-18T17:54:27 update: added music/3AM - Disfruto (Challenge).mp3
2025-10-18T17:54:27 ffmpeg/mov,mp4,m4a,3gp,3g2,mj2: stream 0, timescale not set
2025-10-18T17:54:27 update: added music/P!nk - So What.m4a
2025-10-18T17:54:27 ffmpeg/mov,mp4,m4a,3gp,3g2,mj2: stream 0, timescale not set
2025-10-18T17:54:27 update: added music/Kids.m4a
2025-10-18T17:54:27 ffmpeg/mov,mp4,m4a,3gp,3g2,mj2: stream 0, timescale not set
2025-10-18T17:54:27 update: added music/Blackbear - Strangers -- Español.m4a
2025-10-18T17:54:27 ffmpeg/mov,mp4,m4a,3gp,3g2,mj2: stream 0, timescale not set
2025-10-18T17:54:27 update: added music/Panic! At The Disco- Emperor's New Clothes -OFFICIAL VIDEO-.m4a
2025-10-18T17:54:27 ffmpeg/mov,mp4,m4a,3gp,3g2,mj2: stream 0, timescale not set
2025-10-18T17:54:27 update: added music/Ella Me Levanto.m4a
2025-10-18T17:54:27 ffmpeg/sami: Format sami detected only with low score of 1, misdetection possible!
2025-10-18T17:54:27 ffmpeg/mov,mp4,m4a,3gp,3g2,mj2: stream 0, timescale not set
2025-10-18T17:54:27 update: added music/Jimmy Eat World - Pain.m4a
2025-10-18T17:54:27 update: added music/The Score - Born For This (Official Audio)_256k.mp3
2025-10-18T17:54:27 ffmpeg/mov,mp4,m4a,3gp,3g2,mj2: stream 0, timescale not set
2025-10-18T17:54:27 update: added music/clementine.m4a
2025-10-18T17:54:27 ffmpeg/mov,mp4,m4a,3gp,3g2,mj2: stream 0, timescale not set
2025-10-18T17:54:27 update: added music/OneRepublic – Connection (Audio).m4a
2025-10-18T17:54:27 ffmpeg/mov,mp4,m4a,3gp,3g2,mj2: stream 0, timescale not set
2025-10-18T17:54:27 update: added music/Band of Horses - The Funeral [OFFICIAL VIDEO].m4a
2025-10-18T17:54:27 update: added music/The_Matrix.mp3
2025-10-18T17:54:27 ffmpeg/mov,mp4,m4a,3gp,3g2,mj2: stream 0, timescale not set
2025-10-18T17:54:27 update: added music/Julión Álvarez Y Su Norteño Banda - Pongámonos De Acuerdo  (Letra-Lyrics).m4a
2025-10-18T17:54:27 ffmpeg/mov,mp4,m4a,3gp,3g2,mj2: stream 0, timescale not set
2025-10-18T17:54:27 update: added music/Dale Don Dale.m4a
2025-10-18T17:54:27 ffmpeg/mov,mp4,m4a,3gp,3g2,mj2: stream 0, timescale not set
2025-10-18T17:54:27 update: added music/Wish You Were Here.m4a
2025-10-18T17:54:27 ffmpeg/mov,mp4,m4a,3gp,3g2,mj2: stream 0, timescale not set
2025-10-18T17:54:27 update: added music/Sucker for Pain (Lyrics) - Lil Wayne, Wiz Khalifa & Imagine Dragons with Logic &.m4a
2025-10-18T17:54:27 ffmpeg/mov,mp4,m4a,3gp,3g2,mj2: stream 0, timescale not set
2025-10-18T17:54:28 update: added music/Talk Show Host.m4a
2025-10-18T17:54:28 ffmpeg/mov,mp4,m4a,3gp,3g2,mj2: stream 0, timescale not set
2025-10-18T17:54:28 update: added music/Billie Eilish - wish you were gay (Audio).m4a
2025-10-18T17:54:28 ffmpeg/mov,mp4,m4a,3gp,3g2,mj2: stream 0, timescale not set
2025-10-18T17:54:28 update: added music/jaymes young - moondust -- Español.m4a
2025-10-18T17:54:28 update: added music/3AM - Vent3.mp3
2025-10-18T17:54:28 ffmpeg/mov,mp4,m4a,3gp,3g2,mj2: stream 0, timescale not set
2025-10-18T17:54:28 update: added music/Gorillaz - Clint Eastwood.m4a
2025-10-18T17:54:28 ffmpeg/mov,mp4,m4a,3gp,3g2,mj2: stream 0, timescale not set
2025-10-18T17:54:28 update: added music/La Arrolladora Banda El Limón De René Camacho - Ya No Te Buscaré (Lyric Vide.m4a
2025-10-18T17:54:28 ffmpeg/mov,mp4,m4a,3gp,3g2,mj2: stream 0, timescale not set
2025-10-18T17:54:28 update: added music/Bailando Solo - Los Bunkers.m4a
2025-10-18T17:54:28 ffmpeg/mov,mp4,m4a,3gp,3g2,mj2: stream 0, timescale not set
2025-10-18T17:54:28 update: added music/Paul Anka - Put Your Head On My Shoulder (1959) HQ Audio.m4a
2025-10-18T17:54:28 update: added music/Tienes el Don (Rels B).mp3
2025-10-18T17:54:28 ffmpeg/mov,mp4,m4a,3gp,3g2,mj2: stream 0, timescale not set
2025-10-18T17:54:28 update: added music/TWO DOOR CINEMA CLUB _ SUN.m4a
2025-10-18T17:54:28 update: added music/Imagine Dragons - Sirens (Official Lyric Video).mp3
2025-10-18T17:54:28 ffmpeg/mov,mp4,m4a,3gp,3g2,mj2: stream 0, timescale not set
2025-10-18T17:54:28 update: added music/Rue Vieille Du Temple - León Larregui ft. Mon Laferte (Subtítulos).m4a
2025-10-18T17:54:28 ffmpeg/mov,mp4,m4a,3gp,3g2,mj2: stream 0, timescale not set
2025-10-18T17:54:28 update: added music/Imagine Dragons - Fade (Audio).m4a
2025-10-18T17:54:28 update: added music/LIT killah, Tiago PZK, Big One - LuXxX (Official Video).mp3
2025-10-18T17:54:28 update: added music/Wiz Khalifa - Contact feat. Tyga [Official Audio].mp3
2025-10-18T17:54:28 ffmpeg/mov,mp4,m4a,3gp,3g2,mj2: stream 0, timescale not set
2025-10-18T17:54:28 update: added music/Gold.m4a
2025-10-18T17:54:28 ffmpeg/mov,mp4,m4a,3gp,3g2,mj2: stream 0, timescale not set
2025-10-18T17:54:28 update: added music/twenty one pilots- Can't Help Falling In Love (Cover).m4a
2025-10-18T17:54:28 update: added music/Eptic - She.m4a
2025-10-18T17:54:28 ffmpeg/mov,mp4,m4a,3gp,3g2,mj2: stream 0, timescale not set
2025-10-18T17:54:28 update: added music/All About That Bass.m4a
2025-10-18T17:54:28 update: added music/Imagine Dragons - I'm Happy (Official Lyric Video).mp3
2025-10-18T17:54:28 ffmpeg/mov,mp4,m4a,3gp,3g2,mj2: stream 0, timescale not set
2025-10-18T17:54:28 update: added music/Hoje Eu Quero Me Perder.m4a
2025-10-18T17:54:28 ffmpeg/mov,mp4,m4a,3gp,3g2,mj2: stream 0, timescale not set
2025-10-18T17:54:28 update: added music/Paradise Circus.m4a
2025-10-18T17:54:28 update: added music/Eladio Carrión Ft. Arcangel - Como Sea (Visualizer) _ Sauce Boyz 2.mp3
2025-10-18T17:54:28 ffmpeg/mov,mp4,m4a,3gp,3g2,mj2: stream 0, timescale not set
2025-10-18T17:54:28 update: added music/beautiful scar ; AaRON -- lyrics.m4a
2025-10-18T17:54:28 ffmpeg/mov,mp4,m4a,3gp,3g2,mj2: stream 0, timescale not set
2025-10-18T17:54:28 update: added music/Imagine Dragons - Eyes Closed (Official Music Video).m4a
2025-10-18T17:54:28 ffmpeg/mov,mp4,m4a,3gp,3g2,mj2: stream 0, timescale not set
2025-10-18T17:54:28 update: added music/Canserbero - Pensando en ti (VIDEO OFICIAL).m4a
2025-10-18T17:54:28 ffmpeg/mov,mp4,m4a,3gp,3g2,mj2: stream 0, timescale not set
2025-10-18T17:54:28 update: added music/Carla Morrison 'No Vuelvo Jamás' (official video).m4a
2025-10-18T17:54:28 ffmpeg/mov,mp4,m4a,3gp,3g2,mj2: stream 0, timescale not set
2025-10-18T17:54:28 update: added music/Justin Bieber- Let me love you.m4a
2025-10-18T17:54:28 update: added music/Banda MS- Me vas a a extrañar.mp3
2025-10-18T17:54:28 ffmpeg/sami: Format sami detected only with low score of 1, misdetection possible!
2025-10-18T17:54:28 ffmpeg/mov,mp4,m4a,3gp,3g2,mj2: stream 0, timescale not set
2025-10-18T17:54:28 update: added music/Another One.m4a
2025-10-18T17:54:28 ffmpeg/mov,mp4,m4a,3gp,3g2,mj2: stream 0, timescale not set
2025-10-18T17:54:28 update: added music/Interpol - No I In Threesome.m4a
2025-10-18T17:54:28 update: added music/Ciro y los Persas _ ME GUSTA (Video Oficial).mp3
2025-10-18T17:54:28 ffmpeg/mov,mp4,m4a,3gp,3g2,mj2: stream 0, timescale not set
2025-10-18T17:54:28 update: added music/TRUENO X C.TERRIBLE X SHAOLIN MONKEY - MY DOG IS - Produce OSKARKLAP (SOCIO EJEC.m4a
2025-10-18T17:54:28 ffmpeg/mov,mp4,m4a,3gp,3g2,mj2: stream 0, timescale not set
2025-10-18T17:54:28 update: added music/Two Feet - Pink Reprise (Audio).m4a
2025-10-18T17:54:28 ffmpeg/mov,mp4,m4a,3gp,3g2,mj2: stream 0, timescale not set
2025-10-18T17:54:28 update: added music/Gera MX, LIT killah - Triste Bolero (Visualizer).m4a
2025-10-18T17:54:28 ffmpeg/mov,mp4,m4a,3gp,3g2,mj2: stream 0, timescale not set
2025-10-18T17:54:28 update: added music/The Neighbourhood - Too Serious (Audio).m4a
2025-10-18T17:54:28 ffmpeg/sami: Format sami detected only with low score of 1, misdetection possible!
2025-10-18T17:54:28 update: added music/Canserbero - 09. Llovía (Muerte).m4a
2025-10-18T17:54:28 ffmpeg/mov,mp4,m4a,3gp,3g2,mj2: stream 0, timescale not set
2025-10-18T17:54:28 update: added music/Siddhartha - Aves del Tiempo (Cap. 5 [Audio]).m4a
2025-10-18T17:54:28 ffmpeg/mov,mp4,m4a,3gp,3g2,mj2: stream 0, timescale not set
2025-10-18T17:54:28 update: added music/Doja Cat, Tyga - Juicy (Official Video).m4a
2025-10-18T17:54:28 ffmpeg/mov,mp4,m4a,3gp,3g2,mj2: stream 0, timescale not set
2025-10-18T17:54:28 update: added music/Daft Punk - Lose Yourself to Dance (Official Version).m4a
2025-10-18T17:54:28 update: added music/Lil Supa - Untitled ( Prod. By Backbeat ) - TCE Mic Check -.m4a
2025-10-18T17:54:28 ffmpeg/mov,mp4,m4a,3gp,3g2,mj2: stream 0, timescale not set
2025-10-18T17:54:28 update: added music/VHS Collection - Waiting on the Summer (Audio).m4a
2025-10-18T17:54:28 ffmpeg/mov,mp4,m4a,3gp,3g2,mj2: stream 0, timescale not set
2025-10-18T17:54:28 update: added music/fue en un cafe - los apson..m4a
2025-10-18T17:54:28 update: added music/Joji & Diplo - Daylight (Official Music Video).mp3
2025-10-18T17:54:28 ffmpeg/mov,mp4,m4a,3gp,3g2,mj2: stream 0, timescale not set
2025-10-18T17:54:28 update: added music/Spag Heddy - Here We Go -Drumstep-.m4a
2025-10-18T17:54:28 update: added music/WOS - TERRAZA (Video Oficial).mp3
2025-10-18T17:54:28 ffmpeg/mov,mp4,m4a,3gp,3g2,mj2: stream 0, timescale not set
2025-10-18T17:54:28 update: added music/Jaymes Young - What Is Love _ Sub Español.m4a
2025-10-18T17:54:28 ffmpeg/mov,mp4,m4a,3gp,3g2,mj2: stream 0, timescale not set
2025-10-18T17:54:28 update: added music/Bad Reputation.m4a
2025-10-18T17:54:28 ffmpeg/mov,mp4,m4a,3gp,3g2,mj2: stream 0, timescale not set
2025-10-18T17:54:28 update: added music/Samantha Barrón - Dibújame Feat. Nanpa Básico (Video Oficial).m4a
2025-10-18T17:54:28 update: added music/AUD-20150924-WA0081.mp3
2025-10-18T17:54:28 ffmpeg/mov,mp4,m4a,3gp,3g2,mj2: stream 0, timescale not set
2025-10-18T17:54:28 update: added music/Post Malone - rockstar ft. 21 Savage (Official Audio).m4a
2025-10-18T17:54:28 ffmpeg/mov,mp4,m4a,3gp,3g2,mj2: stream 0, timescale not set
2025-10-18T17:54:28 update: added music/AUD-20151219-WA0014.m4a
2025-10-18T17:54:28 update: added music/The Weekend- Starboy ft. Daft Punk.m4a
2025-10-18T17:54:28 update: added music/WOS - ANDROMEDA (Video Oficial).mp3
2025-10-18T17:54:28 ffmpeg/mov,mp4,m4a,3gp,3g2,mj2: stream 0, timescale not set
2025-10-18T17:54:28 update: added music/NICKI NICOLE - Colocao (letra- lyrics).m4a
2025-10-18T17:54:28 ffmpeg/mov,mp4,m4a,3gp,3g2,mj2: stream 0, timescale not set
2025-10-18T17:54:28 update: added music/Butterflies and Hurricanes.m4a
2025-10-18T17:54:28 ffmpeg/mov,mp4,m4a,3gp,3g2,mj2: stream 0, timescale not set
2025-10-18T17:54:28 update: added music/Sam Smith - I'm Not The Only One.m4a
2025-10-18T17:54:28 ffmpeg/mov,mp4,m4a,3gp,3g2,mj2: stream 0, timescale not set
2025-10-18T17:54:28 update: added music/Torreblanca - El Gran Adiós.m4a
2025-10-18T17:54:28 ffmpeg/mov,mp4,m4a,3gp,3g2,mj2: stream 0, timescale not set
2025-10-18T17:54:28 update: added music/The Kooks - Naive - Subtitulado HD.m4a
2025-10-18T17:54:28 ffmpeg/mov,mp4,m4a,3gp,3g2,mj2: stream 0, timescale not set
2025-10-18T17:54:28 update: added music/Taylor Swift - The Last Time (Traducida al español).m4a
2025-10-18T17:54:28 update: added music/Te la tiro pa que bailes - Plan B (Official Video).m4a
2025-10-18T17:54:28 update: added music/Gondwana - Aire De Jah.mp3
2025-10-18T17:54:28 ffmpeg/mov,mp4,m4a,3gp,3g2,mj2: stream 0, timescale not set
2025-10-18T17:54:28 update: added music/The Phoenix - Fall Out Boy - (fan lyric video).m4a
2025-10-18T17:54:28 ffmpeg/mov,mp4,m4a,3gp,3g2,mj2: stream 0, timescale not set
2025-10-18T17:54:28 update: added music/Gustavo Cerati - Crimen  (Lyric Video).m4a
2025-10-18T17:54:28 update: added music/William Bolton - Front Row (feat. Jackson Breit).m4a
2025-10-18T17:54:28 update: added music/Según Tus Labios.m4a
2025-10-18T17:54:28 ffmpeg/mov,mp4,m4a,3gp,3g2,mj2: stream 0, timescale not set
2025-10-18T17:54:28 update: added music/05. Elvin Bishop - Fooled Around and Fell In Love (Guardianes de la Galaxia) (Su.m4a
2025-10-18T17:54:28 ffmpeg/mov,mp4,m4a,3gp,3g2,mj2: stream 0, timescale not set
2025-10-18T17:54:28 update: added music/Alone - Bazzi (Español) - James.m4a
2025-10-18T17:54:28 ffmpeg/mov,mp4,m4a,3gp,3g2,mj2: stream 0, timescale not set
2025-10-18T17:54:28 update: added music/Natural.m4a
2025-10-18T17:54:28 update: added music/WOS - NO VA A BAJAR_256k.mp3
2025-10-18T17:54:28 update: added music/Ragged Insomnia - Imagine Dragons (Audio)_256k.mp3
2025-10-18T17:54:28 ffmpeg/mov,mp4,m4a,3gp,3g2,mj2: stream 0, timescale not set
2025-10-18T17:54:28 update: added music/Two Feet - You_ (Audio).m4a
2025-10-18T17:54:28 ffmpeg/mov,mp4,m4a,3gp,3g2,mj2: stream 0, timescale not set
2025-10-18T17:54:28 update: added music/HEYYEYAAEYAAAEYAEYAA.m4a
2025-10-18T17:54:28 update: added music/Trueno - FEEL ME__ (Video Oficial).mp3
2025-10-18T17:54:28 update: added music/Russ - Goodbye (Official Video)_256k.mp3
2025-10-18T17:54:28 ffmpeg/mov,mp4,m4a,3gp,3g2,mj2: stream 0, timescale not set
2025-10-18T17:54:28 update: added music/Viva La Vida.m4a
2025-10-18T17:54:28 update: added music/Siddhartha - Paraíso Lunar (Letra-Lyrics).mp3
2025-10-18T17:54:28 ffmpeg/mov,mp4,m4a,3gp,3g2,mj2: stream 0, timescale not set
2025-10-18T17:54:28 update: added music/Halsey - Without Me (Official Audio).m4a
2025-10-18T17:54:28 update: added music/Nanpa Básico & Blessd - Mal Mal Mal (Video Oficial)_256k.mp3
2025-10-18T17:54:28 ffmpeg/mov,mp4,m4a,3gp,3g2,mj2: stream 0, timescale not set
2025-10-18T17:54:28 update: added music/BØRNS - Faded Heart.m4a
2025-10-18T17:54:28 update: added music/Tom Brady _ New England Patriots Highlights _ Tom Terrific _ HD.m4a
2025-10-18T17:54:28 update: added music/APA Y CAN.mp3
2025-10-18T17:54:28 ffmpeg/mov,mp4,m4a,3gp,3g2,mj2: stream 0, timescale not set
2025-10-18T17:54:28 update: added music/Knee Socks.m4a
2025-10-18T17:54:28 ffmpeg/mov,mp4,m4a,3gp,3g2,mj2: stream 0, timescale not set
2025-10-18T17:54:28 update: added music/Carla Morrison - Tu orgullo (letra)_HD.m4a
2025-10-18T17:54:28 update: added music/Me Pones en Tension.m4a
2025-10-18T17:54:28 ffmpeg/mov,mp4,m4a,3gp,3g2,mj2: stream 0, timescale not set
2025-10-18T17:54:28 update: added music/Los Pericos - Inalcanzable.m4a
2025-10-18T17:54:28 ffmpeg/mov,mp4,m4a,3gp,3g2,mj2: stream 0, timescale not set
2025-10-18T17:54:28 update: added music/Feid, Yandel - Brickell (Lyric Video).m4a
2025-10-18T17:54:28 ffmpeg/mov,mp4,m4a,3gp,3g2,mj2: stream 0, timescale not set
2025-10-18T17:54:28 update: added music/Gangsta's Paradise (feat. L.V.).m4a
2025-10-18T17:54:28 ffmpeg/mov,mp4,m4a,3gp,3g2,mj2: stream 0, timescale not set
2025-10-18T17:54:28 update: added music/Reggae liphe-Swan Fyahbwoy (Letra).m4a
2025-10-18T17:54:28 update: added music/Lollypop Lorry - I Won't Let You Go (live at Octopus, 8-05-2016).m4a
2025-10-18T17:54:28 ffmpeg/mov,mp4,m4a,3gp,3g2,mj2: stream 0, timescale not set
2025-10-18T17:54:28 update: added music/WOS - LUZ DELITO.m4a
2025-10-18T17:54:28 ffmpeg/mov,mp4,m4a,3gp,3g2,mj2: stream 0, timescale not set
2025-10-18T17:54:28 update: added music/Billie Eilish - idontwannabeyouanymore _ A COLORS SHOW.m4a
2025-10-18T17:54:28 ffmpeg/mov,mp4,m4a,3gp,3g2,mj2: stream 0, timescale not set
2025-10-18T17:54:28 update: added music/Next To Me.m4a
2025-10-18T17:54:28 ffmpeg/mov,mp4,m4a,3gp,3g2,mj2: stream 0, timescale not set
2025-10-18T17:54:28 update: added music/Guns N' Roses - Paradise City.m4a
2025-10-18T17:54:28 ffmpeg/mov,mp4,m4a,3gp,3g2,mj2: stream 0, timescale not set
2025-10-18T17:54:28 update: added music/Abstract - Neverland (ft. Ruth B) (Prod. Blulake).m4a
2025-10-18T17:54:28 ffmpeg/mov,mp4,m4a,3gp,3g2,mj2: stream 0, timescale not set
2025-10-18T17:54:28 update: added music/Mr. Brightside.m4a
2025-10-18T17:54:28 ffmpeg/mov,mp4,m4a,3gp,3g2,mj2: stream 0, timescale not set
2025-10-18T17:54:28 update: added music/Knights Of Cydonia.m4a
2025-10-18T17:54:28 ffmpeg/mov,mp4,m4a,3gp,3g2,mj2: stream 0, timescale not set
2025-10-18T17:54:28 update: added music/Cage the Elephant - Ready To Let Go (lyrics).m4a
2025-10-18T17:54:28 ffmpeg/mov,mp4,m4a,3gp,3g2,mj2: stream 0, timescale not set
2025-10-18T17:54:28 update: added music/Alone Again (Naturally) — Gilbert O'Sullivan __ Sub. Español _ Lyrics.m4a
2025-10-18T17:54:28 update: added music/ROSALÍA, Chencho Corleone - CANDY (Remix - Official Audio).mp3
2025-10-18T17:54:28 ffmpeg/mov,mp4,m4a,3gp,3g2,mj2: stream 0, timescale not set
2025-10-18T17:54:28 update: added music/nothing like us - jungkook; español..m4a
2025-10-18T17:54:28 ffmpeg/mov,mp4,m4a,3gp,3g2,mj2: stream 0, timescale not set
2025-10-18T17:54:28 update: added music/Black Honey - Somebody Better.m4a
2025-10-18T17:54:28 update: added music/Russ - Congrats Freestyle (Official Audio)_256k.mp3
2025-10-18T17:54:28 update: added music/BAD BUNNY - LA ZONA _ YHLQMDLG [Visualizer].mp3
2025-10-18T17:54:28 ffmpeg/mov,mp4,m4a,3gp,3g2,mj2: stream 0, timescale not set
2025-10-18T17:54:28 update: added music/Telepathic - Where is my mind (Pixies cover-remix).m4a
2025-10-18T17:54:28 ffmpeg/mov,mp4,m4a,3gp,3g2,mj2: stream 0, timescale not set
2025-10-18T17:54:28 update: added music/I Love You All The Time - Imagine Dragons (Audio).m4a
2025-10-18T17:54:28 ffmpeg/mov,mp4,m4a,3gp,3g2,mj2: stream 0, timescale not set
2025-10-18T17:54:28 update: added music/Rauw Alejandro & Chencho Corleone - Desesperados (Video Oficial).m4a
2025-10-18T17:54:28 ffmpeg/mov,mp4,m4a,3gp,3g2,mj2: stream 0, timescale not set
2025-10-18T17:54:28 update: added music/Radiohead - No Surprises.m4a
2025-10-18T17:54:28 ffmpeg/mov,mp4,m4a,3gp,3g2,mj2: stream 0, timescale not set
2025-10-18T17:54:28 update: added music/k a m a i t a c h i - Cabelos Arco-íris.m4a
2025-10-18T17:54:28 ffmpeg/mov,mp4,m4a,3gp,3g2,mj2: stream 0, timescale not set
2025-10-18T17:54:28 update: added music/MESITA - DUBAI.m4a
2025-10-18T17:54:28 ffmpeg/mov,mp4,m4a,3gp,3g2,mj2: stream 0, timescale not set
2025-10-18T17:54:28 update: added music/Someday.m4a
2025-10-18T17:54:28 ffmpeg/mov,mp4,m4a,3gp,3g2,mj2: stream 0, timescale not set
2025-10-18T17:54:28 update: added music/The Strokes - Under Cover of Darkness (subtitulado).m4a
2025-10-18T17:54:28 update: added music/Cantándote al Oído.mp3
2025-10-18T17:54:28 ffmpeg/sami: Format sami detected only with low score of 1, misdetection possible!
2025-10-18T17:54:28 ffmpeg/mov,mp4,m4a,3gp,3g2,mj2: stream 0, timescale not set
2025-10-18T17:54:28 update: added music/Selena Gomez - Me & The Rhythm (Audio).m4a
2025-10-18T17:54:28 ffmpeg/mov,mp4,m4a,3gp,3g2,mj2: stream 0, timescale not set
2025-10-18T17:54:28 update: added music/Avril Lavigne - Wish You Were Here.m4a
2025-10-18T17:54:28 ffmpeg/mov,mp4,m4a,3gp,3g2,mj2: stream 0, timescale not set
2025-10-18T17:54:28 update: added music/come out and play.m4a
2025-10-18T17:54:28 update: added music/3AM - ALBA (Video Oficial).mp3
2025-10-18T17:54:28 ffmpeg/mov,mp4,m4a,3gp,3g2,mj2: stream 0, timescale not set
2025-10-18T17:54:28 update: added music/Rack 'Em Up.m4a
2025-10-18T17:54:28 ffmpeg/mov,mp4,m4a,3gp,3g2,mj2: stream 0, timescale not set
2025-10-18T17:54:28 update: added music/Troye Sivan - The Good Side (Official Audio).m4a
2025-10-18T17:54:28 ffmpeg/mov,mp4,m4a,3gp,3g2,mj2: stream 0, timescale not set
2025-10-18T17:54:28 update: added music/Arctic Monkeys - Snap Out Of It (Official Video).m4a
2025-10-18T17:54:28 ffmpeg/mov,mp4,m4a,3gp,3g2,mj2: stream 0, timescale not set
2025-10-18T17:54:28 update: added music/QUE CARO ESTOY PAGANDO - Los Plebes del Rancho de Ariel Camacho (Video Oficial) .m4a
2025-10-18T17:54:28 ffmpeg/mov,mp4,m4a,3gp,3g2,mj2: stream 0, timescale not set
2025-10-18T17:54:28 update: added music/Amargo Adiós.m4a
2025-10-18T17:54:28 ffmpeg/mov,mp4,m4a,3gp,3g2,mj2: stream 0, timescale not set
2025-10-18T17:54:28 update: added music/Russ - Losin Control (Official Video).m4a
2025-10-18T17:54:28 update: added music/Enrique Iglesias - Bailando (Español) ft. Descemer Bueno, Gente De Zona.m4a
2025-10-18T17:54:28 ffmpeg/mov,mp4,m4a,3gp,3g2,mj2: stream 0, timescale not set
2025-10-18T17:54:28 update: added music/Stromae, Pomme - “Ma Meilleure Ennemie” (from Arcane Season 2) [Official Vis.m4a
2025-10-18T17:54:28 update: added music/The Score - Stay_256k.mp3
2025-10-18T17:54:28 ffmpeg/mov,mp4,m4a,3gp,3g2,mj2: stream 0, timescale not set
2025-10-18T17:54:28 update: added music/Jósean Log - Beso (Lyric Video).m4a
2025-10-18T17:54:28 update: added music/AJR - Burn The House Down (Official Video).mp3
2025-10-18T17:54:28 ffmpeg/mov,mp4,m4a,3gp,3g2,mj2: stream 0, timescale not set
2025-10-18T17:54:28 update: added music/Propaganda.m4a
2025-10-18T17:54:29 ffmpeg/mov,mp4,m4a,3gp,3g2,mj2: stream 0, timescale not set
2025-10-18T17:54:29 update: added music/Cage The Elephant - Shake Me Down.m4a
2025-10-18T17:54:29 ffmpeg/mov,mp4,m4a,3gp,3g2,mj2: stream 0, timescale not set
2025-10-18T17:54:29 update: added music/Xavi - La Víctima (Official Video).m4a
2025-10-18T17:54:29 ffmpeg/mov,mp4,m4a,3gp,3g2,mj2: stream 0, timescale not set
2025-10-18T17:54:29 update: added music/Stateless - Bloodstream (Official lyrics).m4a
2025-10-18T17:54:29 update: added music/Maria Becerra - OJALA (Official Video).mp3
2025-10-18T17:54:29 update: added music/Nicki Nicole, Rauw Alejandro - Sabe (Official Video).mp3
2025-10-18T17:54:29 ffmpeg/mov,mp4,m4a,3gp,3g2,mj2: stream 0, timescale not set
2025-10-18T17:54:29 update: added music/Nina Nesbitt - Somebody Special (Official Audio).m4a
2025-10-18T17:54:29 ffmpeg/mov,mp4,m4a,3gp,3g2,mj2: stream 0, timescale not set
2025-10-18T17:54:29 update: added music/NLE Choppa, Imagine Dragons - Dare U (Official Lyric Video).m4a
2025-10-18T17:54:29 ffmpeg/mov,mp4,m4a,3gp,3g2,mj2: stream 0, timescale not set
2025-10-18T17:54:29 update: added music/xanny.m4a
2025-10-18T17:54:29 ffmpeg/mov,mp4,m4a,3gp,3g2,mj2: stream 0, timescale not set
2025-10-18T17:54:29 update: added music/Imagine Dragons - Rocks (Audio).m4a
2025-10-18T17:54:29 ffmpeg/mov,mp4,m4a,3gp,3g2,mj2: stream 0, timescale not set
2025-10-18T17:54:29 update: added music/02 - READY - APA Y CAN.m4a
2025-10-18T17:54:29 ffmpeg/mov,mp4,m4a,3gp,3g2,mj2: stream 0, timescale not set
2025-10-18T17:54:29 update: added music/Foster The People - Worst Nites (Official Audio).m4a
2025-10-18T17:54:29 update: added music/It's Just Forever.m4a
2025-10-18T17:54:29 ffmpeg/mov,mp4,m4a,3gp,3g2,mj2: stream 0, timescale not set
2025-10-18T17:54:29 update: added music/Fireside.m4a
2025-10-18T17:54:29 ffmpeg/mov,mp4,m4a,3gp,3g2,mj2: stream 0, timescale not set
2025-10-18T17:54:29 update: added music/Rompe.m4a
2025-10-18T17:54:29 update: added music/Maria Becerra x TINI x Lola Indigo - High Remix (Official Video).m4a
2025-10-18T17:54:29 update: added music/Bob Marley- No woman no cry.mp3
2025-10-18T17:54:29 ffmpeg/mov,mp4,m4a,3gp,3g2,mj2: stream 0, timescale not set
2025-10-18T17:54:29 update: added music/Ed Sheeran - 'New man' -Subtitulado Al Español-.m4a
2025-10-18T17:54:29 ffmpeg/mov,mp4,m4a,3gp,3g2,mj2: stream 0, timescale not set
2025-10-18T17:54:29 update: added music/Keaton Henson - Small Hands.m4a
2025-10-18T17:54:29 update: added music/ELEPHANZ - Imperfection (official audio)_256k.mp3
2025-10-18T17:54:29 update: added music/Nicki Nicole, Trueno, Bizarrap - Dangerous (Official Video).mp3
2025-10-18T17:54:29 ffmpeg/mov,mp4,m4a,3gp,3g2,mj2: stream 0, timescale not set
2025-10-18T17:54:29 update: added music/La M.O.D.A. -- Una canción para no decir te quiero.m4a
2025-10-18T17:54:29 ffmpeg/mov,mp4,m4a,3gp,3g2,mj2: stream 0, timescale not set
2025-10-18T17:54:29 update: added music/No Te Va Gustar - A las nueve.m4a
2025-10-18T17:54:29 ffmpeg/mov,mp4,m4a,3gp,3g2,mj2: stream 0, timescale not set
2025-10-18T17:54:29 update: added music/Tessa Violet - Crush -- Español.m4a
2025-10-18T17:54:29 ffmpeg/mov,mp4,m4a,3gp,3g2,mj2: stream 0, timescale not set
2025-10-18T17:54:29 update: added music/I Kissed a Girl, and She Kissed Me.m4a
2025-10-18T17:54:29 ffmpeg/mov,mp4,m4a,3gp,3g2,mj2: stream 0, timescale not set
2025-10-18T17:54:29 update: added music/Arctic Monkeys - Science Fiction (Official Audio).m4a
2025-10-18T17:54:29 ffmpeg/mov,mp4,m4a,3gp,3g2,mj2: stream 0, timescale not set
2025-10-18T17:54:29 update: added music/Hopeless Opus.m4a
2025-10-18T17:54:29 ffmpeg/mov,mp4,m4a,3gp,3g2,mj2: stream 0, timescale not set
2025-10-18T17:54:29 update: added music/This Love.m4a
2025-10-18T17:54:29 ffmpeg/mov,mp4,m4a,3gp,3g2,mj2: stream 0, timescale not set
2025-10-18T17:54:29 update: added music/Stolen Dance.m4a
2025-10-18T17:54:29 ffmpeg/mov,mp4,m4a,3gp,3g2,mj2: stream 0, timescale not set
2025-10-18T17:54:29 update: added music/Eiffel 65 - Blue (Da Ba Dee) (Original Video with subtitles).m4a
2025-10-18T17:54:29 update: added music/Circles_1169.mp3
2025-10-18T17:54:29 ffmpeg/mov,mp4,m4a,3gp,3g2,mj2: stream 0, timescale not set
2025-10-18T17:54:29 update: added music/Cold Cold Cold.m4a
2025-10-18T17:54:29 update: added music/Giants_256k.mp3
2025-10-18T17:54:29 ffmpeg/mov,mp4,m4a,3gp,3g2,mj2: stream 0, timescale not set
2025-10-18T17:54:29 update: added music/The Middle - Jimmy Eat World (Subtitulado Español).m4a
2025-10-18T17:54:29 ffmpeg/mov,mp4,m4a,3gp,3g2,mj2: stream 0, timescale not set
2025-10-18T17:54:29 update: added music/The Smiths - What Difference Does It Make_ (Official Music Video).m4a
2025-10-18T17:54:29 update: added music/James E. Gray - Mirage (Official Music Video).m4a
2025-10-18T17:54:29 ffmpeg/mov,mp4,m4a,3gp,3g2,mj2: stream 0, timescale not set
2025-10-18T17:54:29 update: added music/Queen - Bohemian Rhapsody (Official Video).m4a
2025-10-18T17:54:29 ffmpeg/mov,mp4,m4a,3gp,3g2,mj2: stream 0, timescale not set
2025-10-18T17:54:29 update: added music/Arctic Monkeys - Do I Wanna Know_ (Official Video).m4a
2025-10-18T17:54:29 update: added music/Billie Eilish - Watch (Acoustic) _ Up Next.m4a
2025-10-18T17:54:29 ffmpeg/mov,mp4,m4a,3gp,3g2,mj2: stream 0, timescale not set
2025-10-18T17:54:29 update: added music/Faint (Official Video) - Linkin Park.m4a
2025-10-18T17:54:29 ffmpeg/mov,mp4,m4a,3gp,3g2,mj2: stream 0, timescale not set
2025-10-18T17:54:29 update: added music/Russ - AINT GOIN BACK (Official Audio).m4a
2025-10-18T17:54:29 ffmpeg/mov,mp4,m4a,3gp,3g2,mj2: stream 0, timescale not set
2025-10-18T17:54:29 update: added music/BØRNS - Electric Love.m4a
2025-10-18T17:54:29 ffmpeg/mov,mp4,m4a,3gp,3g2,mj2: stream 0, timescale not set
2025-10-18T17:54:29 update: added music/Taylor Swift - Call It What You Want (Lyric Video).m4a
2025-10-18T17:54:29 ffmpeg/mov,mp4,m4a,3gp,3g2,mj2: stream 0, timescale not set
2025-10-18T17:54:29 update: added music/Hear Me __  Imagine Dragons -Traducida al Español-.m4a
2025-10-18T17:54:29 ffmpeg/mov,mp4,m4a,3gp,3g2,mj2: stream 0, timescale not set
2025-10-18T17:54:29 update: added music/Natalia Lafourcade - Nunca Es Suficiente.m4a
2025-10-18T17:54:29 ffmpeg/mov,mp4,m4a,3gp,3g2,mj2: stream 0, timescale not set
2025-10-18T17:54:29 update: added music/Queens of the Stone Age - I Appear Missing.m4a
2025-10-18T17:54:29 ffmpeg/mov,mp4,m4a,3gp,3g2,mj2: stream 0, timescale not set
2025-10-18T17:54:29 update: added music/Everyday Normal Guy 2.m4a
2025-10-18T17:54:29 ffmpeg/mov,mp4,m4a,3gp,3g2,mj2: stream 0, timescale not set
2025-10-18T17:54:29 update: added music/Between The Cheats.m4a
2025-10-18T17:54:29 ffmpeg/mov,mp4,m4a,3gp,3g2,mj2: stream 0, timescale not set
2025-10-18T17:54:29 update: added music/Take Me Out.m4a
2025-10-18T17:54:29 ffmpeg/mov,mp4,m4a,3gp,3g2,mj2: stream 0, timescale not set
2025-10-18T17:54:29 update: added music/Cage The Elephant - Social Cues (Audio).m4a
2025-10-18T17:54:29 ffmpeg/mov,mp4,m4a,3gp,3g2,mj2: stream 0, timescale not set
2025-10-18T17:54:29 update: added music/Santana - Maria Maria ft. The Product G&B.m4a
2025-10-18T17:54:29 ffmpeg/mov,mp4,m4a,3gp,3g2,mj2: stream 0, timescale not set
2025-10-18T17:54:29 update: added music/Skins - Wild World.m4a
2025-10-18T17:54:29 ffmpeg/mov,mp4,m4a,3gp,3g2,mj2: stream 0, timescale not set
2025-10-18T17:54:29 update: added music/The Strokes - Call Me Back.m4a
2025-10-18T17:54:29 ffmpeg/mov,mp4,m4a,3gp,3g2,mj2: stream 0, timescale not set
2025-10-18T17:54:29 update: added music/Aventura - Dile Al Amor (Letra-Lyrics).m4a
2025-10-18T17:54:29 ffmpeg/mov,mp4,m4a,3gp,3g2,mj2: stream 0, timescale not set
2025-10-18T17:54:29 update: added music/Wind Of Change.m4a
2025-10-18T17:54:29 update: added music/AUD-20151101-WA0027.mp3
2025-10-18T17:54:29 update: added music/ALMA DINAMITA_256k.mp3
2025-10-18T17:54:29 update: added music/Ayy Macarena - Tyga.mp3
2025-10-18T17:54:29 ffmpeg/mov,mp4,m4a,3gp,3g2,mj2: stream 0, timescale not set
2025-10-18T17:54:29 update: added music/Arctic Monkeys - Batphone (Official Audio).m4a
2025-10-18T17:54:29 ffmpeg/mov,mp4,m4a,3gp,3g2,mj2: stream 0, timescale not set
2025-10-18T17:54:29 update: added music/Duck Fizz - Blackout Disco (Lyrics).m4a
2025-10-18T17:54:29 update: added music/BAD BUNNY - DtMF (Visualizer) _ DeBÍ TiRAR MáS FOToS.m4a
2025-10-18T17:54:29 ffmpeg/mov,mp4,m4a,3gp,3g2,mj2: stream 0, timescale not set
2025-10-18T17:54:29 update: added music/10. Ka-b - Aunque me duela (Official Music Video) _ THE NEW TSUNAMI.m4a
2025-10-18T17:54:29 ffmpeg/mov,mp4,m4a,3gp,3g2,mj2: stream 0, timescale not set
2025-10-18T17:54:29 update: added music/Fuera de Lugar.m4a
2025-10-18T17:54:29 ffmpeg/mov,mp4,m4a,3gp,3g2,mj2: stream 0, timescale not set
2025-10-18T17:54:29 update: added music/Pressure.m4a
2025-10-18T17:54:29 update: added music/Snow Tha Product __ BZRP Music Sessions @39.mp3
2025-10-18T17:54:29 ffmpeg/mov,mp4,m4a,3gp,3g2,mj2: stream 0, timescale not set
2025-10-18T17:54:29 update: added music/[Electro Swing] LITTLE VIOLET - LIMITS - OFFICIAL AUDIO.m4a
2025-10-18T17:54:29 ffmpeg/mov,mp4,m4a,3gp,3g2,mj2: stream 0, timescale not set
2025-10-18T17:54:29 update: added music/UB40 - Red Red Wine.m4a
2025-10-18T17:54:29 ffmpeg/mov,mp4,m4a,3gp,3g2,mj2: stream 0, timescale not set
2025-10-18T17:54:29 update: added music/Humility (feat. George Benson).m4a
2025-10-18T17:54:29 ffmpeg/mov,mp4,m4a,3gp,3g2,mj2: stream 0, timescale not set
2025-10-18T17:54:29 update: added music/Algorithm.m4a
2025-10-18T17:54:29 update: added music/ARDE.mp4
2025-10-18T17:54:29 update: added music/Maria Becerra - ACARAMELAO (Official Video)_256k.mp3
2025-10-18T17:54:29 update: added music/Bad Bunny (ft. Chencho Corleone) - Me Porto Bonito (Official Video) _ Un Verano .mp3
2025-10-18T17:54:29 ffmpeg/mov,mp4,m4a,3gp,3g2,mj2: stream 0, timescale not set
2025-10-18T17:54:29 update: added music/Iris.m4a
2025-10-18T17:54:29 update: added music/Silvertongue_256k.mp3
2025-10-18T17:54:29 ffmpeg/mov,mp4,m4a,3gp,3g2,mj2: stream 0, timescale not set
2025-10-18T17:54:29 update: added music/My Fault.m4a
2025-10-18T17:54:29 ffmpeg/mov,mp4,m4a,3gp,3g2,mj2: stream 0, timescale not set
2025-10-18T17:54:29 update: added music/Jueves _ La Oreja de Van Gogh.m4a
2025-10-18T17:54:29 ffmpeg/mov,mp4,m4a,3gp,3g2,mj2: stream 0, timescale not set
2025-10-18T17:54:29 update: added music/Radiohead - True Love Waits -Sub Español- HD.m4a
2025-10-18T17:54:29 update: added music/Christian French - head first.mp3
2025-10-18T17:54:29 update: added music/AUD-20151007-WA0009.aac
2025-10-18T17:54:29 update: added music/San Cisco - Magic (Official Music Video).m4a
2025-10-18T17:54:29 ffmpeg/mov,mp4,m4a,3gp,3g2,mj2: stream 0, timescale not set
2025-10-18T17:54:29 update: added music/KODALINE - MOVING ON (TRADUCIDA AL ESPAÑOL) Love Rosie.m4a
2025-10-18T17:54:29 ffmpeg/mov,mp4,m4a,3gp,3g2,mj2: stream 0, timescale not set
2025-10-18T17:54:29 update: added music/AUD-20151219-WA0021.m4a
2025-10-18T17:54:29 ffmpeg/mov,mp4,m4a,3gp,3g2,mj2: stream 0, timescale not set
2025-10-18T17:54:29 update: added music/Tash Sultana - 'SALVATION' (Official Video).m4a
2025-10-18T17:54:29 ffmpeg/mov,mp4,m4a,3gp,3g2,mj2: stream 0, timescale not set
2025-10-18T17:54:29 update: added music/Imagine Dragons - Look How Far We've Come (Audio).m4a
2025-10-18T17:54:29 ffmpeg/mov,mp4,m4a,3gp,3g2,mj2: stream 0, timescale not set
2025-10-18T17:54:29 update: added music/Lamento Boliviano.m4a
2025-10-18T17:54:29 ffmpeg/mov,mp4,m4a,3gp,3g2,mj2: stream 0, timescale not set
2025-10-18T17:54:29 update: added music/Natalia Lafourcade - Mi Lugar Favorito (Official Lyric Video).m4a
2025-10-18T17:54:29 ffmpeg/mov,mp4,m4a,3gp,3g2,mj2: stream 0, timescale not set
2025-10-18T17:54:29 update: added music/Dexys Midnight Runners - Come on Eileen.m4a
2025-10-18T17:54:29 ffmpeg/mov,mp4,m4a,3gp,3g2,mj2: stream 0, timescale not set
2025-10-18T17:54:29 update: added music/Stuck.m4a
2025-10-18T17:54:29 ffmpeg/mov,mp4,m4a,3gp,3g2,mj2: stream 0, timescale not set
2025-10-18T17:54:29 update: added music/No Te Puedo Olvidar (letra) - Camilo Séptimo.m4a
2025-10-18T17:54:29 update: added music/Imagine Dragons - Blur (Official Lyric Video).mp3
2025-10-18T17:54:29 ffmpeg/mov,mp4,m4a,3gp,3g2,mj2: stream 0, timescale not set
2025-10-18T17:54:29 update: added music/3-15.m4a
2025-10-18T17:54:29 ffmpeg/mov,mp4,m4a,3gp,3g2,mj2: stream 0, timescale not set
2025-10-18T17:54:29 update: added music/Todo Biento.m4a
2025-10-18T17:54:29 ffmpeg/mov,mp4,m4a,3gp,3g2,mj2: stream 0, timescale not set
2025-10-18T17:54:29 update: added music/Ride On.m4a
2025-10-18T17:54:29 update: added music/The Score - Glory (Official Audio)_256k.mp3
2025-10-18T17:54:29 ffmpeg/mov,mp4,m4a,3gp,3g2,mj2: stream 0, timescale not set
2025-10-18T17:54:29 update: added music/Sub Urban - Cradles [OFFICIAL MUSIC VIDEO].m4a
2025-10-18T17:54:29 ffmpeg/mov,mp4,m4a,3gp,3g2,mj2: stream 0, timescale not set
2025-10-18T17:54:29 update: added music/Imagine Dragons - I Bet My Life (Audio).m4a
2025-10-18T17:54:29 ffmpeg/mov,mp4,m4a,3gp,3g2,mj2: stream 0, timescale not set
2025-10-18T17:54:29 update: added music/Alex Turner - Glass in the Park (Subtitulada).m4a
2025-10-18T17:54:29 ffmpeg/mov,mp4,m4a,3gp,3g2,mj2: stream 0, timescale not set
2025-10-18T17:54:29 update: added music/Water Fountain.m4a
2025-10-18T17:54:29 ffmpeg/mov,mp4,m4a,3gp,3g2,mj2: stream 0, timescale not set
2025-10-18T17:54:29 update: added music/Milky Chance - Stolen Dance (Album Version).m4a
2025-10-18T17:54:29 update: added music/Trueno, Randy, Bizarrap - JUNGLE (Video Oficial).mp3
2025-10-18T17:54:29 ffmpeg/mov,mp4,m4a,3gp,3g2,mj2: stream 0, timescale not set
2025-10-18T17:54:29 update: added music/Roots.m4a
2025-10-18T17:54:29 update: added music/The Score - Legend_256k.mp3
2025-10-18T17:54:29 ffmpeg/mov,mp4,m4a,3gp,3g2,mj2: stream 0, timescale not set
2025-10-18T17:54:29 update: added music/The Rasmus - In the Shadows (HQ Audio).m4a
2025-10-18T17:54:29 ffmpeg/sami: Format sami detected only with low score of 1, misdetection possible!
2025-10-18T17:54:29 ffmpeg/mov,mp4,m4a,3gp,3g2,mj2: stream 0, timescale not set
2025-10-18T17:54:29 update: added music/NO COPIO - CRUDO-THE COLOMBIANS-U&D - ESMERALDAS.m4a
2025-10-18T17:54:29 ffmpeg/mov,mp4,m4a,3gp,3g2,mj2: stream 0, timescale not set
2025-10-18T17:54:29 update: added music/BLESSD  FEID - SI SABE FERXXO  (VIDEO OFICIAL).m4a
2025-10-18T17:54:29 ffmpeg/mov,mp4,m4a,3gp,3g2,mj2: stream 0, timescale not set
2025-10-18T17:54:29 update: added music/Murio la flor - Los Angeles Negros  ( Con Letra ).m4a
2025-10-18T17:54:29 update: added music/Bad Bunny - Dos Mil 16 (360° Visualizer) _ Un Verano Sin Ti.mp3
2025-10-18T17:54:29 update: added music/Nicki Nicole, Ptazeta, Snow Tha Product - Tengo To (Official Lyric Video).mp3
2025-10-18T17:54:29 ffmpeg/mov,mp4,m4a,3gp,3g2,mj2: stream 0, timescale not set
2025-10-18T17:54:29 update: added music/El Canto del Loco - Contigo ft. Natalia Lafourcade.m4a
2025-10-18T17:54:29 ffmpeg/mov,mp4,m4a,3gp,3g2,mj2: stream 0, timescale not set
2025-10-18T17:54:29 update: added music/The Strokes - You Only Live Once (Video Main).m4a
2025-10-18T17:54:29 update: added music/RVFV - Yo Aprendí (Video Oficial).mp3
2025-10-18T17:54:29 ffmpeg/mov,mp4,m4a,3gp,3g2,mj2: stream 0, timescale not set
2025-10-18T17:54:29 update: added music/Post Malone - 'Wow.' (Official Music Video).m4a
2025-10-18T17:54:29 ffmpeg/mov,mp4,m4a,3gp,3g2,mj2: stream 0, timescale not set
2025-10-18T17:54:29 update: added music/Tiësto  Oliver Heldens ft Natalie La Rose   The Right Song Radio Edit.m4a
2025-10-18T17:54:29 update: added music/The Score - Believe (Official Audio)_256k.mp3
2025-10-18T17:54:29 update: added music/Siddhartha, Ana Torroja - Mapa (Letra-Lyrics)_256k.mp3
2025-10-18T17:54:29 ffmpeg/mov,mp4,m4a,3gp,3g2,mj2: stream 0, timescale not set
2025-10-18T17:54:30 update: added music/Virlan Garcia - En Donde Esta Tu Amor [Official Audio].m4a
2025-10-18T17:54:30 ffmpeg/mov,mp4,m4a,3gp,3g2,mj2: stream 0, timescale not set
2025-10-18T17:54:30 update: added music/Kaleo - No Good (Vinyl).m4a
2025-10-18T17:54:30 ffmpeg/mov,mp4,m4a,3gp,3g2,mj2: stream 0, timescale not set
2025-10-18T17:54:30 update: added music/John Newman - Come And Get It.m4a
2025-10-18T17:54:30 ffmpeg/mov,mp4,m4a,3gp,3g2,mj2: stream 0, timescale not set
2025-10-18T17:54:30 update: added music/Pixies - Where is my Mind (Fight Club Soundtrack) HQ.m4a
2025-10-18T17:54:30 update: added music/Enemy (from the series Arcane League of Legends)_256k(1).mp3
2025-10-18T17:54:30 ffmpeg/mov,mp4,m4a,3gp,3g2,mj2: stream 0, timescale not set
2025-10-18T17:54:30 update: added music/17 EPILOGO - CANSERBERO -Vida-_low.m4a
2025-10-18T17:54:30 ffmpeg/mov,mp4,m4a,3gp,3g2,mj2: stream 0, timescale not set
2025-10-18T17:54:30 update: added music/Tipling Rock - A Side - B Side [Visualizer].m4a
2025-10-18T17:54:30 update: added music/Dinamita - Rafa Arreguín.mp3
2025-10-18T17:54:30 ffmpeg/mov,mp4,m4a,3gp,3g2,mj2: stream 0, timescale not set
2025-10-18T17:54:30 update: added music/Black Honey - Teenager.m4a
2025-10-18T17:54:30 ffmpeg/mov,mp4,m4a,3gp,3g2,mj2: stream 0, timescale not set
2025-10-18T17:54:30 update: added music/The Black Eyed Peas - Let's Get It Started.m4a
2025-10-18T17:54:30 update: added music/High Hopes_256k.mp3
2025-10-18T17:54:30 ffmpeg/mov,mp4,m4a,3gp,3g2,mj2: stream 0, timescale not set
2025-10-18T17:54:30 update: added music/Coldplay - Hymn For The Weekend (Official Video).m4a
2025-10-18T17:54:30 ffmpeg/mov,mp4,m4a,3gp,3g2,mj2: stream 0, timescale not set
2025-10-18T17:54:30 update: added music/Mon Laferte - Amor Completo.m4a
2025-10-18T17:54:30 update: added music/One Day_256k.mp3
2025-10-18T17:54:30 ffmpeg/mov,mp4,m4a,3gp,3g2,mj2: stream 0, timescale not set
2025-10-18T17:54:30 update: added music/James Blunt - Courtney's Song.m4a
2025-10-18T17:54:30 ffmpeg/mov,mp4,m4a,3gp,3g2,mj2: stream 0, timescale not set
2025-10-18T17:54:30 update: added music/rosas ; la oreja de van gogh -- letra.m4a
2025-10-18T17:54:30 ffmpeg/mov,mp4,m4a,3gp,3g2,mj2: stream 0, timescale not set
2025-10-18T17:54:30 update: added music/Camila Cabello - My Oh My (Audio) ft. DaBaby.m4a
2025-10-18T17:54:30 update: added music/Frank Carter & The Rattlesnakes - Cupid's Arrow (Visualiser).mp3
2025-10-18T17:54:30 ffmpeg/mov,mp4,m4a,3gp,3g2,mj2: stream 0, timescale not set
2025-10-18T17:54:30 update: added music/Blackbear -- i miss the old u (ESPAÑOL).m4a
2025-10-18T17:54:30 ffmpeg/mov,mp4,m4a,3gp,3g2,mj2: stream 0, timescale not set
2025-10-18T17:54:30 update: added music/The Strokes - Hard To Explain.m4a
2025-10-18T17:54:30 update: added music/Bad Bunny (ft. Bomba Estéreo) - Ojitos Lindos (360° Visualizer) _ Un Verano Sin .mp3
2025-10-18T17:54:30 ffmpeg/mov,mp4,m4a,3gp,3g2,mj2: stream 0, timescale not set
2025-10-18T17:54:30 update: added music/Oscar Maydon x Fuerza Regida - Tu Boda.m4a
2025-10-18T17:54:30 update: added music/Por Ti.mp3
2025-10-18T17:54:30 ffmpeg/mov,mp4,m4a,3gp,3g2,mj2: stream 0, timescale not set
2025-10-18T17:54:30 update: added music/Imagine Dragons - This Is Me (Audio).m4a
2025-10-18T17:54:30 ffmpeg/mov,mp4,m4a,3gp,3g2,mj2: stream 0, timescale not set
2025-10-18T17:54:30 update: added music/half•alive - tip toes [AUDIO].m4a
2025-10-18T17:54:30 ffmpeg/mov,mp4,m4a,3gp,3g2,mj2: stream 0, timescale not set
2025-10-18T17:54:30 update: added music/Arctic Monkeys - Four Out Of Five (Official Audio).m4a
2025-10-18T17:54:30 update: added music/Imagine Dragons - Symphony (Official Lyric Video).mp3
2025-10-18T17:54:30 ffmpeg/mov,mp4,m4a,3gp,3g2,mj2: stream 0, timescale not set
2025-10-18T17:54:30 update: added music/Jaymes Young - Don't You Know _ Sub Español.m4a
2025-10-18T17:54:30 update: added music/gianni & kyle -- 5 shots (prod. by kojo a. x nicky quinn)_256k.mp3
2025-10-18T17:54:30 ffmpeg/mov,mp4,m4a,3gp,3g2,mj2: stream 0, timescale not set
2025-10-18T17:54:30 update: added music/La Franela - Hacer un puente (video oficial) HD.m4a
2025-10-18T17:54:30 ffmpeg/mov,mp4,m4a,3gp,3g2,mj2: stream 0, timescale not set
2025-10-18T17:54:30 update: added music/The Four Owls - Coming Home.m4a
2025-10-18T17:54:30 ffmpeg/mov,mp4,m4a,3gp,3g2,mj2: stream 0, timescale not set
2025-10-18T17:54:30 update: added music/Hotel California.m4a
2025-10-18T17:54:30 ffmpeg/mov,mp4,m4a,3gp,3g2,mj2: stream 0, timescale not set
2025-10-18T17:54:30 update: added music/Siddhartha - El Chico.m4a
2025-10-18T17:54:30 ffmpeg/mov,mp4,m4a,3gp,3g2,mj2: stream 0, timescale not set
2025-10-18T17:54:30 update: added music/Mini Mansions - Vertigo (Audio) ft. Alex Turner.m4a
2025-10-18T17:54:30 ffmpeg/mov,mp4,m4a,3gp,3g2,mj2: stream 0, timescale not set
2025-10-18T17:54:30 update: added music/AaRON - LYF.m4a
2025-10-18T17:54:30 update: added music/Joji - Run (Official Video).mp3
2025-10-18T17:54:30 update: added music/Los Del Espacio - LIT killah, Duki, Emilia, Tiago PZK, FMK, Rusherking, Maria Be.mp3
2025-10-18T17:54:30 ffmpeg/mov,mp4,m4a,3gp,3g2,mj2: stream 0, timescale not set
2025-10-18T17:54:30 update: added music/Vida (Cap. 9).m4a
2025-10-18T17:54:30 ffmpeg/mov,mp4,m4a,3gp,3g2,mj2: stream 0, timescale not set
2025-10-18T17:54:30 update: added music/Friction.m4a
2025-10-18T17:54:30 update: added music/Efecto.mp3
2025-10-18T17:54:30 ffmpeg/mov,mp4,m4a,3gp,3g2,mj2: stream 0, timescale not set
2025-10-18T17:54:30 update: added music/The Cranberries - Zombie.m4a
2025-10-18T17:54:30 ffmpeg/mov,mp4,m4a,3gp,3g2,mj2: stream 0, timescale not set
2025-10-18T17:54:30 update: added music/Paulo Londra - Adan y Eva (Official Video).m4a
2025-10-18T17:54:30 ffmpeg/mov,mp4,m4a,3gp,3g2,mj2: stream 0, timescale not set
2025-10-18T17:54:30 update: added music/John Newman - Love Me Again.m4a
2025-10-18T17:54:30 ffmpeg/mov,mp4,m4a,3gp,3g2,mj2: stream 0, timescale not set
2025-10-18T17:54:30 update: added music/Canserbero - Es épico (Video subtitulado -- Letra en pantalla).m4a
2025-10-18T17:54:30 ffmpeg/sami: Format sami detected only with low score of 1, misdetection possible!
2025-10-18T17:54:30 ffmpeg/mov,mp4,m4a,3gp,3g2,mj2: stream 0, timescale not set
2025-10-18T17:54:30 update: added music/Christina Perri - A Thousand Years -Official Music Video-.m4a
2025-10-18T17:54:30 ffmpeg/mov,mp4,m4a,3gp,3g2,mj2: stream 0, timescale not set
2025-10-18T17:54:30 update: added music/Spiderhead.m4a
2025-10-18T17:54:30 ffmpeg/mov,mp4,m4a,3gp,3g2,mj2: stream 0, timescale not set
2025-10-18T17:54:30 update: added music/Santana - Into The Night (Video) ft. Chad Kroeger.m4a
2025-10-18T17:54:30 ffmpeg/mov,mp4,m4a,3gp,3g2,mj2: stream 0, timescale not set
2025-10-18T17:54:30 update: added music/Bastille - Fake It.m4a
2025-10-18T17:54:30 ffmpeg/mov,mp4,m4a,3gp,3g2,mj2: stream 0, timescale not set
2025-10-18T17:54:30 update: added music/Hoobastank - The Reason (Official Music Video).m4a
2025-10-18T17:54:30 ffmpeg/mov,mp4,m4a,3gp,3g2,mj2: stream 0, timescale not set
2025-10-18T17:54:30 update: added music/La Magia - Little Jesus (Letra).m4a
2025-10-18T17:54:30 ffmpeg/mov,mp4,m4a,3gp,3g2,mj2: stream 0, timescale not set
2025-10-18T17:54:30 update: added music/Cheek to cheek Joan Chamorro quartet & Rita Payés , Andrea Motis, Luigi Grasso.m4a
2025-10-18T17:54:30 ffmpeg/mov,mp4,m4a,3gp,3g2,mj2: stream 0, timescale not set
2025-10-18T17:54:30 update: added music/SOJA - Here I Am.m4a
2025-10-18T17:54:30 ffmpeg/mov,mp4,m4a,3gp,3g2,mj2: stream 0, timescale not set
2025-10-18T17:54:30 update: added music/Belanova - Rosa Pastel (Lyric Video).m4a
2025-10-18T17:54:30 update: added music/Spag Heddy - Believe.m4a
2025-10-18T17:54:30 update: added music/Imagine Dragons - Monday (Official Lyric Video)_256k.mp3
2025-10-18T17:54:30 update: added music/Imagine Dragons - Ferris Wheel (Official Lyric Video).mp3
2025-10-18T17:54:30 ffmpeg/mov,mp4,m4a,3gp,3g2,mj2: stream 0, timescale not set
2025-10-18T17:54:30 update: added music/Warriors.m4a
2025-10-18T17:54:30 ffmpeg/mov,mp4,m4a,3gp,3g2,mj2: stream 0, timescale not set
2025-10-18T17:54:30 update: added music/Natanael Cano __ BZRP Music Sessions @59.m4a
2025-10-18T17:54:30 ffmpeg/mov,mp4,m4a,3gp,3g2,mj2: stream 0, timescale not set
2025-10-18T17:54:30 update: added music/Novocaine - Fall Out Boy (Lyrics).m4a
2025-10-18T17:54:30 ffmpeg/mov,mp4,m4a,3gp,3g2,mj2: stream 0, timescale not set
2025-10-18T17:54:30 update: added music/Imagine Dragons - I Need A Minute (Audio).m4a
2025-10-18T17:54:30 ffmpeg/mov,mp4,m4a,3gp,3g2,mj2: stream 0, timescale not set
2025-10-18T17:54:30 update: added music/Human.m4a
2025-10-18T17:54:30 ffmpeg/mov,mp4,m4a,3gp,3g2,mj2: stream 0, timescale not set
2025-10-18T17:54:30 update: added music/Maria Becerra - Tú Me Lo Haces Fácil (Acoustic Version).m4a
2025-10-18T17:54:30 ffmpeg/mov,mp4,m4a,3gp,3g2,mj2: stream 0, timescale not set
2025-10-18T17:54:30 update: added music/Ojos Verdes.m4a
2025-10-18T17:54:30 update: added music/AUD-20151008-WA0019.aac
2025-10-18T17:54:30 update: added music/Luna.mp3
2025-10-18T17:54:30 update: added music/Joji - NITROUS (Official Audio).mp3
2025-10-18T17:54:30 ffmpeg/mov,mp4,m4a,3gp,3g2,mj2: stream 0, timescale not set
2025-10-18T17:54:30 update: added music/BAD BUNNY - VOY A LLeVARTE PA PR (Visualizer) _ DeBÍ TiRAR MáS FOToS.m4a
2025-10-18T17:54:30 update: added music/Trueno - BIEN O MAL.mp3
2025-10-18T17:54:30 ffmpeg/mov,mp4,m4a,3gp,3g2,mj2: stream 0, timescale not set
2025-10-18T17:54:30 update: added music/Haddaway - What Is Love -Official-.m4a
2025-10-18T17:54:30 update: added music/The Score - Unstoppable (Lyric Video)_256k.mp3
2025-10-18T17:54:30 ffmpeg/mov,mp4,m4a,3gp,3g2,mj2: stream 0, timescale not set
2025-10-18T17:54:30 update: added music/Somewhere Only We Know.m4a
2025-10-18T17:54:30 ffmpeg/mov,mp4,m4a,3gp,3g2,mj2: stream 0, timescale not set
2025-10-18T17:54:30 update: added music/Audioslave-Getaway Car (Lyrics).m4a
2025-10-18T17:54:30 update: added music/Los Pericos-Cuidame bien.m4a
2025-10-18T17:54:30 ffmpeg/mov,mp4,m4a,3gp,3g2,mj2: stream 0, timescale not set
2025-10-18T17:54:30 update: added music/Selena Gomez - Sober (Official Audio).m4a
2025-10-18T17:56:17 inotify: music directory was removed - cannot continue to watch it
2025-10-18T17:56:44 update: added /Pantomime_256k.mp3
2025-10-18T17:56:44 ffmpeg/mov,mp4,m4a,3gp,3g2,mj2: stream 0, timescale not set
2025-10-18T17:56:44 update: added /Boomerang.m4a
2025-10-18T17:56:44 update: added /De Bruces a Mi - CAUTIVO..m4a
2025-10-18T17:56:44 ffmpeg/mov,mp4,m4a,3gp,3g2,mj2: stream 0, timescale not set
2025-10-18T17:56:44 update: added /Avionica, Andrea Echeverri - Ojos de Miel (Video Oficial).m4a
2025-10-18T17:56:44 update: added /Justin Bieber & benny blanco - Lonely (Official Music Video).mp3
2025-10-18T17:56:44 ffmpeg/mov,mp4,m4a,3gp,3g2,mj2: stream 0, timescale not set
2025-10-18T17:56:44 update: added /AaRON - U Turn (Lili) -CLIP OFFICIEL-.m4a
2025-10-18T17:56:44 update: added /Charlie Puth - LA Girls (Sub. Español).m4a
2025-10-18T17:56:44 update: added /Real 70 Crew - Real 70 Crew Feat. Melito (AUDIO).m4a
2025-10-18T17:56:44 ffmpeg/mov,mp4,m4a,3gp,3g2,mj2: stream 0, timescale not set
2025-10-18T17:56:44 update: added /dvbbs & blackbear - idwk - sub. español.m4a
2025-10-18T17:56:44 ffmpeg/mov,mp4,m4a,3gp,3g2,mj2: stream 0, timescale not set
2025-10-18T17:56:44 update: added /Te quiero - Canserbero feat Liana Malva.m4a
2025-10-18T17:56:44 ffmpeg/mov,mp4,m4a,3gp,3g2,mj2: stream 0, timescale not set
2025-10-18T17:56:44 update: added /BANDA MS - MEJOR ME ALEJO (LETRA).m4a
2025-10-18T17:56:44 update: added /3AM - Vuela (Video Oficial) _ Rain City.mp3
2025-10-18T17:56:44 ffmpeg/mov,mp4,m4a,3gp,3g2,mj2: stream 0, timescale not set
2025-10-18T17:56:44 update: added /Banda Carnaval- Lo Que Pienso de Ti.m4a
2025-10-18T17:56:44 update: added /Real 70 Crew - Mientras Duerme la Ciudad Feat. El Urbano Vargas y Nedman Guerrer.m4a
2025-10-18T17:56:44 update: added /De la Vida Como Película y Su Tragedia, Comedia y Ficción_HD.m4a
2025-10-18T17:56:44 ffmpeg/mov,mp4,m4a,3gp,3g2,mj2: stream 0, timescale not set
2025-10-18T17:56:44 update: added /girassóis de van gogh - baco exu do blues __ cover.m4a
2025-10-18T17:56:44 ffmpeg/mov,mp4,m4a,3gp,3g2,mj2: stream 0, timescale not set
2025-10-18T17:56:44 update: added /Mon Laferte - Mi Buen Amor (Audio) ft. Enrique Bunbury.m4a
2025-10-18T17:56:44 ffmpeg/mov,mp4,m4a,3gp,3g2,mj2: stream 0, timescale not set
2025-10-18T17:56:44 update: added /Siempre Te Voy A Querer - Calibre 50.m4a
2025-10-18T17:56:44 update: added /Siddhartha - Tarde (Video Oficial).mp3
2025-10-18T17:56:44 ffmpeg/mov,mp4,m4a,3gp,3g2,mj2: stream 0, timescale not set
2025-10-18T17:56:44 update: added /Radiohead - My Iron Lung.m4a
2025-10-18T17:56:44 update: added /flora cash - I Wasted You (Audio).mp3
2025-10-18T17:56:44 update: added /3AM - Bombón (Video Oficial) _ Love City.mp3
2025-10-18T17:56:44 ffmpeg/mov,mp4,m4a,3gp,3g2,mj2: stream 0, timescale not set
2025-10-18T17:56:44 update: added /Black Honey - Headspin.m4a
2025-10-18T17:56:44 update: added /The Score - Human (Audio)_256k.mp3
2025-10-18T17:56:44 update: added /The Ghost Club - Antique (Official Video)_256k.mp3
2025-10-18T17:56:44 ffmpeg/mov,mp4,m4a,3gp,3g2,mj2: stream 0, timescale not set
2025-10-18T17:56:44 update: added /Pretty When You Cry.m4a
2025-10-18T17:56:44 update: added /Aaron - Angel Dust.m4a
2025-10-18T17:56:44 ffmpeg/mov,mp4,m4a,3gp,3g2,mj2: stream 0, timescale not set
2025-10-18T17:56:44 update: added /Gia Fu -- Salsa De Corazon Boricua(1).m4a
2025-10-18T17:56:44 update: added /Kodaline - Hell Froze Over (Official Audio)_256k.mp3
2025-10-18T17:56:44 ffmpeg/mov,mp4,m4a,3gp,3g2,mj2: stream 0, timescale not set
2025-10-18T17:56:44 update: added /Muse - Uprising -Official Video-.m4a
2025-10-18T17:56:44 update: added /The Score - Rush (Lyric Video)_256k.mp3
2025-10-18T17:56:44 ffmpeg/mov,mp4,m4a,3gp,3g2,mj2: stream 0, timescale not set
2025-10-18T17:56:44 update: added /gravity - eden (sub español).m4a
2025-10-18T17:56:44 ffmpeg/mov,mp4,m4a,3gp,3g2,mj2: stream 0, timescale not set
2025-10-18T17:56:44 update: added /Memoria Futuro (Cap. 10).m4a
2025-10-18T17:56:44 ffmpeg/mov,mp4,m4a,3gp,3g2,mj2: stream 0, timescale not set
2025-10-18T17:56:44 update: added /The Score - Stronger (Audio).m4a
2025-10-18T17:56:44 ffmpeg/mov,mp4,m4a,3gp,3g2,mj2: stream 0, timescale not set
2025-10-18T17:56:44 update: added /Queen - Killer Queen (Lyrics).m4a
2025-10-18T17:56:44 update: added /The Score - Running All Night (Official Audio)_256k.mp3
2025-10-18T17:56:44 update: added /The Score - Best Part_256k.mp3
2025-10-18T17:56:44 update: added /Joji - MODUS (Official Audio).mp3
2025-10-18T17:56:44 ffmpeg/mov,mp4,m4a,3gp,3g2,mj2: stream 0, timescale not set
2025-10-18T17:56:44 update: added /Audioslave - Be Yourself.m4a
2025-10-18T17:56:44 ffmpeg/mov,mp4,m4a,3gp,3g2,mj2: stream 0, timescale not set
2025-10-18T17:56:44 update: added /M83 'Midnight City' Official video.m4a
2025-10-18T17:56:44 ffmpeg/mov,mp4,m4a,3gp,3g2,mj2: stream 0, timescale not set
2025-10-18T17:56:44 update: added /Chris Cornell - Black Hole Sun.m4a
2025-10-18T17:56:44 ffmpeg/mov,mp4,m4a,3gp,3g2,mj2: stream 0, timescale not set
2025-10-18T17:56:44 update: added /El liricista en el tejado.m4a
2025-10-18T17:56:44 update: added /Bruno Mars - Count on me.mp3
2025-10-18T17:56:44 update: added /2Pac, Pop Smoke - Write This Down ft. Biggie, DMX, Eazy E, Ice Cube, Dr Dre,.m4a
2025-10-18T17:56:44 update: added /One_More_Night_♫_♪.mp3
2025-10-18T17:56:44 ffmpeg/mov,mp4,m4a,3gp,3g2,mj2: stream 0, timescale not set
2025-10-18T17:56:44 update: added /Eres (letra) - Camilo Séptimo.m4a
2025-10-18T17:56:44 ffmpeg/mov,mp4,m4a,3gp,3g2,mj2: stream 0, timescale not set
2025-10-18T17:56:44 update: added /Lil Supa' - Mención Honorífica rmx (Prod. Ríal Guawankó).m4a
2025-10-18T17:56:44 ffmpeg/mov,mp4,m4a,3gp,3g2,mj2: stream 0, timescale not set
2025-10-18T17:56:44 update: added /Escape (The Pina Colada Song).m4a
2025-10-18T17:56:44 ffmpeg/mov,mp4,m4a,3gp,3g2,mj2: stream 0, timescale not set
2025-10-18T17:56:44 update: added /Gondwana - Mi Princesa (Video Oficial).m4a
2025-10-18T17:56:44 update: added /Joji - Upgrade (Official Video).mp3
2025-10-18T17:56:44 update: added /Black Honey - Mothership.m4a
2025-10-18T17:56:44 ffmpeg/mov,mp4,m4a,3gp,3g2,mj2: stream 0, timescale not set
2025-10-18T17:56:44 update: added /Only Ones Who Know.m4a
2025-10-18T17:56:44 update: added /Once Monsters - On Fire (Official Lyric Video)_256k.mp3
2025-10-18T17:56:44 ffmpeg/mov,mp4,m4a,3gp,3g2,mj2: stream 0, timescale not set
2025-10-18T17:56:44 update: added /Frank Sinatra - Strangers In The Night (Subtitulada Inglés-Español).m4a
2025-10-18T17:56:44 update: added /Paulo Londra - Julieta (Official Video).mp3
2025-10-18T17:56:44 ffmpeg/mov,mp4,m4a,3gp,3g2,mj2: stream 0, timescale not set
2025-10-18T17:56:44 update: added /Shakira - La Tortura (Official HD Video) ft. Alejandro Sanz.m4a
2025-10-18T17:56:44 ffmpeg/mov,mp4,m4a,3gp,3g2,mj2: stream 0, timescale not set
2025-10-18T17:56:44 update: added /Gods Don´t Pray - Imagine Dragons (Subtitulada al Español).m4a
2025-10-18T17:56:44 ffmpeg/mov,mp4,m4a,3gp,3g2,mj2: stream 0, timescale not set
2025-10-18T17:56:44 update: added /blackbear (ft. FRND) - anxiety - sub. español.m4a
2025-10-18T17:56:44 ffmpeg/mov,mp4,m4a,3gp,3g2,mj2: stream 0, timescale not set
2025-10-18T17:56:44 update: added /Unlike Pluto - Everything Black (feat. Mike Taylor) [Official Lyric Video].m4a
2025-10-18T17:56:44 ffmpeg/mov,mp4,m4a,3gp,3g2,mj2: stream 0, timescale not set
2025-10-18T17:56:44 update: added /Aerosmith - Crazy.m4a
2025-10-18T17:56:44 ffmpeg/mov,mp4,m4a,3gp,3g2,mj2: stream 0, timescale not set
2025-10-18T17:56:44 update: added /blackbear -- e.z.; español.m4a
2025-10-18T17:56:44 update: added /Por Tu Amor (Duranguense).m4a
2025-10-18T17:56:44 ffmpeg/mov,mp4,m4a,3gp,3g2,mj2: stream 0, timescale not set
2025-10-18T17:56:44 update: added /Brillas.m4a
2025-10-18T17:56:44 ffmpeg/mov,mp4,m4a,3gp,3g2,mj2: stream 0, timescale not set
2025-10-18T17:56:44 update: added /Muse - Starlight -Official Music Video-.m4a
2025-10-18T17:56:44 ffmpeg/mov,mp4,m4a,3gp,3g2,mj2: stream 0, timescale not set
2025-10-18T17:56:44 update: added /War Flag.m4a
2025-10-18T17:56:44 ffmpeg/mov,mp4,m4a,3gp,3g2,mj2: stream 0, timescale not set
2025-10-18T17:56:44 update: added /Tame Impala - Borderline (Official Audio).m4a
2025-10-18T17:56:44 ffmpeg/mov,mp4,m4a,3gp,3g2,mj2: stream 0, timescale not set
2025-10-18T17:56:44 update: added /Black Honey - Ghost.m4a
2025-10-18T17:56:44 ffmpeg/mov,mp4,m4a,3gp,3g2,mj2: stream 0, timescale not set
2025-10-18T17:56:44 update: added /Alan Walker - Faded.m4a
2025-10-18T17:56:44 ffmpeg/mov,mp4,m4a,3gp,3g2,mj2: stream 0, timescale not set
2025-10-18T17:56:44 update: added /Real 70 Crew - Lágrimas Ausentes (AUDIO).m4a
2025-10-18T17:56:44 ffmpeg/sami: Format sami detected only with low score of 1, misdetection possible!
2025-10-18T17:56:44 ffmpeg/mov,mp4,m4a,3gp,3g2,mj2: stream 0, timescale not set
2025-10-18T17:56:44 update: added /Imagine Dragons - All For You (Audio).m4a
2025-10-18T17:56:44 ffmpeg/mov,mp4,m4a,3gp,3g2,mj2: stream 0, timescale not set
2025-10-18T17:56:44 update: added /Una loca como tú - Nanpa Básico (Video Oficial).m4a
2025-10-18T17:56:44 update: added /Joji - Mr. Hollywood (Official Audio).mp3
2025-10-18T17:56:44 ffmpeg/mov,mp4,m4a,3gp,3g2,mj2: stream 0, timescale not set
2025-10-18T17:56:44 update: added /all the good girls go to hell.m4a
2025-10-18T17:56:44 ffmpeg/mov,mp4,m4a,3gp,3g2,mj2: stream 0, timescale not set
2025-10-18T17:56:44 update: added /Bastille - Pompeii.m4a
2025-10-18T17:56:44 ffmpeg/mov,mp4,m4a,3gp,3g2,mj2: stream 0, timescale not set
2025-10-18T17:56:44 update: added /Caloncho - Palmar (Lyric Video).m4a
2025-10-18T17:56:44 ffmpeg/mov,mp4,m4a,3gp,3g2,mj2: stream 0, timescale not set
2025-10-18T17:56:44 update: added /Michl - Gone _ Sub Español.m4a
2025-10-18T17:56:44 ffmpeg/mov,mp4,m4a,3gp,3g2,mj2: stream 0, timescale not set
2025-10-18T17:56:44 update: added /idfc - blackbear -- español.m4a
2025-10-18T17:56:44 ffmpeg/mov,mp4,m4a,3gp,3g2,mj2: stream 0, timescale not set
2025-10-18T17:56:44 update: added /Astronaut - Apollo (Barely Alive Remix).m4a
2025-10-18T17:56:44 update: added /Legendary' (Official Audio) - Welshly Arms_256k.mp3
2025-10-18T17:56:44 ffmpeg/mov,mp4,m4a,3gp,3g2,mj2: stream 0, timescale not set
2025-10-18T17:56:44 update: added /Treat You Better.m4a
2025-10-18T17:56:44 update: added /Feid, Young Miko - Classy 101 (Official Video).mp3
2025-10-18T17:56:44 ffmpeg/mov,mp4,m4a,3gp,3g2,mj2: stream 0, timescale not set
2025-10-18T17:56:44 update: added /Russ - Our Time (Official Audio).m4a
2025-10-18T17:56:44 update: added /Sunflower (Spider-Man- Into the Spider-Verse)_256k.mp3
2025-10-18T17:56:44 ffmpeg/mov,mp4,m4a,3gp,3g2,mj2: stream 0, timescale not set
2025-10-18T17:56:44 update: added /Black Honey - All My Pride.m4a
2025-10-18T17:56:44 ffmpeg/mov,mp4,m4a,3gp,3g2,mj2: stream 0, timescale not set
2025-10-18T17:56:44 update: added /Edward Sharpe & The Magnetic Zeros - Home (Official Video).m4a
2025-10-18T17:56:44 ffmpeg/mov,mp4,m4a,3gp,3g2,mj2: stream 0, timescale not set
2025-10-18T17:56:44 update: added /Who We Are.m4a
2025-10-18T17:56:44 ffmpeg/mov,mp4,m4a,3gp,3g2,mj2: stream 0, timescale not set
2025-10-18T17:56:44 update: added /Drones.m4a
2025-10-18T17:56:44 update: added /WOS ft Nicki Nicole - CAMBIANDO LA PIEL (Concept Video).mp3
2025-10-18T17:56:44 ffmpeg/mov,mp4,m4a,3gp,3g2,mj2: stream 0, timescale not set
2025-10-18T17:56:44 update: added /Monster.m4a
2025-10-18T17:56:44 update: added /AaRON - Last night thoughts.m4a
2025-10-18T17:56:44 ffmpeg/mov,mp4,m4a,3gp,3g2,mj2: stream 0, timescale not set
2025-10-18T17:56:44 update: added /Technicolor Fabrics - Tiernos (Lyric Video Oficial).m4a
2025-10-18T17:56:44 ffmpeg/mov,mp4,m4a,3gp,3g2,mj2: stream 0, timescale not set
2025-10-18T17:56:44 update: added /Santa Fe Klan, Nanpa Basico - Te Ire A Buscar.m4a
2025-10-18T17:56:44 ffmpeg/mov,mp4,m4a,3gp,3g2,mj2: stream 0, timescale not set
2025-10-18T17:56:44 update: added /Locos.m4a
2025-10-18T17:56:44 ffmpeg/mov,mp4,m4a,3gp,3g2,mj2: stream 0, timescale not set
2025-10-18T17:56:44 update: added /AaRON - The Leftovers.m4a
2025-10-18T17:56:44 ffmpeg/mov,mp4,m4a,3gp,3g2,mj2: stream 0, timescale not set
2025-10-18T17:56:44 update: added /New Divide (Official Video) - Linkin Park.m4a
2025-10-18T17:56:44 ffmpeg/mov,mp4,m4a,3gp,3g2,mj2: stream 0, timescale not set
2025-10-18T17:56:44 update: added /Somewhere I Belong (Official Video) - Linkin Park.m4a
2025-10-18T17:56:44 ffmpeg/mov,mp4,m4a,3gp,3g2,mj2: stream 0, timescale not set
2025-10-18T17:56:44 update: added /What If This Is All The Love You Ever Get_.m4a
2025-10-18T17:56:44 ffmpeg/mov,mp4,m4a,3gp,3g2,mj2: stream 0, timescale not set
2025-10-18T17:56:44 update: added /Audioslave - Revelations.m4a
2025-10-18T17:56:44 ffmpeg/mov,mp4,m4a,3gp,3g2,mj2: stream 0, timescale not set
2025-10-18T17:56:44 update: added /Afuera.m4a
2025-10-18T17:56:44 update: added /Joji - Like You Do (Official Audio).mp3
2025-10-18T17:56:44 update: added /James E. Gray - The Rhapsody of Rapture (Official Music Video).m4a
2025-10-18T17:56:44 ffmpeg/mov,mp4,m4a,3gp,3g2,mj2: stream 0, timescale not set
2025-10-18T17:56:44 update: added /AaRON - Shades of Blue (Lyrics).m4a
2025-10-18T17:56:44 update: added /Santa Fe Klan, Gera MX - Último Adiós (Video Oficial).mp3
2025-10-18T17:56:44 ffmpeg/mov,mp4,m4a,3gp,3g2,mj2: stream 0, timescale not set
2025-10-18T17:56:44 update: added /Young Miko - curita (Official).m4a
2025-10-18T17:56:44 update: added /Aldo (los aldeanos)  a veces.m4a
2025-10-18T17:56:44 update: added /@1_256k.mp3
2025-10-18T17:56:44 ffmpeg/mov,mp4,m4a,3gp,3g2,mj2: stream 0, timescale not set
2025-10-18T17:56:44 update: added /Maria Becerra - High (Video Oficial).m4a
2025-10-18T17:56:44 update: added /Bruno Mars - Treasure -Official Music Video-.m4a
2025-10-18T17:56:44 update: added /Carla Morrison - Un beso (letra).m4a
2025-10-18T17:56:44 update: added /Camila Cabello - Havana (Audio) ft. Young Thug.mp3
2025-10-18T17:56:44 ffmpeg/mov,mp4,m4a,3gp,3g2,mj2: stream 0, timescale not set
2025-10-18T17:56:44 update: added /Radioactive.m4a
2025-10-18T17:56:44 ffmpeg/mov,mp4,m4a,3gp,3g2,mj2: stream 0, timescale not set
2025-10-18T17:56:44 update: added /Russ - ON 10 (Official Audio) ft. Rexx Life Raj.m4a
2025-10-18T17:56:44 ffmpeg/mov,mp4,m4a,3gp,3g2,mj2: stream 0, timescale not set
2025-10-18T17:56:44 update: added /Rauw Alejandro, Bad Bunny - Qué Pasaría... (Official Lyric Video).m4a
2025-10-18T17:56:44 ffmpeg/mov,mp4,m4a,3gp,3g2,mj2: stream 0, timescale not set
2025-10-18T17:56:44 update: added /Russ - BEST ON EARTH (feat. BIA) (Official Audio).m4a
2025-10-18T17:56:44 update: added /Cara de Diabla.mp3
2025-10-18T17:56:44 update: added /Trueno - ÑERI (Video Oficial).mp3
2025-10-18T17:56:44 ffmpeg/mov,mp4,m4a,3gp,3g2,mj2: stream 0, timescale not set
2025-10-18T17:56:44 update: added /Jesse & Joy - 'El Malo' (Video con Letra).m4a
2025-10-18T17:56:44 ffmpeg/mov,mp4,m4a,3gp,3g2,mj2: stream 0, timescale not set
2025-10-18T17:56:44 update: added /Without Me.m4a
2025-10-18T17:56:44 ffmpeg/mov,mp4,m4a,3gp,3g2,mj2: stream 0, timescale not set
2025-10-18T17:56:44 update: added /Russ - Summer At 7 (Official Audio).m4a
2025-10-18T17:56:44 ffmpeg/mov,mp4,m4a,3gp,3g2,mj2: stream 0, timescale not set
2025-10-18T17:56:44 update: added /Santana - Smooth ft. Rob Thomas.m4a
2025-10-18T17:56:44 update: added /La Roux - Skrilex In For The Kill.mp3
2025-10-18T17:56:45 ffmpeg/mov,mp4,m4a,3gp,3g2,mj2: stream 0, timescale not set
2025-10-18T17:56:45 update: added /Aaron - Strange Fruit..m4a
2025-10-18T17:56:45 ffmpeg/mov,mp4,m4a,3gp,3g2,mj2: stream 0, timescale not set
2025-10-18T17:56:45 update: added /The Neighbourhood - You Get Me So High (Audio).m4a
2025-10-18T17:56:45 update: added /Sr. Tigre (French Braids Rework).mp3
2025-10-18T17:56:45 ffmpeg/mov,mp4,m4a,3gp,3g2,mj2: stream 0, timescale not set
2025-10-18T17:56:45 update: added /Elefant - Please, Please, Please(The Smiths Cover) (Subtitulada en español).m4a
2025-10-18T17:56:45 ffmpeg/mov,mp4,m4a,3gp,3g2,mj2: stream 0, timescale not set
2025-10-18T17:56:45 update: added /Let Me Love the Lonely.m4a
2025-10-18T17:56:45 update: added /The Smiths - Heaven Knows I'm Miserable Now (Official Music Video).m4a
2025-10-18T17:56:45 ffmpeg/mov,mp4,m4a,3gp,3g2,mj2: stream 0, timescale not set
2025-10-18T17:56:45 update: added /Julieta Venegas - Ese Camino.m4a
2025-10-18T17:56:45 update: added /3AM - Tal Vez (Video Oficial).mp3
2025-10-18T17:56:45 ffmpeg/mov,mp4,m4a,3gp,3g2,mj2: stream 0, timescale not set
2025-10-18T17:56:45 update: added /Magnetic Road.m4a
2025-10-18T17:56:45 ffmpeg/mov,mp4,m4a,3gp,3g2,mj2: stream 0, timescale not set
2025-10-18T17:56:45 update: added /Natalia Lafourcade & Leon Larregui - Imposible.m4a
2025-10-18T17:56:45 ffmpeg/mov,mp4,m4a,3gp,3g2,mj2: stream 0, timescale not set
2025-10-18T17:56:45 update: added /Charlie Puth – How Long -Official Audio-.m4a
2025-10-18T17:56:45 ffmpeg/mov,mp4,m4a,3gp,3g2,mj2: stream 0, timescale not set
2025-10-18T17:56:45 update: added /Foster The People - Pumped up Kicks.m4a
2025-10-18T17:56:45 ffmpeg/mov,mp4,m4a,3gp,3g2,mj2: stream 0, timescale not set
2025-10-18T17:56:45 update: added /Billie Eilish - Bored.m4a
2025-10-18T17:56:45 update: added /DUKI, Mora - Amor Bipolar (Visualizer).mp3
2025-10-18T17:56:45 update: added /Louder_(Flux_Pavilion____Doctor_P_remix).mp3
2025-10-18T17:56:45 ffmpeg/mov,mp4,m4a,3gp,3g2,mj2: stream 0, timescale not set
2025-10-18T17:56:45 update: added /Carlos Sadness - Te Quiero un Poco (lyric Video).m4a
2025-10-18T17:56:45 ffmpeg/mov,mp4,m4a,3gp,3g2,mj2: stream 0, timescale not set
2025-10-18T17:56:45 update: added /Cool Out.m4a
2025-10-18T17:56:45 update: added /3AM - Dime (Letra) _ Rain City ️.mp3
2025-10-18T17:56:45 update: added /J Balvin, Bad Bunny - UN PESO ft. Marciano Cantero (Audio).mp3
2025-10-18T17:56:45 ffmpeg/mov,mp4,m4a,3gp,3g2,mj2: stream 0, timescale not set
2025-10-18T17:56:45 update: added /Radiohead - The Tourist.m4a
2025-10-18T17:56:45 ffmpeg/mov,mp4,m4a,3gp,3g2,mj2: stream 0, timescale not set
2025-10-18T17:56:45 update: added /Imagine Dragons - Take Me To The Beach (Official Lyric Video).m4a
2025-10-18T17:56:45 ffmpeg/mov,mp4,m4a,3gp,3g2,mj2: stream 0, timescale not set
2025-10-18T17:56:45 update: added /AaRON - Invisible Stains (2015).m4a
2025-10-18T17:56:45 update: added /La Arrolladora Banda El Limón De René Camacho - Entre Beso Y Beso (Audio).mp3
2025-10-18T17:56:45 update: added /Trueno, J Balvin - UN PASO (Video Oficial).mp3
2025-10-18T17:56:45 ffmpeg/mov,mp4,m4a,3gp,3g2,mj2: stream 0, timescale not set
2025-10-18T17:56:45 update: added /Fármacos - Quiero conocer tu mundo (audio).m4a
[src/libmpg123/id3.c:process_comment():591] error: No comment text / valid description?
2025-10-18T17:56:45 update: added /Lights_(Bassnectar_Remix).mp3
2025-10-18T17:56:45 update: added /Gowana- Pienso en ti.m4a
2025-10-18T17:56:45 ffmpeg/mov,mp4,m4a,3gp,3g2,mj2: stream 0, timescale not set
2025-10-18T17:56:45 update: added /Arctic Monkeys - One Point Perspective (Official Audio).m4a
2025-10-18T17:56:45 ffmpeg/mov,mp4,m4a,3gp,3g2,mj2: stream 0, timescale not set
2025-10-18T17:56:45 update: added /Damon Albarn - Lonely Press Play (Official Video).m4a
2025-10-18T17:56:45 ffmpeg/mov,mp4,m4a,3gp,3g2,mj2: stream 0, timescale not set
2025-10-18T17:56:45 update: added /Café Tacvba - Eres.m4a
2025-10-18T17:56:45 update: added /Ride or Die (Remix Extended Parte 1 y 2) - Sevdaliza, Villano Antillano ft. .m4a
2025-10-18T17:56:45 ffmpeg/mov,mp4,m4a,3gp,3g2,mj2: stream 0, timescale not set
2025-10-18T17:56:45 update: added /Meghan Trainor - Like I'm Gonna Lose You ft. John Legend.m4a
2025-10-18T17:56:45 ffmpeg/mov,mp4,m4a,3gp,3g2,mj2: stream 0, timescale not set
2025-10-18T17:56:45 update: added /OneRepublic - Counting Stars.m4a
2025-10-18T17:56:45 ffmpeg/mov,mp4,m4a,3gp,3g2,mj2: stream 0, timescale not set
2025-10-18T17:56:45 update: added /Porter - Bandera (Lyric Video).m4a
2025-10-18T17:56:45 ffmpeg/mov,mp4,m4a,3gp,3g2,mj2: stream 0, timescale not set
2025-10-18T17:56:45 update: added /Lana Del Rey - West Coast (Official Audio).m4a
2025-10-18T17:56:45 ffmpeg/mov,mp4,m4a,3gp,3g2,mj2: stream 0, timescale not set
2025-10-18T17:56:45 update: added /AC-DC - Highway to Hell.m4a
2025-10-18T17:56:45 ffmpeg/mov,mp4,m4a,3gp,3g2,mj2: stream 0, timescale not set
2025-10-18T17:56:45 update: added /Russ - OLD DAYS (Official Audio).m4a
2025-10-18T17:56:45 ffmpeg/mov,mp4,m4a,3gp,3g2,mj2: stream 0, timescale not set
2025-10-18T17:56:45 update: added /Fall Out Boy - Dance, Dance Lyrics.m4a
2025-10-18T17:56:45 ffmpeg/mov,mp4,m4a,3gp,3g2,mj2: stream 0, timescale not set
2025-10-18T17:56:45 update: added /Stop Me If You Think You've Heard This One Before (2011 Remastered Version).m4a
2025-10-18T17:56:45 ffmpeg/mov,mp4,m4a,3gp,3g2,mj2: stream 0, timescale not set
2025-10-18T17:56:45 update: added /Willian - Tú (Video Lyrics).m4a
2025-10-18T17:56:45 ffmpeg/mov,mp4,m4a,3gp,3g2,mj2: stream 0, timescale not set
2025-10-18T17:56:45 update: added /WOS - FRESCO.m4a
2025-10-18T17:56:45 update: added /WOS - OKUPA.mp3
2025-10-18T17:56:45 update: added /Gera MX, Rels B - Se Me Olvidó (Video Oficial).mp3
2025-10-18T17:56:45 ffmpeg/mov,mp4,m4a,3gp,3g2,mj2: stream 0, timescale not set
2025-10-18T17:56:45 update: added /Low Hum - Comatose.m4a
2025-10-18T17:56:45 ffmpeg/mov,mp4,m4a,3gp,3g2,mj2: stream 0, timescale not set
2025-10-18T17:56:45 update: added /Residente - Pecador (Official Video).m4a
2025-10-18T17:56:45 ffmpeg/mov,mp4,m4a,3gp,3g2,mj2: stream 0, timescale not set
2025-10-18T17:56:45 update: added /Como Tú (Magic Music Box).m4a
2025-10-18T17:56:45 ffmpeg/sami: Format sami detected only with low score of 1, misdetection possible!
2025-10-18T17:56:45 ffmpeg/mov,mp4,m4a,3gp,3g2,mj2: stream 0, timescale not set
2025-10-18T17:56:45 update: added /It's Time.m4a
2025-10-18T17:56:45 update: added /Rihanna - Diamonds (Lyric Video).m4a
2025-10-18T17:56:45 update: added /Foreign Figures - The Fever (Official Music Video)_256k.mp3
2025-10-18T17:56:45 update: added /HA-ASH - Perdón, Perdón (Audio).m4a
2025-10-18T17:56:45 ffmpeg/mov,mp4,m4a,3gp,3g2,mj2: stream 0, timescale not set
2025-10-18T17:56:45 update: added /Billie Eilish - WHEN I WAS OLDER (Music Inspired By The Film ROMA-Audio).m4a
2025-10-18T17:56:45 update: added /Cracks_(Flux_Pavilion_Remix).mp3
2025-10-18T17:56:45 ffmpeg/mov,mp4,m4a,3gp,3g2,mj2: stream 0, timescale not set
2025-10-18T17:56:45 update: added /P!nk - Try.m4a
2025-10-18T17:56:45 ffmpeg/mov,mp4,m4a,3gp,3g2,mj2: stream 0, timescale not set
2025-10-18T17:56:45 update: added /Russ - Tell Me Why (Official Audio).m4a
2025-10-18T17:56:45 ffmpeg/mov,mp4,m4a,3gp,3g2,mj2: stream 0, timescale not set
2025-10-18T17:56:45 update: added /The Neighbourhood - Daddy Issues.m4a
2025-10-18T17:56:45 update: added /MECAL - Te Deseo.mp3
2025-10-18T17:56:45 update: added /All Time Low- Monsters (feat. Demi Lovato and blackbear) (LYRIC VIDEO).mp3
2025-10-18T17:56:45 update: added /Reik - Voy a Olvidarte.m4a
2025-10-18T17:56:45 update: added /flora cash - I Wasted You (Slowed + Reverb) Lofi.mp3
2025-10-18T17:56:45 ffmpeg/mov,mp4,m4a,3gp,3g2,mj2: stream 0, timescale not set
2025-10-18T17:56:45 update: added /Imagine Dragons - Destination (Audio).m4a
2025-10-18T17:56:45 ffmpeg/mov,mp4,m4a,3gp,3g2,mj2: stream 0, timescale not set
2025-10-18T17:56:45 update: added /Everybody Hurts.m4a
2025-10-18T17:56:45 update: added /Bad Bunny - Haciendo Que Me Amas (Audio).mp3
2025-10-18T17:56:45 ffmpeg/mov,mp4,m4a,3gp,3g2,mj2: stream 0, timescale not set
2025-10-18T17:56:45 update: added /Happy Together - Turtles.m4a
2025-10-18T17:56:45 update: added /Liricistas - Estilo Libre.mp3
2025-10-18T17:56:45 update: added /WOS - GATO NEGRO (Concept Video).mp3
2025-10-18T17:56:45 ffmpeg/mov,mp4,m4a,3gp,3g2,mj2: stream 0, timescale not set
2025-10-18T17:56:45 update: added /EDEN - take care (Español).m4a
2025-10-18T17:56:45 ffmpeg/mov,mp4,m4a,3gp,3g2,mj2: stream 0, timescale not set
2025-10-18T17:56:45 update: added /Crazy in Love (feat. Leah Kelly).m4a
2025-10-18T17:56:45 ffmpeg/mov,mp4,m4a,3gp,3g2,mj2: stream 0, timescale not set
2025-10-18T17:56:45 update: added /Daft Punk - Instant Crush ft. Julian Casablancas.m4a
2025-10-18T17:56:45 ffmpeg/mov,mp4,m4a,3gp,3g2,mj2: stream 0, timescale not set
2025-10-18T17:56:45 update: added /James Blunt - Over -Official Lyric Video-.m4a
2025-10-18T17:56:45 ffmpeg/mov,mp4,m4a,3gp,3g2,mj2: stream 0, timescale not set
2025-10-18T17:56:45 update: added /La Ciudad (Cap. 6).m4a
2025-10-18T17:56:45 ffmpeg/mov,mp4,m4a,3gp,3g2,mj2: stream 0, timescale not set
2025-10-18T17:56:45 update: added /Stolen Dance -  Imagine Dragons (Lyrics).m4a
2025-10-18T17:56:45 ffmpeg/mov,mp4,m4a,3gp,3g2,mj2: stream 0, timescale not set
2025-10-18T17:56:45 update: added /Eminem - Till I Collapse (HD).m4a
2025-10-18T17:56:45 ffmpeg/mov,mp4,m4a,3gp,3g2,mj2: stream 0, timescale not set
2025-10-18T17:56:45 update: added /Quiero ver - Café Tacuba.m4a
2025-10-18T17:56:45 ffmpeg/mov,mp4,m4a,3gp,3g2,mj2: stream 0, timescale not set
2025-10-18T17:56:45 update: added /blackbear -- santa monica & la brea; español.m4a
2025-10-18T17:56:45 ffmpeg/mov,mp4,m4a,3gp,3g2,mj2: stream 0, timescale not set
2025-10-18T17:56:45 update: added /La La Land - City of Stars DUET - Lyrics.m4a
2025-10-18T17:56:45 ffmpeg/mov,mp4,m4a,3gp,3g2,mj2: stream 0, timescale not set
2025-10-18T17:56:45 update: added /Cindy Lauper- Girls just want to have fun.m4a
2025-10-18T17:56:45 ffmpeg/mov,mp4,m4a,3gp,3g2,mj2: stream 0, timescale not set
2025-10-18T17:56:45 update: added /Black Honey - Sleep Forever.m4a
2025-10-18T17:56:45 ffmpeg/mov,mp4,m4a,3gp,3g2,mj2: stream 0, timescale not set
2025-10-18T17:56:45 update: added /Me & Mr Jones.m4a
2025-10-18T17:56:45 ffmpeg/mov,mp4,m4a,3gp,3g2,mj2: stream 0, timescale not set
2025-10-18T17:56:45 update: added /Maroon 5 - Maps (Explicit).m4a
2025-10-18T17:56:45 update: added /BLESSD ❌ ANUEL AA _ DEPORTIVO  💜 (VIDEO OFICIAL).m4a
2025-10-18T17:56:45 update: added /Imagine Dragons - Peace of Mind (Official Lyric Video).mp3
2025-10-18T17:56:45 ffmpeg/mov,mp4,m4a,3gp,3g2,mj2: stream 0, timescale not set
2025-10-18T17:56:45 update: added /Bruno Mars - It Will Rain -OFFICIAL VIDEO-.m4a
2025-10-18T17:56:45 update: added /The Score - Miracle (Official Video)_256k.mp3
2025-10-18T17:56:45 ffmpeg/mov,mp4,m4a,3gp,3g2,mj2: stream 0, timescale not set
2025-10-18T17:56:45 update: added /All Time Low - Missing You.m4a
2025-10-18T17:56:45 ffmpeg/mov,mp4,m4a,3gp,3g2,mj2: stream 0, timescale not set
2025-10-18T17:56:45 update: added /Los Amigos Invisibles, 'Espérame', feat. Elastic Bond..m4a
2025-10-18T17:56:45 update: added /3AM - Flor De Loto (Letra) _ Flow City.mp3
2025-10-18T17:56:45 update: added /Bullseye_2297.mp3
2025-10-18T17:56:45 ffmpeg/mov,mp4,m4a,3gp,3g2,mj2: stream 0, timescale not set
2025-10-18T17:56:45 update: added /Blackbear -  ​i hope your whole life sux (Sub Español).m4a
2025-10-18T17:56:45 ffmpeg/mov,mp4,m4a,3gp,3g2,mj2: stream 0, timescale not set
2025-10-18T17:56:45 update: added /Blackbear - Runnin´Low (Sub Español).m4a
2025-10-18T17:56:45 ffmpeg/mov,mp4,m4a,3gp,3g2,mj2: stream 0, timescale not set
2025-10-18T17:56:45 update: added /Natalia Lafourcade - Ella Es Bonita.m4a
2025-10-18T17:56:45 update: added /3AM - Imagina.mp3
2025-10-18T17:56:45 ffmpeg/mov,mp4,m4a,3gp,3g2,mj2: stream 0, timescale not set
2025-10-18T17:56:45 update: added /Summer.m4a
2025-10-18T17:56:45 update: added /Sub Urban - Isolate [Official Lyrics Video].mp3
2025-10-18T17:56:45 ffmpeg/mov,mp4,m4a,3gp,3g2,mj2: stream 0, timescale not set
2025-10-18T17:56:45 update: added /Canserbero - Clima Tropical -Vida-.m4a
2025-10-18T17:56:45 update: added /MESITA, REI - JET LAG (Video Oficial).mp3
2025-10-18T17:56:45 update: added /Isaac Dunbar - onion boy_256k.mp3
2025-10-18T17:56:45 update: added /Joji & BENEE - Afterthought (Official Audio).mp3
2025-10-18T17:56:45 ffmpeg/mov,mp4,m4a,3gp,3g2,mj2: stream 0, timescale not set
2025-10-18T17:56:45 update: added /Imagine Dragons - I'll Make It Up To You (Lyrics _ Letra).m4a
2025-10-18T17:56:45 ffmpeg/mov,mp4,m4a,3gp,3g2,mj2: stream 0, timescale not set
2025-10-18T17:56:45 update: added /Arcangel, Duki, Bizarrap - Bottas (Visualizer) _ SR. SANTOS.m4a
2025-10-18T17:56:45 ffmpeg/mov,mp4,m4a,3gp,3g2,mj2: stream 0, timescale not set
2025-10-18T17:56:45 update: added /Anxiety.m4a
2025-10-18T17:56:45 ffmpeg/mov,mp4,m4a,3gp,3g2,mj2: stream 0, timescale not set
2025-10-18T17:56:45 update: added /Queens of the Stone Age - The Evil Has Landed (Audio).m4a
2025-10-18T17:56:45 ffmpeg/mov,mp4,m4a,3gp,3g2,mj2: stream 0, timescale not set
2025-10-18T17:56:45 update: added /Grupo Firme - Gerardo Coronel 'El Jerry' - Qué Onda Perdida (Video Oficial).m4a
2025-10-18T17:56:45 ffmpeg/mov,mp4,m4a,3gp,3g2,mj2: stream 0, timescale not set
2025-10-18T17:56:45 update: added /Lord Huron - The Night We Met.m4a
2025-10-18T17:56:45 ffmpeg/mov,mp4,m4a,3gp,3g2,mj2: stream 0, timescale not set
2025-10-18T17:56:45 update: added /Release - Imagine Dragons (Audio).m4a
2025-10-18T17:56:45 ffmpeg/mov,mp4,m4a,3gp,3g2,mj2: stream 0, timescale not set
2025-10-18T17:56:45 update: added /Siddhartha - Ser Parte (Lyric Video).m4a
2025-10-18T17:56:45 update: added /SOLO POR VOS.mp3
2025-10-18T17:56:45 ffmpeg/mov,mp4,m4a,3gp,3g2,mj2: stream 0, timescale not set
2025-10-18T17:56:45 update: added /Me Llamas (feat. Maluma) (Remix).m4a
2025-10-18T17:56:45 ffmpeg/mov,mp4,m4a,3gp,3g2,mj2: stream 0, timescale not set
2025-10-18T17:56:45 update: added /Louis The Child, Quinn XCII, Chelsea Cutler - Little Things (Lyric Video).m4a
2025-10-18T17:56:45 update: added /The Score - Gallows (Audio) ft. Jamie N Commons_256k.mp3
2025-10-18T17:56:45 ffmpeg/mov,mp4,m4a,3gp,3g2,mj2: stream 0, timescale not set
2025-10-18T17:56:45 update: added /Don Omar _ ️Hasta Abajo ️.m4a
2025-10-18T17:56:45 update: added /Nicki Nicole - Baby (Official Video).mp3
2025-10-18T17:56:45 update: added /Paulo Londra ft Lenny Tavarez - Nena Maldicion (Official Video).mp3
2025-10-18T17:56:45 ffmpeg/mov,mp4,m4a,3gp,3g2,mj2: stream 0, timescale not set
2025-10-18T17:56:45 update: added /The Killers - Here With Me.m4a
2025-10-18T17:56:45 ffmpeg/mov,mp4,m4a,3gp,3g2,mj2: stream 0, timescale not set
2025-10-18T17:56:45 update: added /Jaymes Young - Feel Something _ Sub Español.m4a
2025-10-18T17:56:45 ffmpeg/mov,mp4,m4a,3gp,3g2,mj2: stream 0, timescale not set
2025-10-18T17:56:45 update: added /Billie Eilish - watch (Audio).m4a
2025-10-18T17:56:45 ffmpeg/mov,mp4,m4a,3gp,3g2,mj2: stream 0, timescale not set
2025-10-18T17:56:45 update: added /Manu Chao - Me Gustas Tu.m4a
2025-10-18T17:56:45 ffmpeg/mov,mp4,m4a,3gp,3g2,mj2: stream 0, timescale not set
2025-10-18T17:56:45 update: added /On Top Of The World.m4a
2025-10-18T17:56:45 update: added /Two Shots (feat. gnash).mp3
2025-10-18T17:56:45 ffmpeg/sami: Format sami detected only with low score of 1, misdetection possible!
2025-10-18T17:56:45 ffmpeg/mov,mp4,m4a,3gp,3g2,mj2: stream 0, timescale not set
2025-10-18T17:56:45 update: added /Aaron le tunnel d'or.m4a
2025-10-18T17:56:45 ffmpeg/mov,mp4,m4a,3gp,3g2,mj2: stream 0, timescale not set
2025-10-18T17:56:45 update: added /Coldplay - Adventure Of A Lifetime (Official video).m4a
2025-10-18T17:56:45 ffmpeg/mov,mp4,m4a,3gp,3g2,mj2: stream 0, timescale not set
2025-10-18T17:56:45 update: added /Red Hot Chili Peppers - Californication -Official Music Video-.m4a
2025-10-18T17:56:45 update: added /Maria Becerra, Becky G - WOW WOW (Official Video).mp3
2025-10-18T17:56:45 ffmpeg/mov,mp4,m4a,3gp,3g2,mj2: stream 0, timescale not set
2025-10-18T17:56:45 update: added /Whatever It Takes.m4a
2025-10-18T17:56:45 ffmpeg/mov,mp4,m4a,3gp,3g2,mj2: stream 0, timescale not set
2025-10-18T17:56:45 update: added /Time Is Running Out.m4a
2025-10-18T17:56:45 ffmpeg/mov,mp4,m4a,3gp,3g2,mj2: stream 0, timescale not set
2025-10-18T17:56:45 update: added /Real Life.m4a
2025-10-18T17:56:45 ffmpeg/mov,mp4,m4a,3gp,3g2,mj2: stream 0, timescale not set
2025-10-18T17:56:45 update: added /Selena Gomez - Slow Down (Official).m4a
2025-10-18T17:56:45 ffmpeg/mov,mp4,m4a,3gp,3g2,mj2: stream 0, timescale not set
2025-10-18T17:56:45 update: added /Trouble.m4a
2025-10-18T17:56:45 ffmpeg/mov,mp4,m4a,3gp,3g2,mj2: stream 0, timescale not set
2025-10-18T17:56:45 update: added /What I've Done (Official Video) - Linkin Park.m4a
2025-10-18T17:56:45 ffmpeg/mov,mp4,m4a,3gp,3g2,mj2: stream 0, timescale not set
2025-10-18T17:56:45 update: added /Paramore - Misguided Ghosts (Official Audio).m4a
2025-10-18T17:56:45 ffmpeg/mov,mp4,m4a,3gp,3g2,mj2: stream 0, timescale not set
2025-10-18T17:56:45 update: added /The Kooks - Bad Habit.m4a
2025-10-18T17:56:45 ffmpeg/mov,mp4,m4a,3gp,3g2,mj2: stream 0, timescale not set
2025-10-18T17:56:45 update: added /Julieta Venegas - Limon Y Sal (Video).m4a
2025-10-18T17:56:45 ffmpeg/mov,mp4,m4a,3gp,3g2,mj2: stream 0, timescale not set
2025-10-18T17:56:45 update: added /X Ambassadors - Unsteady.m4a
2025-10-18T17:56:45 ffmpeg/mov,mp4,m4a,3gp,3g2,mj2: stream 0, timescale not set
2025-10-18T17:56:45 update: added /The 1975 - Robbers.m4a
2025-10-18T17:56:45 ffmpeg/mov,mp4,m4a,3gp,3g2,mj2: stream 0, timescale not set
2025-10-18T17:56:45 update: added /Train - Hey, Soul Sister.m4a
2025-10-18T17:56:45 update: added /Los Pericos- Anónimos ft. Carla Morrison.mp3
2025-10-18T17:56:45 ffmpeg/mov,mp4,m4a,3gp,3g2,mj2: stream 0, timescale not set
2025-10-18T17:56:45 update: added /i love you.m4a
2025-10-18T17:56:45 update: added /3AM - Endaño (Letra) _ Rain City.mp3
2025-10-18T17:56:45 ffmpeg/mov,mp4,m4a,3gp,3g2,mj2: stream 0, timescale not set
2025-10-18T17:56:45 update: added /Weezer - Island In The Sun (Spike Jonze Version).m4a
2025-10-18T17:56:45 update: added /AARON - Little Love LYRICS.m4a
2025-10-18T17:56:45 update: added /Russ - ITALY (Official Audio)_256k.mp3
2025-10-18T17:56:45 ffmpeg/mov,mp4,m4a,3gp,3g2,mj2: stream 0, timescale not set
2025-10-18T17:56:45 update: added /The Killers - Be Still.m4a
2025-10-18T17:56:45 update: added /nobody likes the opening band -- I DON'T KNOW HOW BUT THEY FOUND ME (lyrics).m4a
2025-10-18T17:56:45 ffmpeg/mov,mp4,m4a,3gp,3g2,mj2: stream 0, timescale not set
2025-10-18T17:56:45 update: added /Ruth B. - Mixed Signals (Audio).m4a
2025-10-18T17:56:45 ffmpeg/mov,mp4,m4a,3gp,3g2,mj2: stream 0, timescale not set
2025-10-18T17:56:45 update: added /Halsey_Closer.m4a
2025-10-18T17:56:45 ffmpeg/sami: Format sami detected only with low score of 1, misdetection possible!
2025-10-18T17:56:45 ffmpeg/mov,mp4,m4a,3gp,3g2,mj2: stream 0, timescale not set
2025-10-18T17:56:45 update: added /Justin Bieber - Sorry (Dance Video).m4a
2025-10-18T17:56:45 ffmpeg/mov,mp4,m4a,3gp,3g2,mj2: stream 0, timescale not set
2025-10-18T17:56:45 update: added /Daddy Yankee - Gasolina (Video Oficial).m4a
2025-10-18T17:56:45 ffmpeg/mov,mp4,m4a,3gp,3g2,mj2: stream 0, timescale not set
2025-10-18T17:56:45 update: added /NoMBe - California Girls.m4a
2025-10-18T17:56:45 ffmpeg/mov,mp4,m4a,3gp,3g2,mj2: stream 0, timescale not set
2025-10-18T17:56:45 update: added /Siddhartha - A la Distancia (Lyric Video).m4a
2025-10-18T17:56:45 ffmpeg/mov,mp4,m4a,3gp,3g2,mj2: stream 0, timescale not set
2025-10-18T17:56:45 update: added /Miranda! - Perfecta (Video Oficial).m4a
2025-10-18T17:56:45 ffmpeg/mov,mp4,m4a,3gp,3g2,mj2: stream 0, timescale not set
2025-10-18T17:56:45 update: added /Every Morning - Sugar Ray.m4a
2025-10-18T17:56:45 update: added /Nero - Nero Promises Nero Amp Skrilex Remix.mp3
2025-10-18T17:56:45 ffmpeg/mov,mp4,m4a,3gp,3g2,mj2: stream 0, timescale not set
2025-10-18T17:56:45 update: added /Radiohead - Just.m4a
2025-10-18T17:56:45 update: added /Franc Moody - Dream In Colour (Official Video)_256k.mp3
2025-10-18T17:56:45 ffmpeg/mov,mp4,m4a,3gp,3g2,mj2: stream 0, timescale not set
2025-10-18T17:56:45 update: added /Don Omar - Pobre Diabla (Original Version).m4a
2025-10-18T17:56:45 ffmpeg/mov,mp4,m4a,3gp,3g2,mj2: stream 0, timescale not set
2025-10-18T17:56:45 update: added /Feid - Alakran (Official Video).m4a
2025-10-18T17:56:45 ffmpeg/mov,mp4,m4a,3gp,3g2,mj2: stream 0, timescale not set
2025-10-18T17:56:45 update: added /Elliott Smith - Needle In The Hay (Lyrics).m4a
2025-10-18T17:56:45 ffmpeg/mov,mp4,m4a,3gp,3g2,mj2: stream 0, timescale not set
2025-10-18T17:56:45 update: added /Thief - Imagine Dragons (Audio).m4a
2025-10-18T17:56:45 ffmpeg/mov,mp4,m4a,3gp,3g2,mj2: stream 0, timescale not set
2025-10-18T17:56:45 update: added /James Arthur - Naked.m4a
2025-10-18T17:56:45 update: added /NATHY PELUSO, Tiago PZK - ELLA TIENE (Video Oficial).mp3
2025-10-18T17:56:45 update: added /The Score - All of Me feat. Travis Barker (Official Lyric Video)_256k.mp3
2025-10-18T17:56:45 update: added /Real 70 Crew Feat. Nedman Guerrero - Por ser Rapero (AUDIO).m4a
2025-10-18T17:56:45 ffmpeg/mov,mp4,m4a,3gp,3g2,mj2: stream 0, timescale not set
2025-10-18T17:56:45 update: added /Frank Sinatra - L.O.V.E. (lyrics).m4a
2025-10-18T17:56:45 ffmpeg/mov,mp4,m4a,3gp,3g2,mj2: stream 0, timescale not set
2025-10-18T17:56:45 update: added /Boys Like Girls - The Great Escape (Lyrics).m4a
2025-10-18T17:56:45 ffmpeg/mov,mp4,m4a,3gp,3g2,mj2: stream 0, timescale not set
2025-10-18T17:56:46 update: added /BAD BUNNY - TÚ NO METES CABRA (Video Oficial).m4a
2025-10-18T17:56:46 ffmpeg/mov,mp4,m4a,3gp,3g2,mj2: stream 0, timescale not set
2025-10-18T17:56:46 update: added /Alabama Shakes - Don't Wanna Fight (Official Audio).m4a
2025-10-18T17:56:46 ffmpeg/mov,mp4,m4a,3gp,3g2,mj2: stream 0, timescale not set
2025-10-18T17:56:46 update: added /Tipling Rock - Staring -Visualizer-.m4a
2025-10-18T17:56:46 ffmpeg/mov,mp4,m4a,3gp,3g2,mj2: stream 0, timescale not set
2025-10-18T17:56:46 update: added /Eres (letra) -  Camilo Séptimo.m4a
2025-10-18T17:56:46 ffmpeg/mov,mp4,m4a,3gp,3g2,mj2: stream 0, timescale not set
2025-10-18T17:56:46 update: added /Bazzi - Changed [Official Audio].m4a
2025-10-18T17:56:46 ffmpeg/mov,mp4,m4a,3gp,3g2,mj2: stream 0, timescale not set
2025-10-18T17:56:46 update: added /Caravan Palace - Rock It For Me.m4a
2025-10-18T17:56:46 ffmpeg/mov,mp4,m4a,3gp,3g2,mj2: stream 0, timescale not set
2025-10-18T17:56:46 update: added /Gorillaz - Tomorrow Comes Today (Official Video).m4a
2025-10-18T17:56:46 update: added /Banda MS- Mi razón de ser.mp3
2025-10-18T17:56:46 ffmpeg/mov,mp4,m4a,3gp,3g2,mj2: stream 0, timescale not set
2025-10-18T17:56:46 update: added /SIddhartha - Náufrago (Audio Oficial).m4a
2025-10-18T17:56:46 ffmpeg/mov,mp4,m4a,3gp,3g2,mj2: stream 0, timescale not set
2025-10-18T17:56:46 update: added /EDEN - love; not wrong (brave) (Español).m4a
2025-10-18T17:56:46 ffmpeg/mov,mp4,m4a,3gp,3g2,mj2: stream 0, timescale not set
2025-10-18T17:56:46 update: added /TQM (Ft Elsa y Elmar & Ximena Sariñana) - Little Jesus (Letra).m4a
2025-10-18T17:56:46 ffmpeg/mov,mp4,m4a,3gp,3g2,mj2: stream 0, timescale not set
2025-10-18T17:56:46 update: added /Los Mesoneros - Exprópiese (Video Oficial).m4a
2025-10-18T17:56:46 update: added /Maria Becerra, Cazzu - ANIMAL (Official Video)_256k.mp3
2025-10-18T17:56:46 update: added /Imagine Dragons - I Wish (Official Lyric Video).mp3
2025-10-18T17:56:46 ffmpeg/mov,mp4,m4a,3gp,3g2,mj2: stream 0, timescale not set
2025-10-18T17:56:46 update: added /Mouth Of The River.m4a
2025-10-18T17:56:46 ffmpeg/mov,mp4,m4a,3gp,3g2,mj2: stream 0, timescale not set
2025-10-18T17:56:46 update: added /Pilot - Magic (Subtítulos español).m4a
2025-10-18T17:56:46 ffmpeg/mov,mp4,m4a,3gp,3g2,mj2: stream 0, timescale not set
2025-10-18T17:56:46 update: added /Andar Conmigo.m4a
2025-10-18T17:56:46 ffmpeg/mov,mp4,m4a,3gp,3g2,mj2: stream 0, timescale not set
2025-10-18T17:56:46 update: added /MESITA - ORANGUTAN.m4a
2025-10-18T17:56:46 ffmpeg/mov,mp4,m4a,3gp,3g2,mj2: stream 0, timescale not set
2025-10-18T17:56:46 update: added /Alt-J (∆) - Matilda.m4a
2025-10-18T17:56:46 ffmpeg/mov,mp4,m4a,3gp,3g2,mj2: stream 0, timescale not set
2025-10-18T17:56:46 update: added /Get Lucky (Official Audio).m4a
2025-10-18T17:56:46 ffmpeg/mov,mp4,m4a,3gp,3g2,mj2: stream 0, timescale not set
2025-10-18T17:56:46 update: added /Nanpa Básico - Cuando Vienes.m4a
2025-10-18T17:56:46 ffmpeg/mov,mp4,m4a,3gp,3g2,mj2: stream 0, timescale not set
2025-10-18T17:56:46 update: added /Queen - Don't Stop Me Now (Official Video).m4a
2025-10-18T17:56:46 ffmpeg/mov,mp4,m4a,3gp,3g2,mj2: stream 0, timescale not set
2025-10-18T17:56:46 update: added /ELECTRO SWING - LITTLE VIOLET - SWINGING MELODIES.m4a
2025-10-18T17:56:46 ffmpeg/mov,mp4,m4a,3gp,3g2,mj2: stream 0, timescale not set
2025-10-18T17:56:46 update: added /Calvin Harris - Blame (Audio) ft. John Newman.m4a
2025-10-18T17:56:46 ffmpeg/mov,mp4,m4a,3gp,3g2,mj2: stream 0, timescale not set
2025-10-18T17:56:46 update: added /Phoenix - Lisztomania.m4a
2025-10-18T17:56:46 ffmpeg/mov,mp4,m4a,3gp,3g2,mj2: stream 0, timescale not set
2025-10-18T17:56:46 update: added /Coldplay - Paradise (Official Video).m4a
2025-10-18T17:56:46 ffmpeg/mov,mp4,m4a,3gp,3g2,mj2: stream 0, timescale not set
2025-10-18T17:56:46 update: added /Santana - Just Feel Better ft. Steven Tyler.m4a
2025-10-18T17:56:46 ffmpeg/mov,mp4,m4a,3gp,3g2,mj2: stream 0, timescale not set
2025-10-18T17:56:46 update: added /Síguelo Bailando.m4a
2025-10-18T17:56:46 ffmpeg/mov,mp4,m4a,3gp,3g2,mj2: stream 0, timescale not set
2025-10-18T17:56:46 update: added /Radiohead - I Promise.m4a
2025-10-18T17:56:46 ffmpeg/mov,mp4,m4a,3gp,3g2,mj2: stream 0, timescale not set
2025-10-18T17:56:46 update: added /The Black Keys-Howlin' For You[Brothers].m4a
2025-10-18T17:56:46 ffmpeg/mov,mp4,m4a,3gp,3g2,mj2: stream 0, timescale not set
2025-10-18T17:56:46 update: added /Bon Jovi - It's My Life.m4a
2025-10-18T17:56:46 ffmpeg/mov,mp4,m4a,3gp,3g2,mj2: stream 0, timescale not set
2025-10-18T17:56:46 update: added /Respiro (Cap. 8).m4a
2025-10-18T17:56:46 update: added /Real 70 Crew. Feat El Dike - Del Amor Nadie Se Escapa (AUDIO).m4a
2025-10-18T17:56:46 update: added /K.Flay - High Enough (Official Lyric Video).mp3
2025-10-18T17:56:46 update: added /Imagine Dragons - Wrecked (Lyric Video)_256k.mp3
2025-10-18T17:56:46 ffmpeg/mov,mp4,m4a,3gp,3g2,mj2: stream 0, timescale not set
2025-10-18T17:56:46 update: added /Piso 21 - Déjala Que Vuelva (feat. Manuel Turizo) -Video Oficial-.m4a
2025-10-18T17:56:46 ffmpeg/mov,mp4,m4a,3gp,3g2,mj2: stream 0, timescale not set
2025-10-18T17:56:46 update: added /bbno$ - meant to be (Lyrics).m4a
2025-10-18T17:56:46 update: added /Residente & Bad Bunny - Bellacoso (Official Video).mp3
2025-10-18T17:56:46 update: added /Losemyhead_256k.mp3
2025-10-18T17:56:46 ffmpeg/mov,mp4,m4a,3gp,3g2,mj2: stream 0, timescale not set
2025-10-18T17:56:46 update: added /Enrique Bunbury - Frente a Frente (Vídeoclip Oficial).m4a
2025-10-18T17:56:46 ffmpeg/mov,mp4,m4a,3gp,3g2,mj2: stream 0, timescale not set
2025-10-18T17:56:46 update: added /POWERS - Heavy (Visualizer).m4a
2025-10-18T17:56:46 update: added /Sharks - Imagine Dragons (Subtitulada al Español - Lyrics ).mp3
2025-10-18T17:56:46 ffmpeg/mov,mp4,m4a,3gp,3g2,mj2: stream 0, timescale not set
2025-10-18T17:56:46 update: added /Julión Álvarez y su Norteño Banda - Cero Empatía (Video Lyric).m4a
2025-10-18T17:56:46 ffmpeg/mov,mp4,m4a,3gp,3g2,mj2: stream 0, timescale not set
2025-10-18T17:56:46 update: added /Ok Go- Get Over It Lyric Video.m4a
2025-10-18T17:56:46 update: added /Lennis Rodríguez & Rvfv - Te Sale Remix (Audio).mp3
2025-10-18T17:56:46 ffmpeg/mov,mp4,m4a,3gp,3g2,mj2: stream 0, timescale not set
2025-10-18T17:56:46 update: added /Don Omar - Guaya Guaya (Audio).m4a
2025-10-18T17:56:46 update: added /Stuffers - MG.mp3
2025-10-18T17:56:46 ffmpeg/mov,mp4,m4a,3gp,3g2,mj2: stream 0, timescale not set
2025-10-18T17:56:46 update: added /OneRepublic - Let’s Hurt Tonight (Official Video).m4a
2025-10-18T17:56:46 ffmpeg/mov,mp4,m4a,3gp,3g2,mj2: stream 0, timescale not set
2025-10-18T17:56:46 update: added /Selena Gomez & The Scene - Love You Like A Love Song (Audio).m4a
2025-10-18T17:56:46 ffmpeg/mov,mp4,m4a,3gp,3g2,mj2: stream 0, timescale not set
2025-10-18T17:56:46 update: added /Drugstore Perfume.m4a
2025-10-18T17:56:46 ffmpeg/mov,mp4,m4a,3gp,3g2,mj2: stream 0, timescale not set
2025-10-18T17:56:46 update: added /i wanna be your girlfriend.m4a
2025-10-18T17:56:46 ffmpeg/mov,mp4,m4a,3gp,3g2,mj2: stream 0, timescale not set
2025-10-18T17:56:46 update: added /Canserbero - unetenos (vida).m4a
2025-10-18T17:56:46 ffmpeg/mov,mp4,m4a,3gp,3g2,mj2: stream 0, timescale not set
2025-10-18T17:56:46 update: added /Trueno - PULL UP! (Official Video).m4a
2025-10-18T17:56:46 ffmpeg/mov,mp4,m4a,3gp,3g2,mj2: stream 0, timescale not set
2025-10-18T17:56:46 update: added /James Blunt - Lose My Number -Official Lyric Video-.m4a
2025-10-18T17:56:46 ffmpeg/mov,mp4,m4a,3gp,3g2,mj2: stream 0, timescale not set
2025-10-18T17:56:46 update: added /All Of The Stars.m4a
2025-10-18T17:56:46 ffmpeg/mov,mp4,m4a,3gp,3g2,mj2: stream 0, timescale not set
2025-10-18T17:56:46 update: added /Encantadora.m4a
2025-10-18T17:56:46 ffmpeg/mov,mp4,m4a,3gp,3g2,mj2: stream 0, timescale not set
2025-10-18T17:56:46 update: added /Hey, Soul Sister.m4a
2025-10-18T17:56:46 ffmpeg/mov,mp4,m4a,3gp,3g2,mj2: stream 0, timescale not set
2025-10-18T17:56:46 update: added /Somebody Told Me.m4a
2025-10-18T17:56:46 ffmpeg/mov,mp4,m4a,3gp,3g2,mj2: stream 0, timescale not set
2025-10-18T17:56:46 update: added /Pablos Hippos.m4a
2025-10-18T17:56:46 ffmpeg/mov,mp4,m4a,3gp,3g2,mj2: stream 0, timescale not set
2025-10-18T17:56:46 update: added /Smoke And Mirrors - Imagine Dragons (Audio).m4a
2025-10-18T17:56:46 ffmpeg/mov,mp4,m4a,3gp,3g2,mj2: stream 0, timescale not set
2025-10-18T17:56:46 update: added /Lose Yourself by Eminem _ Eminem.m4a
2025-10-18T17:56:46 update: added /WC - The Streets ft. Snoop Dogg, Nate Dogg.mp3
2025-10-18T17:56:46 ffmpeg/sami: Format sami detected only with low score of 1, misdetection possible!
2025-10-18T17:56:46 update: added /CENOB1TE - Hyperion (Original Mix) HD.m4a
2025-10-18T17:56:46 ffmpeg/mov,mp4,m4a,3gp,3g2,mj2: stream 0, timescale not set
2025-10-18T17:56:46 update: added /Carla Morrison - Me encanta (letra).m4a
2025-10-18T17:56:46 update: added /The Score - Breakout (Audio)_256k.mp3
2025-10-18T17:56:46 ffmpeg/mov,mp4,m4a,3gp,3g2,mj2: stream 0, timescale not set
2025-10-18T17:56:46 update: added /The White Stripes - Hypnotize.m4a
2025-10-18T17:56:46 ffmpeg/mov,mp4,m4a,3gp,3g2,mj2: stream 0, timescale not set
2025-10-18T17:56:46 update: added /Eminem - Kings Never Die (Lyric Video) ft. Gwen Stefani.m4a
2025-10-18T17:56:46 ffmpeg/mov,mp4,m4a,3gp,3g2,mj2: stream 0, timescale not set
2025-10-18T17:56:46 update: added /La Adictiva - Escondidos [Lyric Video].m4a
2025-10-18T17:56:46 ffmpeg/mov,mp4,m4a,3gp,3g2,mj2: stream 0, timescale not set
2025-10-18T17:56:46 update: added /Siddhartha - Buscándote (Letra) Cap. 7.m4a
2025-10-18T17:56:46 ffmpeg/mov,mp4,m4a,3gp,3g2,mj2: stream 0, timescale not set
2025-10-18T17:56:46 update: added /Taylor Swift - Shake It Off.m4a
2025-10-18T17:56:46 ffmpeg/mov,mp4,m4a,3gp,3g2,mj2: stream 0, timescale not set
2025-10-18T17:56:46 update: added /Billie Eilish - my boy (Audio).m4a
2025-10-18T17:56:46 ffmpeg/mov,mp4,m4a,3gp,3g2,mj2: stream 0, timescale not set
2025-10-18T17:56:46 update: added /Hysteria.m4a
2025-10-18T17:56:46 update: added /3AM - No Te Olvido.mp3
2025-10-18T17:56:46 update: added /Ingratax - Paris (Official Video).mp3
2025-10-18T17:56:46 ffmpeg/mov,mp4,m4a,3gp,3g2,mj2: stream 0, timescale not set
2025-10-18T17:56:46 update: added /Marshmello, Halsey - Be Kind (Halsey Lyric Video).m4a
2025-10-18T17:56:46 update: added /Gepe - Hablar de ti (audio oficial).mp3
2025-10-18T17:56:46 ffmpeg/mov,mp4,m4a,3gp,3g2,mj2: stream 0, timescale not set
2025-10-18T17:56:46 update: added /Spag Heddy - Heddy Bitsh.m4a
2025-10-18T17:56:46 ffmpeg/mov,mp4,m4a,3gp,3g2,mj2: stream 0, timescale not set
2025-10-18T17:56:46 update: added /AaRON - Blouson Noir.m4a
2025-10-18T17:56:46 ffmpeg/mov,mp4,m4a,3gp,3g2,mj2: stream 0, timescale not set
2025-10-18T17:56:46 update: added /The Great Shipwreck Of Life.m4a
2025-10-18T17:56:46 ffmpeg/mov,mp4,m4a,3gp,3g2,mj2: stream 0, timescale not set
2025-10-18T17:56:46 update: added /Aaron O Song.m4a
2025-10-18T17:56:46 ffmpeg/mov,mp4,m4a,3gp,3g2,mj2: stream 0, timescale not set
2025-10-18T17:56:46 update: added /Nothing In My Way.m4a
2025-10-18T17:56:46 update: added /Real 70 Crew - Guerrillera de la felicidad Feat. Danay Suarez (AUDIO).m4a
2025-10-18T17:56:46 update: added /Young Rising Sons - SAD (Clap Your Hands).mp3
2025-10-18T17:56:46 ffmpeg/mov,mp4,m4a,3gp,3g2,mj2: stream 0, timescale not set
2025-10-18T17:56:46 update: added /De Bruces A Mi - Llegaste A Mi.m4a
2025-10-18T17:56:46 update: added /The Score - Rush -- Sub Español _HD__256k.mp3
2025-10-18T17:56:46 ffmpeg/mov,mp4,m4a,3gp,3g2,mj2: stream 0, timescale not set
2025-10-18T17:56:46 update: added /Bob Marley - A lalala long.m4a
2025-10-18T17:56:46 ffmpeg/mov,mp4,m4a,3gp,3g2,mj2: stream 0, timescale not set
2025-10-18T17:56:46 update: added /Paulo Londra - No Puedo (Official Video).m4a
2025-10-18T17:56:46 ffmpeg/mov,mp4,m4a,3gp,3g2,mj2: stream 0, timescale not set
2025-10-18T17:56:46 update: added /BAD BUNNY ft. FEID - PERRO NEGRO (Visualizer) _ nadie sabe lo que va a pasar.m4a
2025-10-18T17:56:46 ffmpeg/mov,mp4,m4a,3gp,3g2,mj2: stream 0, timescale not set
2025-10-18T17:56:46 update: added /Every Night.m4a
2025-10-18T17:56:46 ffmpeg/mov,mp4,m4a,3gp,3g2,mj2: stream 0, timescale not set
2025-10-18T17:56:46 update: added /single - the neighbourhood -- español.m4a
2025-10-18T17:56:46 update: added /Calle 13 - La Vuelta Al Mundo (Audio).m4a
2025-10-18T17:56:46 update: added /No Te Va Gustar, Nicki Nicole - Venganza (Video oficial).mp3
2025-10-18T17:56:46 ffmpeg/mov,mp4,m4a,3gp,3g2,mj2: stream 0, timescale not set
2025-10-18T17:56:46 update: added /Calvin Harris - Summer.m4a
2025-10-18T17:56:46 ffmpeg/mov,mp4,m4a,3gp,3g2,mj2: stream 0, timescale not set
2025-10-18T17:56:46 update: added /No Confíes En Mí.m4a
2025-10-18T17:56:46 ffmpeg/mov,mp4,m4a,3gp,3g2,mj2: stream 0, timescale not set
2025-10-18T17:56:46 update: added /La Vie En Rose (Sub Español) - Louis Armstrong.m4a
2025-10-18T17:56:46 update: added /Nicki Nicole - Nobody Like Yo (Official Video).mp3
2025-10-18T17:56:46 ffmpeg/mov,mp4,m4a,3gp,3g2,mj2: stream 0, timescale not set
2025-10-18T17:56:46 update: added /Siddhartha Ft. Caloncho - Loco (Audio).m4a
2025-10-18T17:56:46 ffmpeg/mov,mp4,m4a,3gp,3g2,mj2: stream 0, timescale not set
2025-10-18T17:56:46 update: added /Supermassive Black Hole.m4a
2025-10-18T17:56:46 update: added /Arreglándome y Dañándome - Nanpa Básico & Samantha Barrón (Video Oficial)_256k.mp3
2025-10-18T17:56:46 ffmpeg/mov,mp4,m4a,3gp,3g2,mj2: stream 0, timescale not set
2025-10-18T17:56:46 update: added /Disclosure - You & Me  feat. Eliza Doolittle  (Flume Remix).m4a
2025-10-18T17:56:46 ffmpeg/mov,mp4,m4a,3gp,3g2,mj2: stream 0, timescale not set
2025-10-18T17:56:46 update: added /Why Are There Boundaries.m4a
2025-10-18T17:56:46 ffmpeg/mov,mp4,m4a,3gp,3g2,mj2: stream 0, timescale not set
2025-10-18T17:56:46 update: added /Still Loving You.m4a
2025-10-18T17:56:46 ffmpeg/mov,mp4,m4a,3gp,3g2,mj2: stream 0, timescale not set
2025-10-18T17:56:46 update: added /A Lo Mejor - Banda Sinaloense MS de Sergio Lizárraga (A Lo Mejor - Single).m4a
2025-10-18T17:56:46 update: added /3AM - Tu me encantas (Video Oficial) _ Rain City ️.mp3
2025-10-18T17:56:46 update: added /Kiss- I was made for loving you.m4a
2025-10-18T17:56:46 update: added /When You Smile.m4a
2025-10-18T17:56:46 update: added /BANDA MS - EL COLOR DE TUS OJOS (VIDEO OFICIAL).mp3
2025-10-18T17:56:46 ffmpeg/mov,mp4,m4a,3gp,3g2,mj2: stream 0, timescale not set
2025-10-18T17:56:46 update: added /La Célula Que Explota.m4a
2025-10-18T17:56:46 ffmpeg/mov,mp4,m4a,3gp,3g2,mj2: stream 0, timescale not set
2025-10-18T17:56:46 update: added /Rauw Alejandro x Jowell & Randy - PONTE NASTY (Visualizer).m4a
2025-10-18T17:56:46 update: added /Rusherking, Maria Becerra - ANTES DE TI (Official Video).mp3
2025-10-18T17:56:46 ffmpeg/mov,mp4,m4a,3gp,3g2,mj2: stream 0, timescale not set
2025-10-18T17:56:46 update: added /Mon Laferte - Amárrame ft. Juanes.m4a
2025-10-18T17:56:46 ffmpeg/mov,mp4,m4a,3gp,3g2,mj2: stream 0, timescale not set
2025-10-18T17:56:46 update: added /Miénteme (letra) - Camilo Séptimo.m4a
2025-10-18T17:56:46 update: added /Val_rate_Prod._Magnoscrito.mp3
2025-10-18T17:56:46 update: added /Reik - Te Fuiste de Aquí.m4a
2025-10-18T17:56:46 ffmpeg/mov,mp4,m4a,3gp,3g2,mj2: stream 0, timescale not set
2025-10-18T17:56:46 update: added /Tù.mp4
2025-10-18T17:56:46 ffmpeg/mov,mp4,m4a,3gp,3g2,mj2: stream 0, timescale not set
2025-10-18T17:56:46 update: added /Amy Winehouse - Back To Black (Lyric Video).m4a
2025-10-18T17:56:46 ffmpeg/mov,mp4,m4a,3gp,3g2,mj2: stream 0, timescale not set
2025-10-18T17:56:46 update: added /Siddhartha - Algún día.m4a
2025-10-18T17:56:46 update: added /Joji - Gimme Love (Official Video).mp3
2025-10-18T17:56:46 ffmpeg/mov,mp4,m4a,3gp,3g2,mj2: stream 0, timescale not set
2025-10-18T17:56:46 update: added /WOS - NO VA A BAJAR.m4a
2025-10-18T17:56:46 ffmpeg/mov,mp4,m4a,3gp,3g2,mj2: stream 0, timescale not set
2025-10-18T17:56:46 update: added /Jason Mraz  - Have It All -Official Video-.m4a
2025-10-18T17:56:46 ffmpeg/mov,mp4,m4a,3gp,3g2,mj2: stream 0, timescale not set
2025-10-18T17:56:46 update: added /AC-DC - Back In Black.m4a
2025-10-18T17:56:46 ffmpeg/mov,mp4,m4a,3gp,3g2,mj2: stream 0, timescale not set
2025-10-18T17:56:46 update: added /J Balvin, Feid - Doblexxó (Official Video).m4a
2025-10-18T17:56:46 update: added /LETTER - ARDE (Video Lyrics).m4a
2025-10-18T17:56:46 update: added /Russ - Hard For Me (Official Audio)_256k.mp3
2025-10-18T17:56:46 ffmpeg/mov,mp4,m4a,3gp,3g2,mj2: stream 0, timescale not set
2025-10-18T17:56:46 update: added /Meghan Trainor - NO.m4a
2025-10-18T17:56:46 update: added /Xbox 360 Achievement Sound.wma
2025-10-18T17:56:46 update: added /Russ - 10 Year Freestyle.m4a
2025-10-18T17:56:46 ffmpeg/mov,mp4,m4a,3gp,3g2,mj2: stream 0, timescale not set
2025-10-18T17:56:46 update: added /Noche De Entierro.m4a
2025-10-18T17:56:46 ffmpeg/mov,mp4,m4a,3gp,3g2,mj2: stream 0, timescale not set
2025-10-18T17:56:46 update: added /Tash Sultana - Notion (Official Audio).m4a
2025-10-18T17:56:46 ffmpeg/mov,mp4,m4a,3gp,3g2,mj2: stream 0, timescale not set
2025-10-18T17:56:46 update: added /Born To Be Yours.m4a
2025-10-18T17:56:46 ffmpeg/mov,mp4,m4a,3gp,3g2,mj2: stream 0, timescale not set
2025-10-18T17:56:46 update: added /Audioslave - Like a Stone (Official Video).m4a
2025-10-18T17:56:46 ffmpeg/mov,mp4,m4a,3gp,3g2,mj2: stream 0, timescale not set
2025-10-18T17:56:46 update: added /Buttercup.m4a
2025-10-18T17:56:46 ffmpeg/mov,mp4,m4a,3gp,3g2,mj2: stream 0, timescale not set
2025-10-18T17:56:46 update: added /A-Punk.m4a
2025-10-18T17:56:46 ffmpeg/mov,mp4,m4a,3gp,3g2,mj2: stream 0, timescale not set
2025-10-18T17:56:46 update: added /Feid - SORRY 4 THAT MUCH (Official Video).m4a
2025-10-18T17:56:46 update: added /The Score - Only One (Official Audio)_256k.mp3
2025-10-18T17:56:46 ffmpeg/mov,mp4,m4a,3gp,3g2,mj2: stream 0, timescale not set
2025-10-18T17:56:46 update: added /Two Feet - Lost The Game (Lyric Video).m4a
2025-10-18T17:56:46 ffmpeg/mov,mp4,m4a,3gp,3g2,mj2: stream 0, timescale not set
2025-10-18T17:56:46 update: added /ØRKA - phantom.m4a
2025-10-18T17:56:46 ffmpeg/mov,mp4,m4a,3gp,3g2,mj2: stream 0, timescale not set
2025-10-18T17:56:46 update: added /JJD - Adventure -NCS Release-.m4a
2025-10-18T17:56:46 update: added /In Time_256k.mp3
2025-10-18T17:56:46 ffmpeg/mov,mp4,m4a,3gp,3g2,mj2: stream 0, timescale not set
2025-10-18T17:56:46 update: added /Helen Corry - Time.m4a
2025-10-18T17:56:46 update: added /The Driver Era - A Kiss (Audio) _ The Driver Era_256k.mp3
2025-10-18T17:56:46 ffmpeg/mov,mp4,m4a,3gp,3g2,mj2: stream 0, timescale not set
2025-10-18T17:56:46 update: added /Plan B - Por Que Te Demoras_  [Official Audio].m4a
2025-10-18T17:56:46 update: added /Two Feet - Back Of My Mind (Español).m4a
2025-10-18T17:56:46 ffmpeg/mov,mp4,m4a,3gp,3g2,mj2: stream 0, timescale not set
2025-10-18T17:56:46 update: added /Natalia Lafourcade - Lo Que Construimos.m4a
2025-10-18T17:56:46 ffmpeg/mov,mp4,m4a,3gp,3g2,mj2: stream 0, timescale not set
2025-10-18T17:56:46 update: added /Bob Marley - Could you be loved - Lyrics.m4a
2025-10-18T17:56:46 ffmpeg/mov,mp4,m4a,3gp,3g2,mj2: stream 0, timescale not set
2025-10-18T17:56:46 update: added /Audioslave - Your Time Has Come.m4a
2025-10-18T17:56:46 update: added /Calle 13 - Muerte En Hawaii (Audio).m4a
2025-10-18T17:56:46 ffmpeg/mov,mp4,m4a,3gp,3g2,mj2: stream 0, timescale not set
2025-10-18T17:56:46 update: added /twenty one pilots- Stressed Out -OFFICIAL VIDEO-.m4a
2025-10-18T17:56:46 update: added /Snowmine - Let Me In  - [Official] [HD]_256k.mp3
2025-10-18T17:56:46 update: added /EDEN - Drowning ☼Español☼.m4a
2025-10-18T17:56:47 ffmpeg/mov,mp4,m4a,3gp,3g2,mj2: stream 0, timescale not set
2025-10-18T17:56:47 update: added /AaRON - 2-22.m4a
2025-10-18T17:56:47 ffmpeg/mov,mp4,m4a,3gp,3g2,mj2: stream 0, timescale not set
2025-10-18T17:56:47 update: added /Christian Nodal - Probablemente (Letra).m4a
2025-10-18T17:56:47 update: added /Paulo Londra - Luces (Official Video).mp3
2025-10-18T17:56:47 update: added /The Score - Enemies (Official Lyric Video).mp3
2025-10-18T17:56:47 update: added /J. Balvin, Maria Becerra - Qué Más Pues_ (Official Video)_256k.mp3
2025-10-18T17:56:47 ffmpeg/mov,mp4,m4a,3gp,3g2,mj2: stream 0, timescale not set
2025-10-18T17:56:47 update: added /The Chainsmokers & Coldplay - Something Just Like This (Lyric).m4a
2025-10-18T17:56:47 ffmpeg/mov,mp4,m4a,3gp,3g2,mj2: stream 0, timescale not set
2025-10-18T17:56:47 update: added /Burn Out.m4a
2025-10-18T17:56:47 ffmpeg/mov,mp4,m4a,3gp,3g2,mj2: stream 0, timescale not set
2025-10-18T17:56:47 update: added /The Fall.m4a
2025-10-18T17:56:47 ffmpeg/mov,mp4,m4a,3gp,3g2,mj2: stream 0, timescale not set
2025-10-18T17:56:47 update: added /Bruno Mars - Grenade -OFFICIAL VIDEO-.m4a
2025-10-18T17:56:47 ffmpeg/mov,mp4,m4a,3gp,3g2,mj2: stream 0, timescale not set
2025-10-18T17:56:47 update: added /Imagine Dragons - Thirty Lives (Audio).m4a
[src/libmpg123/id3.c:process_comment():591] error: No comment text / valid description?
2025-10-18T17:56:47 update: added /AUD-20150903-WA0022.mp3
2025-10-18T17:56:47 ffmpeg/mov,mp4,m4a,3gp,3g2,mj2: stream 0, timescale not set
2025-10-18T17:56:47 update: added /Mac DeMarco -- 'My Kind of Woman' (OFFICIAL VIDEO).m4a
2025-10-18T17:56:47 ffmpeg/mov,mp4,m4a,3gp,3g2,mj2: stream 0, timescale not set
2025-10-18T17:56:47 update: added /It Comes Back To You.m4a
2025-10-18T17:56:47 ffmpeg/mov,mp4,m4a,3gp,3g2,mj2: stream 0, timescale not set
2025-10-18T17:56:47 update: added /Green Day - 21 Guns -Official Music Video-.m4a
2025-10-18T17:56:47 update: added /Dolphins_256k.mp3
2025-10-18T17:56:47 update: added /Imagine Dragons - Bones (Official Lyric Video).mp3
2025-10-18T17:56:47 ffmpeg/mov,mp4,m4a,3gp,3g2,mj2: stream 0, timescale not set
2025-10-18T17:56:47 update: added /Avicii - Waiting For Love.m4a
2025-10-18T17:56:47 ffmpeg/mov,mp4,m4a,3gp,3g2,mj2: stream 0, timescale not set
2025-10-18T17:56:47 update: added /Cuando No Estás Conmigo - Camilo Séptimo (video oficial).m4a
2025-10-18T17:56:47 ffmpeg/mp3: Estimating duration from bitrate, this may be inaccurate
2025-10-18T17:56:47 update: added /Selena Gomez - Good For You.m4a
2025-10-18T17:56:47 update: added /The Score - Bulletproof (Audio) ft. XYLØ_256k.mp3
2025-10-18T17:56:47 ffmpeg/mov,mp4,m4a,3gp,3g2,mj2: stream 0, timescale not set
2025-10-18T17:56:47 update: added /Interpol - Rest My Chemistry.m4a
2025-10-18T17:56:47 ffmpeg/mov,mp4,m4a,3gp,3g2,mj2: stream 0, timescale not set
2025-10-18T17:56:47 update: added /Helen Corry - Divide.m4a
2025-10-18T17:56:47 update: added /Bazzi feat. Camila Cabello - Beautiful (Official Video).m4a
2025-10-18T17:56:47 ffmpeg/mov,mp4,m4a,3gp,3g2,mj2: stream 0, timescale not set
2025-10-18T17:56:47 update: added /Gorillaz - On Melancholy Hill (Official Video).m4a
2025-10-18T17:56:47 ffmpeg/mov,mp4,m4a,3gp,3g2,mj2: stream 0, timescale not set
2025-10-18T17:56:47 update: added /Everybody Wants To Rule The World.m4a
2025-10-18T17:56:47 update: added /Modestep - Sunlight (Official Video).m4a
2025-10-18T17:56:47 ffmpeg/mov,mp4,m4a,3gp,3g2,mj2: stream 0, timescale not set
2025-10-18T17:56:47 update: added /Battle Cry.m4a
2025-10-18T17:56:47 ffmpeg/mov,mp4,m4a,3gp,3g2,mj2: stream 0, timescale not set
2025-10-18T17:56:47 update: added /blackbear - something real - sub. español.m4a
2025-10-18T17:56:47 ffmpeg/mov,mp4,m4a,3gp,3g2,mj2: stream 0, timescale not set
2025-10-18T17:56:47 update: added /Avionica - Desde Cero -Official Video-.m4a
2025-10-18T17:56:47 ffmpeg/mov,mp4,m4a,3gp,3g2,mj2: stream 0, timescale not set
2025-10-18T17:56:47 update: added /The Temper Traps Sweet Disposition (Dulce Disposicion) Subtitulado Español 500 D.m4a
2025-10-18T17:56:47 ffmpeg/mov,mp4,m4a,3gp,3g2,mj2: stream 0, timescale not set
2025-10-18T17:56:47 update: added /Jamiroquai Bee Gees Mashup - Pomplamoose.m4a
2025-10-18T17:56:47 ffmpeg/mov,mp4,m4a,3gp,3g2,mj2: stream 0, timescale not set
2025-10-18T17:56:47 update: added /Razorlight - Golden Touch.m4a
2025-10-18T17:56:47 update: added /3AM - Aquí Sigo (Video Oficial).mp3
2025-10-18T17:56:47 ffmpeg/mov,mp4,m4a,3gp,3g2,mj2: stream 0, timescale not set
2025-10-18T17:56:47 update: added /SNOW PATROL-CHASING CARS SUBTITULADA EN ESPAÑOL.m4a
2025-10-18T17:56:47 update: added /Simplex - Let Go -Dubstep-.m4a
2025-10-18T17:56:47 ffmpeg/mov,mp4,m4a,3gp,3g2,mj2: stream 0, timescale not set
2025-10-18T17:56:47 update: added /Bazzi - BRB [Official Audio].m4a
2025-10-18T17:56:47 ffmpeg/mov,mp4,m4a,3gp,3g2,mj2: stream 0, timescale not set
2025-10-18T17:56:47 update: added /Nothing Left To Say - Rocks.m4a
2025-10-18T17:56:47 update: added /Moon Taxi - Red Hot Lights [Audio].mp3
2025-10-18T17:56:47 ffmpeg/mov,mp4,m4a,3gp,3g2,mj2: stream 0, timescale not set
2025-10-18T17:56:47 update: added /Contigo.m4a
2025-10-18T17:56:47 ffmpeg/mov,mp4,m4a,3gp,3g2,mj2: stream 0, timescale not set
2025-10-18T17:56:47 update: added /Sin ti estoy bien - Nanpa Básico (Audio).m4a
2025-10-18T17:56:47 ffmpeg/mov,mp4,m4a,3gp,3g2,mj2: stream 0, timescale not set
2025-10-18T17:56:47 update: added /Charlie Puth - We Don't Talk Anymore (feat. Selena Gomez) -Official Video-.m4a
2025-10-18T17:56:47 ffmpeg/mov,mp4,m4a,3gp,3g2,mj2: stream 0, timescale not set
2025-10-18T17:56:47 update: added /Taylor Swift - Gorgeous (Lyric Video).m4a
2025-10-18T17:56:47 ffmpeg/mov,mp4,m4a,3gp,3g2,mj2: stream 0, timescale not set
2025-10-18T17:56:47 update: added /Imagine Dragons - Fallen.m4a
2025-10-18T17:56:47 ffmpeg/mov,mp4,m4a,3gp,3g2,mj2: stream 0, timescale not set
2025-10-18T17:56:47 update: added /James Blunt - California -Official Lyric Video-.m4a
2025-10-18T17:56:47 ffmpeg/mov,mp4,m4a,3gp,3g2,mj2: stream 0, timescale not set
2025-10-18T17:56:47 update: added /The Kooks - All The Time.m4a
2025-10-18T17:56:47 ffmpeg/mov,mp4,m4a,3gp,3g2,mj2: stream 0, timescale not set
2025-10-18T17:56:47 update: added /Expectations.m4a
2025-10-18T17:56:47 ffmpeg/mov,mp4,m4a,3gp,3g2,mj2: stream 0, timescale not set
2025-10-18T17:56:47 update: added /Kill Our Way to Heaven.m4a
2025-10-18T17:56:47 ffmpeg/mov,mp4,m4a,3gp,3g2,mj2: stream 0, timescale not set
2025-10-18T17:56:47 update: added /Warriors 2014 Worlds Anthem _ Riot Games Collaboration with Imagine Dragons.m4a
2025-10-18T17:56:47 ffmpeg/mov,mp4,m4a,3gp,3g2,mj2: stream 0, timescale not set
2025-10-18T17:56:47 update: added /Two Feet - Hurt People (feat. Madison Love) (Español).m4a
2025-10-18T17:56:47 update: added /Aleman & Snow Tha Product - Te Va a Gustar (Video Oficial).mp3
2025-10-18T17:56:47 ffmpeg/mov,mp4,m4a,3gp,3g2,mj2: stream 0, timescale not set
2025-10-18T17:56:47 update: added /Perfume De Gardenias.m4a
2025-10-18T17:56:47 ffmpeg/mov,mp4,m4a,3gp,3g2,mj2: stream 0, timescale not set
2025-10-18T17:56:47 update: added /Sufjan Stevens - Mystery of Love (From 'Call Me By Your Name' Soundtrack).m4a
2025-10-18T17:56:47 ffmpeg/mov,mp4,m4a,3gp,3g2,mj2: stream 0, timescale not set
2025-10-18T17:56:47 update: added /James Arthur - Can I Be Him.m4a
2025-10-18T17:56:47 ffmpeg/mov,mp4,m4a,3gp,3g2,mj2: stream 0, timescale not set
2025-10-18T17:56:47 update: added /my strange addiction.m4a
2025-10-18T17:56:47 ffmpeg/mov,mp4,m4a,3gp,3g2,mj2: stream 0, timescale not set
2025-10-18T17:56:47 update: added /Crawling (Official Video) - Linkin Park.m4a
2025-10-18T17:56:47 ffmpeg/mov,mp4,m4a,3gp,3g2,mj2: stream 0, timescale not set
2025-10-18T17:56:47 update: added /Letting In.m4a
2025-10-18T17:56:47 ffmpeg/mov,mp4,m4a,3gp,3g2,mj2: stream 0, timescale not set
2025-10-18T17:56:47 update: added /Apocalypse - Cigarettes After Sex.m4a
2025-10-18T17:56:47 ffmpeg/mov,mp4,m4a,3gp,3g2,mj2: stream 0, timescale not set
2025-10-18T17:56:47 update: added /Asleep.m4a
2025-10-18T17:56:47 ffmpeg/mov,mp4,m4a,3gp,3g2,mj2: stream 0, timescale not set
2025-10-18T17:56:47 update: added /Vance Joy - 'Riptide' Official Video.m4a
2025-10-18T17:56:47 ffmpeg/mov,mp4,m4a,3gp,3g2,mj2: stream 0, timescale not set
2025-10-18T17:56:47 update: added /Taylor Swift - You're Not Sorry (Music Video)_low.m4a
2025-10-18T17:56:47 ffmpeg/mov,mp4,m4a,3gp,3g2,mj2: stream 0, timescale not set
2025-10-18T17:56:47 update: added /TELEBIT - Ciegos Corazones (Video Oficial).m4a
2025-10-18T17:56:47 update: added /3AM - Luna (Letra).mp3
2025-10-18T17:56:47 ffmpeg/mov,mp4,m4a,3gp,3g2,mj2: stream 0, timescale not set
2025-10-18T17:56:47 update: added /Taylor Swift- I don't wanna live forever.m4a
2025-10-18T17:56:47 ffmpeg/mov,mp4,m4a,3gp,3g2,mj2: stream 0, timescale not set
2025-10-18T17:56:47 update: added /Russ - My Baby (Ruby Rose).m4a
2025-10-18T17:56:47 update: added /Julion Alvarez- Te hubieras ido antes.mp3
2025-10-18T17:56:47 update: added /Bohnes - Middle Finger_256k.mp3
2025-10-18T17:56:47 ffmpeg/mov,mp4,m4a,3gp,3g2,mj2: stream 0, timescale not set
2025-10-18T17:56:47 update: added /TALLEST MAN ON EARTH -- the dreamer.m4a
2025-10-18T17:56:47 ffmpeg/mov,mp4,m4a,3gp,3g2,mj2: stream 0, timescale not set
2025-10-18T17:56:47 update: added /Billie Eilish - hostage (Audio).m4a
2025-10-18T17:56:47 update: added /Nanpa Básico - No Es Mía (Video Oficial).mp3
2025-10-18T17:56:47 update: added /Daddy Yankee x Bad Bunny - X Última Vez (Official Video).mp3
2025-10-18T17:56:47 ffmpeg/mov,mp4,m4a,3gp,3g2,mj2: stream 0, timescale not set
2025-10-18T17:56:47 update: added /Jason Mraz - I'm Yours -Official Music Video-.m4a
2025-10-18T17:56:47 ffmpeg/mov,mp4,m4a,3gp,3g2,mj2: stream 0, timescale not set
2025-10-18T17:56:47 update: added /Tyler The Creator - Yonkers.m4a
2025-10-18T17:56:47 ffmpeg/mov,mp4,m4a,3gp,3g2,mj2: stream 0, timescale not set
2025-10-18T17:56:47 update: added /Start Over.m4a
2025-10-18T17:56:47 update: added /Gata Fiera - Trebol Clan Ft. Héctor 'El Father', Joan.m4a
2025-10-18T17:56:47 ffmpeg/mov,mp4,m4a,3gp,3g2,mj2: stream 0, timescale not set
2025-10-18T17:56:47 update: added /Imagine Dragons - Walking The Wire (Audio).m4a
2025-10-18T17:56:47 ffmpeg/mp3: Estimating duration from bitrate, this may be inaccurate
2025-10-18T17:56:47 update: added /Selena Gomez - Kill Em With Kindness.m4a
2025-10-18T17:56:47 update: added /The Score - The Fear (Audio)_256k.mp3
2025-10-18T17:56:47 ffmpeg/mov,mp4,m4a,3gp,3g2,mj2: stream 0, timescale not set
2025-10-18T17:56:47 update: added /Don Omar - Danza Kuduro (Lyrics) ft. Lucenzo.m4a
2025-10-18T17:56:47 ffmpeg/mov,mp4,m4a,3gp,3g2,mj2: stream 0, timescale not set
2025-10-18T17:56:47 update: added /Jeremy Zucker - all the kids are depressed (Audio).m4a
2025-10-18T17:56:47 update: added /The Neighbourhood - Say My Name - Cry Me A River.m4a
2025-10-18T17:56:47 update: added /ZAYDE WOLF - RULE THE WORLD (Official Audio)_256k.mp3
2025-10-18T17:56:47 update: added /Taylor Swift Dear John Audio.mp3
2025-10-18T17:56:47 update: added /Siddhartha - Domingo (Video Oficial) HD.mp3
2025-10-18T17:56:47 ffmpeg/mov,mp4,m4a,3gp,3g2,mj2: stream 0, timescale not set
2025-10-18T17:56:47 update: added /Yes I'm Changing.m4a
2025-10-18T17:56:47 update: added /ColBreakz - Gameboy.m4a
2025-10-18T17:56:47 update: added /Bruno Mars - When I was your man.mp3
2025-10-18T17:56:47 ffmpeg/mov,mp4,m4a,3gp,3g2,mj2: stream 0, timescale not set
2025-10-18T17:56:47 update: added /Canserbero - Tripolar.m4a
2025-10-18T17:56:47 ffmpeg/mov,mp4,m4a,3gp,3g2,mj2: stream 0, timescale not set
2025-10-18T17:56:47 update: added /Intoxicados - 03 Nunca Quise (Otro día en el planeta Tierra).m4a
2025-10-18T17:56:47 update: added /BLESSD ❌ OVY ON THE DRUMS - MÍRAME 💜👀 (VIDEO OFICIAL).m4a
2025-10-18T17:56:47 ffmpeg/mov,mp4,m4a,3gp,3g2,mj2: stream 0, timescale not set
2025-10-18T17:56:47 update: added /We Never Change.m4a
2025-10-18T17:56:47 ffmpeg/mov,mp4,m4a,3gp,3g2,mj2: stream 0, timescale not set
2025-10-18T17:56:47 update: added /Melanie Martinez - Training Wheels (Official Audio).m4a
2025-10-18T17:56:47 update: added /DNCE - Cake By The Ocean.mp3
2025-10-18T17:56:47 update: added /San Cisco - Fred Astaire.m4a
2025-10-18T17:56:47 ffmpeg/mov,mp4,m4a,3gp,3g2,mj2: stream 0, timescale not set
2025-10-18T17:56:47 update: added /Lasso - Te Veo (Letra-Lyrics).m4a
2025-10-18T17:56:47 ffmpeg/mov,mp4,m4a,3gp,3g2,mj2: stream 0, timescale not set
2025-10-18T17:56:47 update: added /Polaroid.m4a
2025-10-18T17:56:47 ffmpeg/mov,mp4,m4a,3gp,3g2,mj2: stream 0, timescale not set
2025-10-18T17:56:47 update: added /Grupo Firme -  Lenin Ramírez - En Tu Perra Vida  (Video Oficial).m4a
2025-10-18T17:56:47 ffmpeg/mov,mp4,m4a,3gp,3g2,mj2: stream 0, timescale not set
2025-10-18T17:56:47 update: added /MESITA - NO SOY YO.m4a
2025-10-18T17:56:47 update: added /Monsters With Tiny Mustaches - Freedom (Different Heaven Remix).m4a
2025-10-18T17:56:47 ffmpeg/mov,mp4,m4a,3gp,3g2,mj2: stream 0, timescale not set
2025-10-18T17:56:47 update: added /Bleeding Out.m4a
2025-10-18T17:56:47 ffmpeg/mov,mp4,m4a,3gp,3g2,mj2: stream 0, timescale not set
2025-10-18T17:56:47 update: added /Trouble - Imagine Dragons (Audio).m4a
2025-10-18T17:56:47 ffmpeg/mov,mp4,m4a,3gp,3g2,mj2: stream 0, timescale not set
2025-10-18T17:56:47 update: added /Come and Get Your Love.m4a
2025-10-18T17:56:47 ffmpeg/mov,mp4,m4a,3gp,3g2,mj2: stream 0, timescale not set
2025-10-18T17:56:47 update: added /No Quise - Jósean Log.m4a
2025-10-18T17:56:47 ffmpeg/mov,mp4,m4a,3gp,3g2,mj2: stream 0, timescale not set
2025-10-18T17:56:47 update: added /Radiohead – Go Slowly.m4a
2025-10-18T17:56:47 ffmpeg/mov,mp4,m4a,3gp,3g2,mj2: stream 0, timescale not set
2025-10-18T17:56:47 update: added /El Cuarteto de Nos - Punta Cana (Official Video).m4a
2025-10-18T17:56:47 update: added /Eso Y Mas_HD.m4a
2025-10-18T17:56:47 ffmpeg/mov,mp4,m4a,3gp,3g2,mj2: stream 0, timescale not set
2025-10-18T17:56:47 update: added /Crecer German Lo Que Te Amo  Video Oficial 2016.m4a
2025-10-18T17:56:47 ffmpeg/mov,mp4,m4a,3gp,3g2,mj2: stream 0, timescale not set
2025-10-18T17:56:47 update: added /Na - Canserbero (Letra).m4a
2025-10-18T17:56:47 ffmpeg/mov,mp4,m4a,3gp,3g2,mj2: stream 0, timescale not set
2025-10-18T17:56:47 update: added /Kansas - Dust in the Wind (Official Video).m4a
2025-10-18T17:56:47 ffmpeg/mov,mp4,m4a,3gp,3g2,mj2: stream 0, timescale not set
2025-10-18T17:56:47 update: added /Residente - Desencuentro (Official Video) ft. Soko.m4a
2025-10-18T17:56:47 ffmpeg/mov,mp4,m4a,3gp,3g2,mj2: stream 0, timescale not set
2025-10-18T17:56:47 update: added /Blackbear - Deadroses (Español).m4a
2025-10-18T17:56:47 ffmpeg/mov,mp4,m4a,3gp,3g2,mj2: stream 0, timescale not set
2025-10-18T17:56:47 update: added /No te Apures (Remix) Caliajah Ft. Nanpa Básico.m4a
2025-10-18T17:56:47 ffmpeg/mov,mp4,m4a,3gp,3g2,mj2: stream 0, timescale not set
2025-10-18T17:56:47 update: added /Bazzi - Star (Sub. Español).m4a
2025-10-18T17:56:47 ffmpeg/mov,mp4,m4a,3gp,3g2,mj2: stream 0, timescale not set
2025-10-18T17:56:47 update: added /Odisseo Días de Fuego (video con letra).m4a
2025-10-18T17:56:47 ffmpeg/mov,mp4,m4a,3gp,3g2,mj2: stream 0, timescale not set
2025-10-18T17:56:47 update: added /Barro tal vez (Luis Alberto Spinetta)- Cande Buasso-Paulo Carrizo.m4a
2025-10-18T17:56:47 update: added /Me Gustas Natural.mp3
2025-10-18T17:56:47 ffmpeg/mov,mp4,m4a,3gp,3g2,mj2: stream 0, timescale not set
2025-10-18T17:56:47 update: added /No You Girls.m4a
2025-10-18T17:56:47 update: added /Los Pericos-Pupilas lejanas.m4a
2025-10-18T17:56:47 ffmpeg/mov,mp4,m4a,3gp,3g2,mj2: stream 0, timescale not set
2025-10-18T17:56:47 update: added /Giant Rooks - New Estate.m4a
2025-10-18T17:56:47 ffmpeg/mov,mp4,m4a,3gp,3g2,mj2: stream 0, timescale not set
2025-10-18T17:56:47 update: added /Siddhartha - El poema y la caja (Audio Oficial).m4a
2025-10-18T17:56:47 ffmpeg/mov,mp4,m4a,3gp,3g2,mj2: stream 0, timescale not set
2025-10-18T17:56:47 update: added /Queen - Another One Bites the Dust (Official Video).m4a
2025-10-18T17:56:47 ffmpeg/mov,mp4,m4a,3gp,3g2,mj2: stream 0, timescale not set
2025-10-18T17:56:47 update: added /Foster The People - Imagination (Official Audio).m4a
2025-10-18T17:56:47 update: added /And That - Somewhere (Official Music Video).m4a
2025-10-18T17:56:47 ffmpeg/mov,mp4,m4a,3gp,3g2,mj2: stream 0, timescale not set
2025-10-18T17:56:47 update: added /Imagine Dragons - Levitate (Audio).m4a
2025-10-18T17:56:47 update: added /Yami Safdie, Micro TDH, Rusherking - De Nada (Remix) - [Video Oficial].mp3
2025-10-18T17:56:47 ffmpeg/mov,mp4,m4a,3gp,3g2,mj2: stream 0, timescale not set
2025-10-18T17:56:47 update: added /Flaca - Nanpa Basico.m4a
2025-10-18T17:56:47 ffmpeg/mov,mp4,m4a,3gp,3g2,mj2: stream 0, timescale not set
2025-10-18T17:56:47 update: added /Natti Natasha Ft. Ozuna - Criminal.m4a
2025-10-18T17:56:47 ffmpeg/mov,mp4,m4a,3gp,3g2,mj2: stream 0, timescale not set
2025-10-18T17:56:47 update: added /Red Hot Chili Peppers - Snow (Hey Oh) (Official Music Video).m4a
2025-10-18T17:56:47 ffmpeg/mov,mp4,m4a,3gp,3g2,mj2: stream 0, timescale not set
2025-10-18T17:56:47 update: added /Canserbero - Vida -Vida-.m4a
2025-10-18T17:56:47 ffmpeg/mov,mp4,m4a,3gp,3g2,mj2: stream 0, timescale not set
2025-10-18T17:56:47 update: added /Russ - ALL TO YOU (Official Audio) ft. Kiana Ledé.m4a
2025-10-18T17:56:47 ffmpeg/mov,mp4,m4a,3gp,3g2,mj2: stream 0, timescale not set
2025-10-18T17:56:47 update: added /Young Folks.m4a
2025-10-18T17:56:47 ffmpeg/mov,mp4,m4a,3gp,3g2,mj2: stream 0, timescale not set
2025-10-18T17:56:47 update: added /Love.m4a
2025-10-18T17:56:47 ffmpeg/mov,mp4,m4a,3gp,3g2,mj2: stream 0, timescale not set
2025-10-18T17:56:47 update: added /twenty one pilots- Goner (Audio).m4a
2025-10-18T17:56:47 ffmpeg/mov,mp4,m4a,3gp,3g2,mj2: stream 0, timescale not set
2025-10-18T17:56:47 update: added /Imagine Dragons - Tokyo (Audio).m4a
2025-10-18T17:56:47 ffmpeg/mov,mp4,m4a,3gp,3g2,mj2: stream 0, timescale not set
2025-10-18T17:56:47 update: added /Pepe Aguilar - Miedo De Sentirme Solo.m4a
2025-10-18T17:56:47 ffmpeg/mov,mp4,m4a,3gp,3g2,mj2: stream 0, timescale not set
2025-10-18T17:56:47 update: added /Mutemath - Typical (Video).m4a
2025-10-18T17:56:47 ffmpeg/mov,mp4,m4a,3gp,3g2,mj2: stream 0, timescale not set
2025-10-18T17:56:47 update: added /Charlie Puth - Done For Me (feat. Kehlani) -Official Lyric Video-.m4a
2025-10-18T17:56:47 ffmpeg/mov,mp4,m4a,3gp,3g2,mj2: stream 0, timescale not set
2025-10-18T17:56:47 update: added /Little Jesus - Azul ( Video con Letra ).m4a
2025-10-18T17:56:47 ffmpeg/mov,mp4,m4a,3gp,3g2,mj2: stream 0, timescale not set
2025-10-18T17:56:47 update: added /Soda.m4a
2025-10-18T17:56:47 ffmpeg/mov,mp4,m4a,3gp,3g2,mj2: stream 0, timescale not set
2025-10-18T17:56:47 update: added /Carla Morrison - Todo pasa (letra).m4a
2025-10-18T17:56:47 ffmpeg/mov,mp4,m4a,3gp,3g2,mj2: stream 0, timescale not set
2025-10-18T17:56:47 update: added /Zafar - La Vela Puerca.m4a
2025-10-18T17:56:47 update: added /Logic & Rag'n'Bone Man - Broken People (from Bright- The Album) [Official Lyric .mp3
2025-10-18T17:56:47 ffmpeg/mov,mp4,m4a,3gp,3g2,mj2: stream 0, timescale not set
2025-10-18T17:56:47 update: added /LP - Lost On You [Audio].m4a
2025-10-18T17:56:47 update: added /Agosto - Bad bunny.mp3
2025-10-18T17:56:47 ffmpeg/mov,mp4,m4a,3gp,3g2,mj2: stream 0, timescale not set
2025-10-18T17:56:47 update: added /Trueno - TRANKY FUNKY (Official Video).m4a
2025-10-18T17:56:47 ffmpeg/mov,mp4,m4a,3gp,3g2,mj2: stream 0, timescale not set
2025-10-18T17:56:47 update: added /Por Fumar - Fyahbwoy A.k.a El Chico De Fuego.m4a
2025-10-18T17:56:47 ffmpeg/mov,mp4,m4a,3gp,3g2,mj2: stream 0, timescale not set
2025-10-18T17:56:47 update: added /Interpol - Evil (HD).m4a
2025-10-18T17:56:47 update: added /TSLAMP.mp3
2025-10-18T17:56:47 ffmpeg/sami: Format sami detected only with low score of 1, misdetection possible!
2025-10-18T17:56:47 update: added /Micro TDH - Volver (@TweetCancion).mp3
2025-10-18T17:56:47 ffmpeg/mov,mp4,m4a,3gp,3g2,mj2: stream 0, timescale not set
2025-10-18T17:56:47 update: added /Bazzi - Myself (Sub. Español).m4a
2025-10-18T17:56:47 update: added /The Score - Comeback (Audio)_256k.mp3
2025-10-18T17:56:47 ffmpeg/mov,mp4,m4a,3gp,3g2,mj2: stream 0, timescale not set
2025-10-18T17:56:47 update: added /Torreblanca - Roma.m4a
2025-10-18T17:56:47 ffmpeg/mov,mp4,m4a,3gp,3g2,mj2: stream 0, timescale not set
2025-10-18T17:56:47 update: added /In The End (Official Video) - Linkin Park.m4a
2025-10-18T17:56:47 ffmpeg/mov,mp4,m4a,3gp,3g2,mj2: stream 0, timescale not set
2025-10-18T17:56:47 update: added /Canserbero - Maquiavélico (VIDEO OFICIAL).m4a
2025-10-18T17:56:47 ffmpeg/mov,mp4,m4a,3gp,3g2,mj2: stream 0, timescale not set
2025-10-18T17:56:47 update: added /The Neighbourhood - Sweater Weather.m4a
2025-10-18T17:56:47 ffmpeg/mov,mp4,m4a,3gp,3g2,mj2: stream 0, timescale not set
2025-10-18T17:56:47 update: added /Tove Lo - Habits (Stay High).m4a
2025-10-18T17:56:48 ffmpeg/mov,mp4,m4a,3gp,3g2,mj2: stream 0, timescale not set
2025-10-18T17:56:48 update: added /Taylor Swift- Style.m4a
2025-10-18T17:56:48 update: added /Born for this • The Score _ Letra en español - inglés_256k.mp3
2025-10-18T17:56:48 update: added /The Score - Revolution (Official Audio)_256k.mp3
2025-10-18T17:56:48 ffmpeg/mov,mp4,m4a,3gp,3g2,mj2: stream 0, timescale not set
2025-10-18T17:56:48 update: added /BLANKO X YUBEILI - Mientes Tan Bien Remix (Official Music Video).m4a
2025-10-18T17:56:48 ffmpeg/mov,mp4,m4a,3gp,3g2,mj2: stream 0, timescale not set
2025-10-18T17:56:48 update: added /She.m4a
2025-10-18T17:56:48 ffmpeg/mov,mp4,m4a,3gp,3g2,mj2: stream 0, timescale not set
2025-10-18T17:56:48 update: added /Tiptoe.m4a
2025-10-18T17:56:48 ffmpeg/mov,mp4,m4a,3gp,3g2,mj2: stream 0, timescale not set
2025-10-18T17:56:48 update: added /Interstellar Main Theme - Extra Extended - Soundtrack by  Hans Zimmer.m4a
2025-10-18T17:56:48 ffmpeg/mov,mp4,m4a,3gp,3g2,mj2: stream 0, timescale not set
2025-10-18T17:56:48 update: added /FKJ - So Much to Me.m4a
2025-10-18T17:56:48 ffmpeg/mov,mp4,m4a,3gp,3g2,mj2: stream 0, timescale not set
2025-10-18T17:56:48 update: added /Bad Liar.m4a
2025-10-18T17:56:48 ffmpeg/mov,mp4,m4a,3gp,3g2,mj2: stream 0, timescale not set
2025-10-18T17:56:48 update: added /Jaymes Young - Habits Of My Heart _ Sub Español.m4a
2025-10-18T17:56:48 update: added /The Score - Higher (Official Audio)_256k.mp3
2025-10-18T17:56:48 update: added /Mala Fama.mp3
2025-10-18T17:56:48 ffmpeg/mov,mp4,m4a,3gp,3g2,mj2: stream 0, timescale not set
2025-10-18T17:56:48 update: added /The strokes - someday subtitulado en español & lyrics.m4a
2025-10-18T17:56:48 ffmpeg/mov,mp4,m4a,3gp,3g2,mj2: stream 0, timescale not set
2025-10-18T17:56:48 update: added /Ed Sheeran - Shape Of You -Official Lyric Video-.m4a
2025-10-18T17:56:48 ffmpeg/mov,mp4,m4a,3gp,3g2,mj2: stream 0, timescale not set
2025-10-18T17:56:48 update: added /Una Lady Como Tú - MTZ Manuel Turizo _ Video Oficial.m4a
2025-10-18T17:56:48 ffmpeg/mov,mp4,m4a,3gp,3g2,mj2: stream 0, timescale not set
2025-10-18T17:56:48 update: added /Roderick Porter - ghost (ft. Ivri) [prod. ocean].m4a
2025-10-18T17:56:48 update: added /AJR - BANG! (Official Video).mp3
2025-10-18T17:56:48 update: added /WOS - CONTANDO OVEJAS (Concept Video).mp3
2025-10-18T17:56:48 ffmpeg/mov,mp4,m4a,3gp,3g2,mj2: stream 0, timescale not set
2025-10-18T17:56:48 update: added /Halsey, Alanis Morissette - Alanis' Interlude (Visualizer).m4a
2025-10-18T17:56:48 ffmpeg/mov,mp4,m4a,3gp,3g2,mj2: stream 0, timescale not set
2025-10-18T17:56:48 update: added /Queen - I Want To Break Free (Official Video).m4a
2025-10-18T17:56:48 ffmpeg/mov,mp4,m4a,3gp,3g2,mj2: stream 0, timescale not set
2025-10-18T17:56:48 update: added /Maria Becerra - Dime Como Hago (Official Audio).m4a
2025-10-18T17:56:48 ffmpeg/mov,mp4,m4a,3gp,3g2,mj2: stream 0, timescale not set
2025-10-18T17:56:48 update: added /Summer's Gone (feat. Thutmose).m4a
2025-10-18T17:56:48 update: added /Joji - Normal People (ft. rei brown) (Official Audio).mp3
2025-10-18T17:56:48 ffmpeg/mov,mp4,m4a,3gp,3g2,mj2: stream 0, timescale not set
2025-10-18T17:56:48 update: added /Borralo - Lil Supa (Buena Calidad).m4a
2025-10-18T17:56:48 update: added /WOS - FRESCO.mp3
2025-10-18T17:56:48 ffmpeg/mov,mp4,m4a,3gp,3g2,mj2: stream 0, timescale not set
2025-10-18T17:56:48 update: added /Julianno Sosa -Cochinae X King Savagge (Video official).m4a
2025-10-18T17:56:48 ffmpeg/mov,mp4,m4a,3gp,3g2,mj2: stream 0, timescale not set
2025-10-18T17:56:48 update: added /Eminem - The Real Slim Shady (Edited).m4a
2025-10-18T17:56:48 ffmpeg/mov,mp4,m4a,3gp,3g2,mj2: stream 0, timescale not set
2025-10-18T17:56:48 update: added /Shawn Mendes, Camila Cabello - Señorita (Lyric Video).m4a
2025-10-18T17:56:48 ffmpeg/mov,mp4,m4a,3gp,3g2,mj2: stream 0, timescale not set
2025-10-18T17:56:48 update: added /Stuck on the puzzle.m4a
2025-10-18T17:56:48 ffmpeg/mov,mp4,m4a,3gp,3g2,mj2: stream 0, timescale not set
2025-10-18T17:56:48 update: added /KOKO (video oficial VALIENTE ).m4a
2025-10-18T17:56:48 ffmpeg/mov,mp4,m4a,3gp,3g2,mj2: stream 0, timescale not set
2025-10-18T17:56:48 update: added /Jósean Log - Chachachá (Lyric Video).m4a
2025-10-18T17:56:48 ffmpeg/mov,mp4,m4a,3gp,3g2,mj2: stream 0, timescale not set
2025-10-18T17:56:48 update: added /Trueno - THE ROOF IS ON FIRE (Visualizer).m4a
2025-10-18T17:56:48 ffmpeg/mov,mp4,m4a,3gp,3g2,mj2: stream 0, timescale not set
2025-10-18T17:56:48 update: added /Tipling Rock - Campus Fashion [Official Audio].m4a
2025-10-18T17:56:48 ffmpeg/mov,mp4,m4a,3gp,3g2,mj2: stream 0, timescale not set
2025-10-18T17:56:48 update: added /Spag Heddy & Anna Yvette - Hide.m4a
2025-10-18T17:56:48 ffmpeg/mov,mp4,m4a,3gp,3g2,mj2: stream 0, timescale not set
2025-10-18T17:56:48 update: added /Sultan of Schwinn.m4a
2025-10-18T17:56:48 ffmpeg/mov,mp4,m4a,3gp,3g2,mj2: stream 0, timescale not set
2025-10-18T17:56:48 update: added /Jaymes Young - Stone _ Sub Español.m4a
2025-10-18T17:56:48 ffmpeg/mov,mp4,m4a,3gp,3g2,mj2: stream 0, timescale not set
2025-10-18T17:56:48 update: added /The Less I Know The Better.m4a
2025-10-18T17:56:48 ffmpeg/mov,mp4,m4a,3gp,3g2,mj2: stream 0, timescale not set
2025-10-18T17:56:48 update: added /Bazzi - Fantasy [Official Audio].m4a
2025-10-18T17:56:48 ffmpeg/mov,mp4,m4a,3gp,3g2,mj2: stream 0, timescale not set
2025-10-18T17:56:48 update: added /The Neighbourhood - Middle of Somewhere.m4a
2025-10-18T17:56:48 ffmpeg/mov,mp4,m4a,3gp,3g2,mj2: stream 0, timescale not set
2025-10-18T17:56:48 update: added /twenty one pilots - Smithereens (Official Audio).m4a
2025-10-18T17:56:48 ffmpeg/mov,mp4,m4a,3gp,3g2,mj2: stream 0, timescale not set
2025-10-18T17:56:48 update: added /Seafret - Oceans (Traducida al Español).m4a
2025-10-18T17:56:48 update: added /Imagine Dragons - Continual (Official Lyric Video) ft. Cory Henry.mp3
2025-10-18T17:56:48 ffmpeg/mov,mp4,m4a,3gp,3g2,mj2: stream 0, timescale not set
2025-10-18T17:56:48 update: added /OMFG - Hello.m4a
2025-10-18T17:56:48 update: added /The Score - Never Going Back (Official Audio)_256k.mp3
2025-10-18T17:56:48 ffmpeg/mov,mp4,m4a,3gp,3g2,mj2: stream 0, timescale not set
2025-10-18T17:56:48 update: added /-Electro Swing- Jazzotron - Let's Go - Jamie Berry Remix - feat. Sofija Knezevic.m4a
2025-10-18T17:56:48 ffmpeg/mov,mp4,m4a,3gp,3g2,mj2: stream 0, timescale not set
2025-10-18T17:56:48 update: added /Halsey - Nightmare.m4a
2025-10-18T17:56:48 ffmpeg/mov,mp4,m4a,3gp,3g2,mj2: stream 0, timescale not set
2025-10-18T17:56:48 update: added /Interpol - Everything Is Wrong.m4a
2025-10-18T17:56:48 ffmpeg/mov,mp4,m4a,3gp,3g2,mj2: stream 0, timescale not set
2025-10-18T17:56:48 update: added /Bruno Mars - That’s What I Like -Official Video-.m4a
2025-10-18T17:56:48 ffmpeg/mov,mp4,m4a,3gp,3g2,mj2: stream 0, timescale not set
2025-10-18T17:56:48 update: added /The Neighbourhood - Nervous (Audio).m4a
2025-10-18T17:56:48 ffmpeg/mov,mp4,m4a,3gp,3g2,mj2: stream 0, timescale not set
2025-10-18T17:56:48 update: added /Lady Antebellum - Need You Now.m4a
2025-10-18T17:56:48 ffmpeg/mov,mp4,m4a,3gp,3g2,mj2: stream 0, timescale not set
2025-10-18T17:56:48 update: added /Hablame De Ti.m4a
2025-10-18T17:56:48 ffmpeg/mov,mp4,m4a,3gp,3g2,mj2: stream 0, timescale not set
2025-10-18T17:56:48 update: added /Billie Eilish - bury a friend (Audio).m4a
2025-10-18T17:56:48 ffmpeg/mov,mp4,m4a,3gp,3g2,mj2: stream 0, timescale not set
2025-10-18T17:56:48 update: added /A Great Big World - Hold Each Other (Lyric Video) ft. Futuristic.m4a
2025-10-18T17:56:48 ffmpeg/mov,mp4,m4a,3gp,3g2,mj2: stream 0, timescale not set
2025-10-18T17:56:48 update: added /Billie Eilish - Six Feet Under.m4a
2025-10-18T17:56:48 update: added /RVFV - Mi Luz ft. Rels B.mp3
2025-10-18T17:56:48 ffmpeg/mov,mp4,m4a,3gp,3g2,mj2: stream 0, timescale not set
2025-10-18T17:56:48 update: added /Radiohead - High & Dry.m4a
2025-10-18T17:56:48 ffmpeg/mov,mp4,m4a,3gp,3g2,mj2: stream 0, timescale not set
2025-10-18T17:56:48 update: added /I’m So Sorry(1).m4a
2025-10-18T17:56:48 update: added /Cazzu, Justin Quiles - Dime Dónde.mp3
2025-10-18T17:56:48 ffmpeg/mov,mp4,m4a,3gp,3g2,mj2: stream 0, timescale not set
2025-10-18T17:56:48 update: added /FKJ - Instant Need.m4a
2025-10-18T17:56:48 update: added /Tiago PZK, LIT killah, Maria Becerra, Nicki Nicole - Entre Nosotros REMIX (Video.mp3
2025-10-18T17:56:48 ffmpeg/mov,mp4,m4a,3gp,3g2,mj2: stream 0, timescale not set
2025-10-18T17:56:48 update: added /Maria Becerra - Dejemos Que Pase (Video Oficial).m4a
2025-10-18T17:56:48 update: added /Bad Bunny - Yo No Soy Celoso (Audio).mp3
2025-10-18T17:56:48 update: added /DANI __ BZRP Music Sessions @24.mp3
2025-10-18T17:56:48 ffmpeg/mov,mp4,m4a,3gp,3g2,mj2: stream 0, timescale not set
2025-10-18T17:56:48 update: added /Se Preparo.m4a
2025-10-18T17:56:48 ffmpeg/mov,mp4,m4a,3gp,3g2,mj2: stream 0, timescale not set
2025-10-18T17:56:48 update: added /Imagine Dragons - Drive (Audio).m4a
2025-10-18T17:56:48 ffmpeg/mov,mp4,m4a,3gp,3g2,mj2: stream 0, timescale not set
2025-10-18T17:56:48 update: added /Queens Of The Stone Age - No One Knows.m4a
2025-10-18T17:56:48 ffmpeg/mov,mp4,m4a,3gp,3g2,mj2: stream 0, timescale not set
2025-10-18T17:56:48 update: added /Lázaro Cristóbal Comala (con Axel Catalán) - Cuando te hagan mierda.m4a
2025-10-18T17:56:48 ffmpeg/mov,mp4,m4a,3gp,3g2,mj2: stream 0, timescale not set
2025-10-18T17:56:48 update: added /Salió El Sol (Remastered 2016).m4a
2025-10-18T17:56:48 ffmpeg/mov,mp4,m4a,3gp,3g2,mj2: stream 0, timescale not set
2025-10-18T17:56:48 update: added /Oasis - Stop Crying Your Heart Out.m4a
2025-10-18T17:56:48 ffmpeg/mov,mp4,m4a,3gp,3g2,mj2: stream 0, timescale not set
2025-10-18T17:56:48 update: added /Emilia - Exclusive.mp3 (Visualizer).m4a
2025-10-18T17:56:48 update: added /James Arthur - Beat The Bullies (Live).m4a
2025-10-18T17:56:48 update: added /WOS ft CA7RIEL - NIÑO GORDO FLACO (Concept Video).mp3
2025-10-18T17:56:48 ffmpeg/mov,mp4,m4a,3gp,3g2,mj2: stream 0, timescale not set
2025-10-18T17:56:48 update: added /Vázquez Sounds - Volverte a Ver ft. Marcos Menchaca (Video Oficial).m4a
2025-10-18T17:56:48 update: added /The Score - Victorious (Official Lyric Video)_256k.mp3
2025-10-18T17:56:48 ffmpeg/mov,mp4,m4a,3gp,3g2,mj2: stream 0, timescale not set
2025-10-18T17:56:48 update: added /James Blunt - Into The Dark (Sub Español).m4a
2025-10-18T17:56:48 ffmpeg/mov,mp4,m4a,3gp,3g2,mj2: stream 0, timescale not set
2025-10-18T17:56:48 update: added /Little Jesus - Los Años Maravillosos.m4a
2025-10-18T17:56:48 ffmpeg/mov,mp4,m4a,3gp,3g2,mj2: stream 0, timescale not set
2025-10-18T17:56:48 update: added /Lana Del Rey - Summertime Sadness.m4a
2025-10-18T17:56:48 ffmpeg/mov,mp4,m4a,3gp,3g2,mj2: stream 0, timescale not set
2025-10-18T17:56:48 update: added /Bad Bunny - UN PREVIEW (Letra).m4a
2025-10-18T17:56:48 ffmpeg/mov,mp4,m4a,3gp,3g2,mj2: stream 0, timescale not set
2025-10-18T17:56:48 update: added /Oasis - Half The World Away (Official Lyric Video).m4a
2025-10-18T17:56:48 update: added /NUEVO VS CLÁSICO _ ZARCORT, PORTA, PITER-G _ ULTIMA PARTE DEL ESPECIAL.m4a
2025-10-18T17:56:48 ffmpeg/mov,mp4,m4a,3gp,3g2,mj2: stream 0, timescale not set
2025-10-18T17:56:48 update: added /Calibre 50 - Si Te Pudiera Mentir (LETRA).m4a
2025-10-18T17:56:48 ffmpeg/mov,mp4,m4a,3gp,3g2,mj2: stream 0, timescale not set
2025-10-18T17:56:48 update: added /Twenty One Pilots- Cancer.m4a
2025-10-18T17:56:48 ffmpeg/sami: Format sami detected only with low score of 1, misdetection possible!
2025-10-18T17:56:48 update: added /Trueno - FUCK EL POLICE.mp3
2025-10-18T17:56:48 update: added /Bad Bunny - Un Ratito (360° Visualizer) _ Un Verano Sin Ti.mp3
2025-10-18T17:56:48 update: added /Calibre 50 - Siempre te voy a querer (Letra) (Lyrics).mp3
2025-10-18T17:56:48 ffmpeg/mov,mp4,m4a,3gp,3g2,mj2: stream 0, timescale not set
2025-10-18T17:56:48 update: added /Únicos.m4a
2025-10-18T17:56:48 ffmpeg/mov,mp4,m4a,3gp,3g2,mj2: stream 0, timescale not set
2025-10-18T17:56:48 update: added /OPUS - Live Is Life - Original Video 1985.m4a
2025-10-18T17:56:48 ffmpeg/mov,mp4,m4a,3gp,3g2,mj2: stream 0, timescale not set
2025-10-18T17:56:48 update: added /Mon Laferte- FLACO (Letra).m4a
2025-10-18T17:56:48 update: added /Mike Stud - These Days (starring- Marcus Stroman).mp3
2025-10-18T17:56:48 ffmpeg/mov,mp4,m4a,3gp,3g2,mj2: stream 0, timescale not set
2025-10-18T17:56:48 update: added /Bloodstream (Quartet Session).m4a
2025-10-18T17:56:48 ffmpeg/mov,mp4,m4a,3gp,3g2,mj2: Format mov,mp4,m4a,3gp,3g2,mj2 detected only with low score of 1, misdetection possible!
2025-10-18T17:56:48 ffmpeg/mov,mp4,m4a,3gp,3g2,mj2: moov atom not found
2025-10-18T17:56:48 ffmpeg/mov,mp4,m4a,3gp,3g2,mj2: stream 0, timescale not set
2025-10-18T17:56:48 update: added /Two Feet - Love Is A Bitch _ Sub Español.m4a
2025-10-18T17:56:48 ffmpeg/mov,mp4,m4a,3gp,3g2,mj2: stream 0, timescale not set
2025-10-18T17:56:48 update: added /Alan Walker - Alone.m4a
2025-10-18T17:56:48 ffmpeg/mov,mp4,m4a,3gp,3g2,mj2: stream 0, timescale not set
2025-10-18T17:56:48 update: added /RASPUTIN - Vladimir Putin - Love The Way You Move (Funk Overload) @slocband.m4a
2025-10-18T17:56:48 ffmpeg/mov,mp4,m4a,3gp,3g2,mj2: stream 0, timescale not set
2025-10-18T17:56:48 update: added /León Larregui - Rue Vieille Du Temple (Lyric Video).m4a
2025-10-18T17:56:48 ffmpeg/mov,mp4,m4a,3gp,3g2,mj2: stream 0, timescale not set
2025-10-18T17:56:48 update: added /Aaron - Lost Highway.m4a
2025-10-18T17:56:48 ffmpeg/mov,mp4,m4a,3gp,3g2,mj2: stream 0, timescale not set
2025-10-18T17:56:48 update: added /La Arrolladora Banda El Limón De René Camacho - El Final De Nuestra Historia.m4a
2025-10-18T17:56:48 ffmpeg/mov,mp4,m4a,3gp,3g2,mj2: stream 0, timescale not set
2025-10-18T17:56:48 update: added /Canserbero - Mundo De Piedra (Video Oficial).m4a
2025-10-18T17:56:48 update: added /Farruko - Pepas (Audio).mp3
2025-10-18T17:56:48 update: added /Ambitionz Az A Ridah.mp3
2025-10-18T17:56:48 update: added /Bad Bunny - Yonaguni (Video Oficial).mp3
2025-10-18T17:56:48 ffmpeg/mov,mp4,m4a,3gp,3g2,mj2: stream 0, timescale not set
2025-10-18T17:56:48 update: added /Charlie Puth - Marvin Gaye ft. Meghan Trainor -Official Video-.m4a
2025-10-18T17:56:48 update: added /Mientes tan bien.mp3
2025-10-18T17:56:48 update: added /Avril Lavigne - Let Me Go ft. Chad Kroeger.m4a
2025-10-18T17:56:48 update: added /Don Omar - 'Soy Yo' feat. Wisin & Gente De Zona.mp3
2025-10-18T17:56:48 ffmpeg/mov,mp4,m4a,3gp,3g2,mj2: stream 0, timescale not set
2025-10-18T17:56:48 update: added /Kygo, Imagine Dragons - Born To Be Yours.m4a
2025-10-18T17:56:48 ffmpeg/mov,mp4,m4a,3gp,3g2,mj2: stream 0, timescale not set
2025-10-18T17:56:48 update: added /I Belong To You --Mon Coeur S'Ouvre A Ta Voix-.m4a
2025-10-18T17:56:48 update: added /Imagine Dragons - Take It Easy (Official Lyric Video).mp3
2025-10-18T17:56:48 update: added /3AM - Si Caigo (Video Oficial) _ Flow City.mp3
2025-10-18T17:56:48 ffmpeg/mov,mp4,m4a,3gp,3g2,mj2: stream 0, timescale not set
2025-10-18T17:56:48 update: added /Guns N' Roses - Sweet Child O' Mine.m4a
2025-10-18T17:56:48 ffmpeg/mov,mp4,m4a,3gp,3g2,mj2: stream 0, timescale not set
2025-10-18T17:56:48 update: added /Soundgarden   Black Hole Sun With Lyrics.m4a
2025-10-18T17:56:48 update: added /Galantis- Pillow figth.m4a
2025-10-18T17:56:48 ffmpeg/mov,mp4,m4a,3gp,3g2,mj2: stream 0, timescale not set
2025-10-18T17:56:48 update: added /Put It On Me.m4a
2025-10-18T17:56:48 ffmpeg/mov,mp4,m4a,3gp,3g2,mj2: stream 0, timescale not set
2025-10-18T17:56:48 update: added /Run Away With Me - Carly Rae Jepsen (Traduccion en Español).m4a
2025-10-18T17:56:48 ffmpeg/mov,mp4,m4a,3gp,3g2,mj2: stream 0, timescale not set
2025-10-18T17:56:48 update: added /DareU.mp4
2025-10-18T17:56:48 ffmpeg/mov,mp4,m4a,3gp,3g2,mj2: stream 0, timescale not set
2025-10-18T17:56:48 update: added /FKJ - Leave My Home (Official Audio).m4a
2025-10-18T17:56:48 ffmpeg/mov,mp4,m4a,3gp,3g2,mj2: stream 0, timescale not set
2025-10-18T17:56:48 update: added /Bazzi - Beautiful (Sub. Español).m4a
2025-10-18T17:56:48 update: added /Eladio Carrión - Paz Mental (Video Oficial).mp3
2025-10-18T17:56:48 ffmpeg/mov,mp4,m4a,3gp,3g2,mj2: stream 0, timescale not set
2025-10-18T17:56:48 update: added /Plug In Baby.m4a
2025-10-18T17:56:48 ffmpeg/mov,mp4,m4a,3gp,3g2,mj2: stream 0, timescale not set
2025-10-18T17:56:48 update: added /06 - UNO POR ELLAS - APA Y CAN.m4a
2025-10-18T17:56:48 update: added /LIT killah - La Trampa es Ley (Official Video).mp3
2025-10-18T17:56:48 ffmpeg/mov,mp4,m4a,3gp,3g2,mj2: stream 0, timescale not set
2025-10-18T17:56:48 update: added /Billie Eilish, Vince Staples - &burn (Audio).m4a
2025-10-18T17:56:48 ffmpeg/mov,mp4,m4a,3gp,3g2,mj2: stream 0, timescale not set
2025-10-18T17:56:48 update: added /Martin Garrix & Bebe Rexha - In The Name Of Love (Official Audio).m4a
2025-10-18T17:56:48 ffmpeg/mov,mp4,m4a,3gp,3g2,mj2: stream 0, timescale not set
2025-10-18T17:56:48 update: added /Contento de Contento - Jósean Log.m4a
2025-10-18T17:56:48 update: added /Beware of Darkness - Dope (Official Video)_256k.mp3
2025-10-18T17:56:48 ffmpeg/mov,mp4,m4a,3gp,3g2,mj2: stream 0, timescale not set
2025-10-18T17:56:48 update: added /Azul.m4a
2025-10-18T17:56:48 update: added /Starlight.mp3
2025-10-18T17:56:48 ffmpeg/mov,mp4,m4a,3gp,3g2,mj2: stream 0, timescale not set
2025-10-18T17:56:48 update: added /Speak Now - Taylor Swift -Traducción al Español-_low.m4a
2025-10-18T17:56:48 update: added /Stand Up.mp3
2025-10-18T17:56:48 ffmpeg/mov,mp4,m4a,3gp,3g2,mj2: stream 0, timescale not set
2025-10-18T17:56:48 update: added /De Bruces A Mi - La Luna y El Mar.m4a
2025-10-18T17:56:48 update: added /Twenty One Pilots- Ride.m4a
2025-10-18T17:56:48 ffmpeg/mov,mp4,m4a,3gp,3g2,mj2: stream 0, timescale not set
2025-10-18T17:56:48 update: added /Billie Eilish - everything i wanted (Audio).m4a
2025-10-18T17:56:48 update: added /Emilia, Tiago PZK - Rápido Lento (Official Video)_256k.mp3
2025-10-18T17:56:48 ffmpeg/mov,mp4,m4a,3gp,3g2,mj2: stream 0, timescale not set
2025-10-18T17:56:48 update: added /Weirdo.m4a
2025-10-18T17:56:48 ffmpeg/mov,mp4,m4a,3gp,3g2,mj2: stream 0, timescale not set
2025-10-18T17:56:48 update: added /Banda MS- Solo con verte.m4a
2025-10-18T17:56:48 update: added /Imagine Dragons - Crushed (Official Lyric Video).mp3
2025-10-18T17:56:48 ffmpeg/mov,mp4,m4a,3gp,3g2,mj2: stream 0, timescale not set
2025-10-18T17:56:48 update: added /Keane - Everybody's Changing.m4a
2025-10-18T17:56:48 ffmpeg/mov,mp4,m4a,3gp,3g2,mj2: stream 0, timescale not set
2025-10-18T17:56:48 update: added /Ed Sheeran - Perfect [Official Lyric Video].m4a
2025-10-18T17:56:48 ffmpeg/mov,mp4,m4a,3gp,3g2,mj2: stream 0, timescale not set
2025-10-18T17:56:48 update: added /SFDK - MANOS EN EL AIRE con MALA JUNTERA & SHABU (LYRIC VIDEO).m4a
2025-10-18T17:56:48 update: added /Khea Ft. Duki  Cazzu - Loca (Audio).mp3
2025-10-18T17:56:48 update: added /Dr. Dre - Forgot About Dre (feat. Eminem).mp3
2025-10-18T17:56:48 ffmpeg/mov,mp4,m4a,3gp,3g2,mj2: stream 0, timescale not set
2025-10-18T17:56:48 update: added /Guns N' Roses - Welcome To The Jungle.m4a
2025-10-18T17:56:48 ffmpeg/mov,mp4,m4a,3gp,3g2,mj2: stream 0, timescale not set
2025-10-18T17:56:48 update: added /EDEN - circles -- español.m4a
2025-10-18T17:56:48 update: added /-I Can���t Get No- Satisfaction.m4a
2025-10-18T17:56:48 ffmpeg/mov,mp4,m4a,3gp,3g2,mj2: stream 0, timescale not set
2025-10-18T17:56:48 update: added /En la Punta de la Lengua.m4a
2025-10-18T17:56:48 ffmpeg/mov,mp4,m4a,3gp,3g2,mj2: stream 0, timescale not set
2025-10-18T17:56:48 update: added /NO ME PIDAS PERDON BANDA MS ''LETRA''.m4a
2025-10-18T17:56:48 ffmpeg/mov,mp4,m4a,3gp,3g2,mj2: stream 0, timescale not set
2025-10-18T17:56:48 update: added /MAGIC! - Rude (Official Lyric Video).m4a
2025-10-18T17:56:48 ffmpeg/mov,mp4,m4a,3gp,3g2,mj2: stream 0, timescale not set
2025-10-18T17:56:48 update: added /Arctic Monkeys - Fluorescent Adolescent (Sub. Español).m4a
2025-10-18T17:56:48 ffmpeg/mov,mp4,m4a,3gp,3g2,mj2: stream 0, timescale not set
2025-10-18T17:56:48 update: added /Lemon Tree.m4a
2025-10-18T17:56:48 ffmpeg/mov,mp4,m4a,3gp,3g2,mj2: stream 0, timescale not set
2025-10-18T17:56:48 update: added /Russ - Got It Good.m4a
2025-10-18T17:56:48 ffmpeg/mov,mp4,m4a,3gp,3g2,mj2: stream 0, timescale not set
2025-10-18T17:56:48 update: added /girl in red - summer depression -- lyrics.m4a
2025-10-18T17:56:48 ffmpeg/mov,mp4,m4a,3gp,3g2,mj2: stream 0, timescale not set
2025-10-18T17:56:48 update: added /When You're Smiling (Sub Español) - Louis Armstrong.m4a
2025-10-18T17:56:48 update: added /Lonely_256k.mp3
2025-10-18T17:56:48 ffmpeg/mov,mp4,m4a,3gp,3g2,mj2: stream 0, timescale not set
2025-10-18T17:56:48 update: added /Lost Cause - Imagine Dragons (Audio).m4a
2025-10-18T17:56:48 ffmpeg/mov,mp4,m4a,3gp,3g2,mj2: stream 0, timescale not set
2025-10-18T17:56:48 update: added /Shots.m4a
2025-10-18T17:56:48 ffmpeg/mov,mp4,m4a,3gp,3g2,mj2: stream 0, timescale not set
2025-10-18T17:56:48 update: added /Kodaline - High Hopes (Español).m4a
2025-10-18T17:56:48 update: added /Eladio Carrión, Nicki Nicole - Nota ( Audio Oficial).mp3
2025-10-18T17:56:48 ffmpeg/mov,mp4,m4a,3gp,3g2,mj2: stream 0, timescale not set
2025-10-18T17:56:48 update: added /Virlan Garcia - Y Cambio Mi Suerte ( Estudio 2016 ).m4a
2025-10-18T17:56:48 ffmpeg/mov,mp4,m4a,3gp,3g2,mj2: stream 0, timescale not set
2025-10-18T17:56:48 update: added /Come With Me Now - Kongos (High Audio Quality).m4a
2025-10-18T17:56:48 update: added /Gera MX, Blessd - One Love.mp3
2025-10-18T17:56:48 update: added /Bad Bunny (ft. Tony Dize) - La Corriente (360° Visualizer) _ Un Verano Sin Ti.mp3
2025-10-18T17:56:48 ffmpeg/mov,mp4,m4a,3gp,3g2,mj2: stream 0, timescale not set
2025-10-18T17:56:48 update: added /Oasis - Lyla.m4a
2025-10-18T17:56:48 update: added /Vivaldi - Spring.m4a
2025-10-18T17:56:49 update: added /Calle 13 - Adentro.m4a
2025-10-18T17:56:49 update: added /EDEN - gold (Español).m4a
2025-10-18T17:56:49 ffmpeg/mov,mp4,m4a,3gp,3g2,mj2: stream 0, timescale not set
2025-10-18T17:56:49 update: added /Si Estas Pensando Mal de Mi - Los Bunkers.m4a
2025-10-18T17:56:49 ffmpeg/mov,mp4,m4a,3gp,3g2,mj2: stream 0, timescale not set
2025-10-18T17:56:49 update: added /Capital Cities - Drop Everything (Audio).m4a
2025-10-18T17:56:49 ffmpeg/mov,mp4,m4a,3gp,3g2,mj2: stream 0, timescale not set
2025-10-18T17:56:49 update: added /DJ No Pare REMIX Justin Quiles, Natti Natasha, Farruko, Zion, Dalex, Lenny Tavár.m4a
2025-10-18T17:56:49 update: added /Red Hot Chili Peppers - Otherside -Official Music Video-.m4a
2025-10-18T17:56:49 ffmpeg/mov,mp4,m4a,3gp,3g2,mj2: stream 0, timescale not set
2025-10-18T17:56:49 update: added /flora cash - You're Somebody Else (Lyric Video).m4a
2025-10-18T17:56:49 update: added /3AM - Distancia (Video Oficial) _ Love City.mp3
2025-10-18T17:56:49 ffmpeg/mov,mp4,m4a,3gp,3g2,mj2: stream 0, timescale not set
2025-10-18T17:56:49 update: added /Tom Odell - Can't Pretend (Audio).m4a
2025-10-18T17:56:49 ffmpeg/mov,mp4,m4a,3gp,3g2,mj2: stream 0, timescale not set
2025-10-18T17:56:49 update: added /Mark Ronson - Uptown Funk ft. Bruno Mars.m4a
2025-10-18T17:56:49 update: added /Sean Paul - No Lie ft. Dua Lipa.mp3
2025-10-18T17:56:49 ffmpeg/mov,mp4,m4a,3gp,3g2,mj2: stream 0, timescale not set
2025-10-18T17:56:49 update: added /Apache ft Lil Supa' - Aquí Estamos.m4a
2025-10-18T17:56:49 ffmpeg/sami: Format sami detected only with low score of 1, misdetection possible!
2025-10-18T17:56:49 ffmpeg/mov,mp4,m4a,3gp,3g2,mj2: stream 0, timescale not set
2025-10-18T17:56:49 update: added /Rixton - Me and My Broken Heart.m4a
2025-10-18T17:56:49 ffmpeg/mov,mp4,m4a,3gp,3g2,mj2: stream 0, timescale not set
2025-10-18T17:56:49 update: added /Canserbero - Aceptas_.m4a
2025-10-18T17:56:49 ffmpeg/mov,mp4,m4a,3gp,3g2,mj2: stream 0, timescale not set
2025-10-18T17:56:49 update: added /League of Legends Music- The Curse of the Sad Mummy.m4a
2025-10-18T17:56:49 ffmpeg/mov,mp4,m4a,3gp,3g2,mj2: stream 0, timescale not set
2025-10-18T17:56:49 update: added /Kygo, Selena Gomez - It Ain't Me (with Selena Gomez) (Audio).m4a
2025-10-18T17:56:49 ffmpeg/mov,mp4,m4a,3gp,3g2,mj2: stream 0, timescale not set
2025-10-18T17:56:49 update: added /Yellow.m4a
2025-10-18T17:56:49 ffmpeg/mov,mp4,m4a,3gp,3g2,mj2: stream 0, timescale not set
2025-10-18T17:56:49 update: added /Fun.- We Are Young ft. Janelle Monáe -OFFICIAL VIDEO-.m4a
2025-10-18T17:56:49 ffmpeg/mov,mp4,m4a,3gp,3g2,mj2: stream 0, timescale not set
2025-10-18T17:56:49 update: added /Rels B - LA ÚLTIMA CANCIÓN (Lyric Video).m4a
2025-10-18T17:56:49 ffmpeg/mov,mp4,m4a,3gp,3g2,mj2: stream 0, timescale not set
2025-10-18T17:56:49 update: added /Mon Laferte - Que Sí (Audio).m4a
2025-10-18T17:56:49 update: added /No One Like You.m4a
2025-10-18T17:56:49 update: added /Nunca es Nunca.mp3
2025-10-18T17:56:49 ffmpeg/mov,mp4,m4a,3gp,3g2,mj2: stream 0, timescale not set
2025-10-18T17:56:49 update: added /Hooked on a Feeling.m4a
2025-10-18T17:56:49 update: added /WOS - LUZ DELITO_256k.mp3
2025-10-18T17:56:49 ffmpeg/mov,mp4,m4a,3gp,3g2,mj2: stream 0, timescale not set
2025-10-18T17:56:49 update: added /Louis The Child, Drew Love - Free (Audio).m4a
2025-10-18T17:56:49 ffmpeg/mov,mp4,m4a,3gp,3g2,mj2: stream 0, timescale not set
2025-10-18T17:56:49 update: added /Undercover Martyn.m4a
2025-10-18T17:56:49 ffmpeg/mov,mp4,m4a,3gp,3g2,mj2: stream 0, timescale not set
2025-10-18T17:56:49 update: added /Torreblanca - Si.m4a
2025-10-18T17:56:49 update: added /The Weeknd - Save Your Tears (Official Audio).mp3
2025-10-18T17:56:49 update: added /Imagine Dragons - Younger (Official Lyric Video).mp3
2025-10-18T17:56:49 ffmpeg/mov,mp4,m4a,3gp,3g2,mj2: stream 0, timescale not set
2025-10-18T17:56:49 update: added /Imagine Dragons - Wake Up (Official Lyric Video).m4a
2025-10-18T17:56:49 ffmpeg/sami: Format sami detected only with low score of 1, misdetection possible!
2025-10-18T17:56:49 update: added /Hey listen navi ringtone.wma
2025-10-18T17:56:49 ffmpeg/mov,mp4,m4a,3gp,3g2,mj2: stream 0, timescale not set
2025-10-18T17:56:49 update: added /Siddhartha - Extraños (Audio Oficial).m4a
2025-10-18T17:56:49 ffmpeg/mov,mp4,m4a,3gp,3g2,mj2: stream 0, timescale not set
2025-10-18T17:56:49 update: added /Calvin Harris & Disciples - How Deep Is Your Love (Audio).m4a
2025-10-18T17:56:49 ffmpeg/mov,mp4,m4a,3gp,3g2,mj2: stream 0, timescale not set
2025-10-18T17:56:49 update: added /Caravan Palace - Lone Digger (album version).m4a
2025-10-18T17:56:49 ffmpeg/mov,mp4,m4a,3gp,3g2,mj2: stream 0, timescale not set
2025-10-18T17:56:49 update: added /Como pasa el tiempo _ El Cuarteto de Nos (VIDEOCLIP).m4a
2025-10-18T17:56:49 ffmpeg/mov,mp4,m4a,3gp,3g2,mj2: stream 0, timescale not set
2025-10-18T17:56:49 update: added /Interpol - All The Rage Back Home.m4a
2025-10-18T17:56:49 update: added /Joji - Ew (Official Audio).mp3
2025-10-18T17:56:49 update: added /Calle 13 - La Vida (Respira el Momento) (Official Video).m4a
2025-10-18T17:56:49 ffmpeg/mov,mp4,m4a,3gp,3g2,mj2: stream 0, timescale not set
2025-10-18T17:56:49 update: added /Bon Jovi - Living on a Prayer (Lyrics).m4a
2025-10-18T17:56:49 ffmpeg/mov,mp4,m4a,3gp,3g2,mj2: stream 0, timescale not set
2025-10-18T17:56:49 update: added /Meghan Trainor – FOOLISH (Video by Ryan Trainor).m4a
2025-10-18T17:56:49 ffmpeg/mov,mp4,m4a,3gp,3g2,mj2: stream 0, timescale not set
2025-10-18T17:56:49 update: added /Billie Eilish - when the party's over.m4a
2025-10-18T17:56:49 ffmpeg/mov,mp4,m4a,3gp,3g2,mj2: stream 0, timescale not set
2025-10-18T17:56:49 update: added /Dispute.m4a
2025-10-18T17:56:49 ffmpeg/mov,mp4,m4a,3gp,3g2,mj2: stream 0, timescale not set
2025-10-18T17:56:49 update: added /Carla Morrison - Dime mentiras (letra).m4a
2025-10-18T17:56:49 ffmpeg/mov,mp4,m4a,3gp,3g2,mj2: stream 0, timescale not set
2025-10-18T17:56:49 update: added /Sin Bandera - Que Lloro (Video).m4a
2025-10-18T17:56:49 ffmpeg/mov,mp4,m4a,3gp,3g2,mj2: stream 0, timescale not set
2025-10-18T17:56:49 update: added /Metronomy - The Look.m4a
2025-10-18T17:56:49 update: added /No Time For Toxic People_256k.mp3
2025-10-18T17:56:49 ffmpeg/mov,mp4,m4a,3gp,3g2,mj2: stream 0, timescale not set
2025-10-18T17:56:49 update: added /Adam Lambert - 'Ghost Town' -Official Lyric Video-.m4a
2025-10-18T17:56:49 update: added /Halsey - 'Magnum Ice Cream' Live Show (FULL HD).m4a
2025-10-18T17:56:49 update: added /Digital_Controller.mp3
2025-10-18T17:56:49 update: added /Bad Bunny (ft. Jhay Cortez) - Tarot (360° Visualizer) _ Un Verano Sin Ti.mp3
2025-10-18T17:56:49 ffmpeg/mov,mp4,m4a,3gp,3g2,mj2: stream 0, timescale not set
2025-10-18T17:56:49 update: added /Torreblanca - '1000 fantasmas' [Audio].m4a
2025-10-18T17:56:49 update: added /Imagine Dragons - Bubble (Lyric Video).mp3
2025-10-18T17:56:49 update: added /The Score - Shakedown (Audio)_256k.mp3
2025-10-18T17:56:49 update: added /3AM - No La Encuentro (Video Oficial).mp3
2025-10-18T17:56:49 ffmpeg/mov,mp4,m4a,3gp,3g2,mj2: stream 0, timescale not set
2025-10-18T17:56:49 update: added /Baby I'm Yours.m4a
2025-10-18T17:56:49 ffmpeg/mov,mp4,m4a,3gp,3g2,mj2: stream 0, timescale not set
2025-10-18T17:56:49 update: added /Coldplay - The Scientist.m4a
2025-10-18T17:56:49 ffmpeg/mov,mp4,m4a,3gp,3g2,mj2: stream 0, timescale not set
2025-10-18T17:56:49 update: added /Amsterdam.m4a
2025-10-18T17:56:49 ffmpeg/mov,mp4,m4a,3gp,3g2,mj2: stream 0, timescale not set
2025-10-18T17:56:49 update: added /Sweetie Little Jean.m4a
2025-10-18T17:56:49 ffmpeg/mov,mp4,m4a,3gp,3g2,mj2: stream 0, timescale not set
2025-10-18T17:56:49 update: added /Reik - Creo en Ti.m4a
2025-10-18T17:56:49 ffmpeg/mov,mp4,m4a,3gp,3g2,mj2: stream 0, timescale not set
2025-10-18T17:56:49 update: added /Creedence Clearwater Revival- Have You Ever Seen The Rain_.m4a
2025-10-18T17:56:49 update: added /DUKI - Celosa (Audio).mp3
2025-10-18T17:56:49 update: added /Santana - Corazon Espinado (Video) ft. Mana.m4a
2025-10-18T17:56:49 update: added /Nicki Nicole - Perdido (Official Lyric Video).mp3
2025-10-18T17:56:49 ffmpeg/mov,mp4,m4a,3gp,3g2,mj2: stream 0, timescale not set
2025-10-18T17:56:49 update: added /I DONT KNOW HOW BUT THEY FOUND ME -Choke.m4a
2025-10-18T17:56:49 update: added /Bastille – Hangin’.m4a
2025-10-18T17:56:49 ffmpeg/mov,mp4,m4a,3gp,3g2,mj2: stream 0, timescale not set
2025-10-18T17:56:49 update: added /The Neighbourhood - Compass (Sub Español) -- Jalyssa.m4a
2025-10-18T17:56:49 ffmpeg/mov,mp4,m4a,3gp,3g2,mj2: stream 0, timescale not set
2025-10-18T17:56:49 update: added /The Carpenters - [They Long To Be] Close To You [Audio].m4a
2025-10-18T17:56:49 ffmpeg/mov,mp4,m4a,3gp,3g2,mj2: stream 0, timescale not set
2025-10-18T17:56:49 update: added /Bob Marley - Is this Love -HQ-.m4a
2025-10-18T17:56:49 ffmpeg/mov,mp4,m4a,3gp,3g2,mj2: stream 0, timescale not set
2025-10-18T17:56:49 update: added /Helena Beat.m4a
2025-10-18T17:56:49 update: added /Sam Tinnesz - Bloodshot [Official Lyric Video]_256k.mp3
2025-10-18T17:56:49 ffmpeg/mov,mp4,m4a,3gp,3g2,mj2: stream 0, timescale not set
2025-10-18T17:56:49 update: added /How You Like Me Now (Original).m4a
2025-10-18T17:56:49 ffmpeg/mov,mp4,m4a,3gp,3g2,mj2: stream 0, timescale not set
2025-10-18T17:56:49 update: added /I DONT KNOW HOW BUT THEY FOUND ME - Do It All The Time (Lyric Video).m4a
2025-10-18T17:56:49 ffmpeg/mov,mp4,m4a,3gp,3g2,mj2: stream 0, timescale not set
2025-10-18T17:56:49 update: added /Two Door Cinema Club - Changing of the Seasons (LYRIC VIDEO).m4a
2025-10-18T17:56:49 update: added /Paraíso Lunar_256k.mp3
2025-10-18T17:56:49 ffmpeg/mov,mp4,m4a,3gp,3g2,mj2: stream 0, timescale not set
2025-10-18T17:56:49 update: added /Bleed It Out (Official Video) - Linkin Park.m4a
2025-10-18T17:56:49 ffmpeg/mov,mp4,m4a,3gp,3g2,mj2: stream 0, timescale not set
2025-10-18T17:56:49 update: added /3AM - Fría (Video Oficial) .m4a
2025-10-18T17:56:49 update: added /Jagwar Twin - Loser (Official Audio).mp3
2025-10-18T17:56:49 ffmpeg/mov,mp4,m4a,3gp,3g2,mj2: stream 0, timescale not set
2025-10-18T17:56:49 update: added /AudioSlave - What You Are.m4a
2025-10-18T17:56:49 ffmpeg/mov,mp4,m4a,3gp,3g2,mj2: stream 0, timescale not set
2025-10-18T17:56:49 update: added /2Pac - Enemies Bleed (ft. 50 Cent & The Notorious BIG) 2019.m4a
2025-10-18T17:56:49 ffmpeg/mov,mp4,m4a,3gp,3g2,mj2: stream 0, timescale not set
2025-10-18T17:56:49 update: added /Two Feet - I Feel Like I'm Drowning (Official Lyric Video).m4a
2025-10-18T17:56:49 update: added /The Score - Tightrope (Official Audio)_256k.mp3
2025-10-18T17:56:49 ffmpeg/mov,mp4,m4a,3gp,3g2,mj2: stream 0, timescale not set
2025-10-18T17:56:49 update: added /Imagine Dragons - Boots (Audio).m4a
2025-10-18T17:56:49 ffmpeg/mov,mp4,m4a,3gp,3g2,mj2: stream 0, timescale not set
2025-10-18T17:56:49 update: added /Selena Gomez - Same Old Love (Audio).m4a
2025-10-18T17:56:49 ffmpeg/mov,mp4,m4a,3gp,3g2,mj2: stream 0, timescale not set
2025-10-18T17:56:49 update: added /Coldplay - Clocks.m4a
2025-10-18T17:56:49 ffmpeg/mov,mp4,m4a,3gp,3g2,mj2: stream 0, timescale not set
2025-10-18T17:56:49 update: added /Karma Police.m4a
2025-10-18T17:56:49 update: added /Gold_Dust_(Flux_Pavilion_Remix).mp3
2025-10-18T17:56:49 update: added /facebook_ringtone_pop.wma
2025-10-18T17:56:49 update: added /PLAY LOVE - ZARCORT Y ITOWNGAMEPLAY.m4a
2025-10-18T17:56:49 ffmpeg/mov,mp4,m4a,3gp,3g2,mj2: stream 0, timescale not set
2025-10-18T17:56:49 update: added /Imagine Dragons - Not Today (Audio).m4a
2025-10-18T17:56:49 ffmpeg/mov,mp4,m4a,3gp,3g2,mj2: stream 0, timescale not set
2025-10-18T17:56:49 update: added /Radiohead - Like Spinning Plates (Normal-Forwards).m4a
2025-10-18T17:56:49 update: added /Imagine Dragons - Lovesong (Audio).m4a
2025-10-18T17:56:49 ffmpeg/mov,mp4,m4a,3gp,3g2,mj2: stream 0, timescale not set
2025-10-18T17:56:49 update: added /Alacranes Musical - Por Tu Amor (Video Oficial).m4a
2025-10-18T17:56:49 ffmpeg/mov,mp4,m4a,3gp,3g2,mj2: stream 0, timescale not set
2025-10-18T17:56:49 update: added /Second Chances.m4a
2025-10-18T17:56:49 ffmpeg/mov,mp4,m4a,3gp,3g2,mj2: stream 0, timescale not set
2025-10-18T17:56:49 update: added /Don Omar _ Dile (Video Oficial ).m4a
2025-10-18T17:56:49 update: added /David Guetta - Titanium ft. Sia (Official Video).m4a
2025-10-18T17:56:49 update: added /Jason Mraz - Unlonely -Official Lyric Video-.m4a
2025-10-18T17:56:49 update: added /FREESTYLE (Live Set).mp3
2025-10-18T17:56:49 ffmpeg/mov,mp4,m4a,3gp,3g2,mj2: stream 0, timescale not set
2025-10-18T17:56:49 update: added /Quisiera Saber.m4a
2025-10-18T17:56:49 ffmpeg/mov,mp4,m4a,3gp,3g2,mj2: stream 0, timescale not set
2025-10-18T17:56:49 update: added /mxmtoon - feelings are fatal (Sub. Español).m4a
2025-10-18T17:56:49 ffmpeg/mov,mp4,m4a,3gp,3g2,mj2: stream 0, timescale not set
2025-10-18T17:56:49 update: added /The Dark Side.m4a
2025-10-18T17:56:49 ffmpeg/mov,mp4,m4a,3gp,3g2,mj2: stream 0, timescale not set
2025-10-18T17:56:49 update: added /Sugar Pine 7 - These Drugs (MUSIC VIDEO).m4a
2025-10-18T17:56:49 ffmpeg/mov,mp4,m4a,3gp,3g2,mj2: stream 0, timescale not set
2025-10-18T17:56:49 update: added /Prototipo - Nanpa Básico.m4a
2025-10-18T17:56:49 ffmpeg/mov,mp4,m4a,3gp,3g2,mj2: stream 0, timescale not set
2025-10-18T17:56:49 update: added /Oasis - She's Electric (Lyric Video).m4a
2025-10-18T17:56:49 ffmpeg/mov,mp4,m4a,3gp,3g2,mj2: stream 0, timescale not set
2025-10-18T17:56:49 update: added /Gera MX, Christian Nodal - Botella Tras Botella (Letra)(1).m4a
2025-10-18T17:56:49 ffmpeg/mov,mp4,m4a,3gp,3g2,mj2: stream 0, timescale not set
2025-10-18T17:56:49 update: added /Beret - Ojalá (LETRA).m4a
2025-10-18T17:56:49 update: added /Trueno, Nathy Peluso - ARGENTINA (Video Oficial).mp3
2025-10-18T17:56:49 ffmpeg/mov,mp4,m4a,3gp,3g2,mj2: stream 0, timescale not set
2025-10-18T17:56:49 update: added /Julieta Venegas - Eres para Mí.m4a
2025-10-18T17:56:49 ffmpeg/mov,mp4,m4a,3gp,3g2,mj2: stream 0, timescale not set
2025-10-18T17:56:49 update: added /Sia - Chandelier (Official Video).m4a
2025-10-18T17:56:49 update: added /Tyga - Goddamn (Audio).mp3
2025-10-18T17:56:49 ffmpeg/mov,mp4,m4a,3gp,3g2,mj2: stream 0, timescale not set
2025-10-18T17:56:49 update: added /mxmtoon - please don't (Sub. Español).m4a
2025-10-18T17:56:49 ffmpeg/mov,mp4,m4a,3gp,3g2,mj2: stream 0, timescale not set
2025-10-18T17:56:49 update: added /San Cisco - 'The Distance'  (Official Music Video).m4a
2025-10-18T17:56:49 ffmpeg/mov,mp4,m4a,3gp,3g2,mj2: stream 0, timescale not set
2025-10-18T17:56:49 update: added /Oasis - The Importance Of Being Idle - Official Video.m4a
2025-10-18T17:56:49 ffmpeg/mov,mp4,m4a,3gp,3g2,mj2: stream 0, timescale not set
2025-10-18T17:56:49 update: added /Imagine Dragons - The Man In The Moon (Audio).m4a
2025-10-18T17:56:49 update: added /Jantsen & Dirt Monkey - In The Mood.m4a
2025-10-18T17:56:49 ffmpeg/mov,mp4,m4a,3gp,3g2,mj2: stream 0, timescale not set
2025-10-18T17:56:49 update: added /He Can Only Hold Her.m4a
2025-10-18T17:56:49 ffmpeg/mov,mp4,m4a,3gp,3g2,mj2: stream 0, timescale not set
2025-10-18T17:56:49 update: added /Oasis - Wonderwall.m4a
2025-10-18T17:56:49 ffmpeg/mov,mp4,m4a,3gp,3g2,mj2: stream 0, timescale not set
2025-10-18T17:56:49 update: added /Meghan Trainor - All About That Bass.m4a
2025-10-18T17:56:49 ffmpeg/mov,mp4,m4a,3gp,3g2,mj2: stream 0, timescale not set
2025-10-18T17:56:49 update: added /HA-ASH - Ex de Verdad (HA-ASH Primera Fila - Hecho Realidad -Acústico En Vivo-).m4a
2025-10-18T17:56:49 update: added /Alemán ft Rels B - Mírame Ma (Video Oficial).mp3
2025-10-18T17:56:49 ffmpeg/mov,mp4,m4a,3gp,3g2,mj2: stream 0, timescale not set
2025-10-18T17:56:49 update: added /Billie Eilish - Bellyache (Audio).m4a
2025-10-18T17:56:49 update: added /Apache- Fin de mundo.mp3
2025-10-18T17:56:49 ffmpeg/mov,mp4,m4a,3gp,3g2,mj2: stream 0, timescale not set
2025-10-18T17:56:49 update: added /Milky Chance - Blossom (Official Audio).m4a
2025-10-18T17:56:49 ffmpeg/mov,mp4,m4a,3gp,3g2,mj2: stream 0, timescale not set
2025-10-18T17:56:49 update: added /EMINEM   Never Enough feat 50 Cent & Nate Dogg.m4a
2025-10-18T17:56:49 ffmpeg/mov,mp4,m4a,3gp,3g2,mj2: stream 0, timescale not set
2025-10-18T17:56:49 update: added /Selene.m4a
2025-10-18T17:56:49 ffmpeg/mov,mp4,m4a,3gp,3g2,mj2: stream 0, timescale not set
2025-10-18T17:56:49 update: added /Amy Winehouse - Rehab (Lyric Video).m4a
2025-10-18T17:56:49 update: added /Die Like This_256k.mp3
2025-10-18T17:56:49 update: added /WOS ft Ricardo Mollo - CULPA (Video Oficial).mp3
2025-10-18T17:56:49 ffmpeg/mov,mp4,m4a,3gp,3g2,mj2: stream 0, timescale not set
2025-10-18T17:56:49 update: added /Imagine Dragons - Zero (Lyrics).m4a
2025-10-18T17:56:49 update: added /The Score - Golden (Audio)_256k.mp3
2025-10-18T17:56:49 update: added /The Score - Fire (Audio)_256k.mp3
2025-10-18T17:56:49 ffmpeg/mov,mp4,m4a,3gp,3g2,mj2: stream 0, timescale not set
2025-10-18T17:56:49 update: added /Maroon 5- Don't wanna know.m4a
2025-10-18T17:56:49 ffmpeg/mov,mp4,m4a,3gp,3g2,mj2: stream 0, timescale not set
2025-10-18T17:56:49 update: added /The River - Imagine Dragons.m4a
2025-10-18T17:56:49 update: added /The Score - Under The Pressure (Audio)_256k.mp3
2025-10-18T17:56:49 ffmpeg/mov,mp4,m4a,3gp,3g2,mj2: stream 0, timescale not set
2025-10-18T17:56:49 update: added /Uno para el Otro.m4a
2025-10-18T17:56:49 ffmpeg/mov,mp4,m4a,3gp,3g2,mj2: stream 0, timescale not set
2025-10-18T17:56:49 update: added /Jósean Log - Alguien Como Tú.m4a
2025-10-18T17:56:49 ffmpeg/mov,mp4,m4a,3gp,3g2,mj2: stream 0, timescale not set
2025-10-18T17:56:49 update: added /Russ - RENT FREE (Official Audio).m4a
2025-10-18T17:56:49 ffmpeg/mov,mp4,m4a,3gp,3g2,mj2: stream 0, timescale not set
2025-10-18T17:56:49 update: added /Lupe Fiasco - Daydreamin' feat. Jill Scott -Mr. Robot-.m4a
2025-10-18T17:56:49 ffmpeg/mov,mp4,m4a,3gp,3g2,mj2: stream 0, timescale not set
2025-10-18T17:56:49 update: added /Y la Felicidad Qué.m4a
2025-10-18T17:56:49 ffmpeg/mov,mp4,m4a,3gp,3g2,mj2: stream 0, timescale not set
2025-10-18T17:56:49 update: added /Smash Mouth - All Star.m4a
2025-10-18T17:56:49 ffmpeg/mov,mp4,m4a,3gp,3g2,mj2: stream 0, timescale not set
2025-10-18T17:56:49 update: added /West Coast.m4a
2025-10-18T17:56:49 ffmpeg/mov,mp4,m4a,3gp,3g2,mj2: stream 0, timescale not set
2025-10-18T17:56:49 update: added /The Smiths - This Charming Man (Official Music Video).m4a
2025-10-18T17:56:49 ffmpeg/mov,mp4,m4a,3gp,3g2,mj2: stream 0, timescale not set
2025-10-18T17:56:49 update: added /Oasis - Little By Little.m4a
2025-10-18T17:56:49 update: added /Dancin (feat. Luvli).mp3
2025-10-18T17:56:49 ffmpeg/mov,mp4,m4a,3gp,3g2,mj2: stream 0, timescale not set
2025-10-18T17:56:49 update: added /Eruca Sativa - Justo al Partir.m4a
2025-10-18T17:56:49 ffmpeg/mov,mp4,m4a,3gp,3g2,mj2: stream 0, timescale not set
2025-10-18T17:56:49 update: added /goodbye.m4a
2025-10-18T17:56:49 ffmpeg/mov,mp4,m4a,3gp,3g2,mj2: stream 0, timescale not set
2025-10-18T17:56:49 update: added /2 - 2 = 5.m4a
2025-10-18T17:56:49 ffmpeg/mov,mp4,m4a,3gp,3g2,mj2: stream 0, timescale not set
2025-10-18T17:56:49 update: added /Beach Fossils - Down the Line (Official Video).m4a
2025-10-18T17:56:49 update: added /Remmy Valenzuela -- Mi Princesa..mp3
2025-10-18T17:56:49 ffmpeg/mov,mp4,m4a,3gp,3g2,mj2: stream 0, timescale not set
2025-10-18T17:56:49 update: added /Talking To The Moon.m4a
2025-10-18T17:56:49 ffmpeg/mov,mp4,m4a,3gp,3g2,mj2: stream 0, timescale not set
2025-10-18T17:56:49 update: added /Imagine Dragons - Emma (Audio).m4a
2025-10-18T17:56:49 ffmpeg/mov,mp4,m4a,3gp,3g2,mj2: stream 0, timescale not set
2025-10-18T17:56:49 update: added /Carla Morrison - Disfruto (letra).m4a
2025-10-18T17:56:49 update: added /Siddhartha - Brújula (Cover Audio)_256k.mp3
2025-10-18T17:56:49 update: added /The Score - Big Dreams ft. FITZ (Official Lyric Video).mp3
2025-10-18T17:56:50 ffmpeg/mov,mp4,m4a,3gp,3g2,mj2: stream 0, timescale not set
2025-10-18T17:56:50 update: added /John Legend - All of Me.m4a
2025-10-18T17:56:50 update: added /Friend, Please_256k.mp3
2025-10-18T17:56:50 ffmpeg/mov,mp4,m4a,3gp,3g2,mj2: stream 0, timescale not set
2025-10-18T17:56:50 update: added /I Wanna Be Yours.m4a
2025-10-18T17:56:50 ffmpeg/mov,mp4,m4a,3gp,3g2,mj2: stream 0, timescale not set
2025-10-18T17:56:50 update: added /Bombai - Solo si es Contigo feat. Bebe (Lyric video).m4a
2025-10-18T17:56:50 ffmpeg/mov,mp4,m4a,3gp,3g2,mj2: stream 0, timescale not set
2025-10-18T17:56:50 update: added /Wisin, Young Miko - Señorita (Official Video).m4a
2025-10-18T17:56:50 update: added /sonic ring noise thing i need for a text tone.wma
2025-10-18T17:56:50 ffmpeg/mov,mp4,m4a,3gp,3g2,mj2: stream 0, timescale not set
2025-10-18T17:56:50 update: added /EDEN - drugs (Español).m4a
2025-10-18T17:56:50 ffmpeg/sami: Format sami detected only with low score of 1, misdetection possible!
2025-10-18T17:56:50 ffmpeg/mov,mp4,m4a,3gp,3g2,mj2: stream 0, timescale not set
2025-10-18T17:56:50 update: added /Amorfoda - Bad Bunny _ Laura Naranjo cover.m4a
2025-10-18T17:56:50 ffmpeg/mov,mp4,m4a,3gp,3g2,mj2: stream 0, timescale not set
2025-10-18T17:56:50 update: added /Bigmouth Strikes Again (2011 Remastered Version).m4a
2025-10-18T17:56:50 update: added /Imagine Dragons - Higher Ground (Official Lyric Video).mp3
2025-10-18T17:56:50 ffmpeg/mov,mp4,m4a,3gp,3g2,mj2: stream 0, timescale not set
2025-10-18T17:56:50 update: added /Green Eyes.m4a
2025-10-18T17:56:50 ffmpeg/mov,mp4,m4a,3gp,3g2,mj2: stream 0, timescale not set
2025-10-18T17:56:50 update: added /Imagine Dragons - Working Man (Audio).m4a
2025-10-18T17:56:50 ffmpeg/mov,mp4,m4a,3gp,3g2,mj2: stream 0, timescale not set
2025-10-18T17:56:50 update: added /Somewhere in Between.m4a
2025-10-18T17:56:50 ffmpeg/mov,mp4,m4a,3gp,3g2,mj2: stream 0, timescale not set
2025-10-18T17:56:50 update: added /Arroba Nat - ¿Quién Se Va_ [feat. Bruses] (Audio Oficial).m4a
2025-10-18T17:56:50 ffmpeg/mov,mp4,m4a,3gp,3g2,mj2: stream 0, timescale not set
2025-10-18T17:56:50 update: added /Sidecars - Fan de Ti.m4a
2025-10-18T17:56:50 update: added /Funkytown- Lipps Inc (original).m4a
2025-10-18T17:56:50 ffmpeg/mov,mp4,m4a,3gp,3g2,mj2: stream 0, timescale not set
2025-10-18T17:56:50 update: added /Round And Round.m4a
2025-10-18T17:56:50 ffmpeg/mov,mp4,m4a,3gp,3g2,mj2: stream 0, timescale not set
2025-10-18T17:56:50 update: added /Friends.m4a
2025-10-18T17:56:50 ffmpeg/mov,mp4,m4a,3gp,3g2,mj2: stream 0, timescale not set
2025-10-18T17:56:50 update: added /General Elektriks - 'Raid The Radio' -Official Video-.m4a
2025-10-18T17:56:50 ffmpeg/mov,mp4,m4a,3gp,3g2,mj2: stream 0, timescale not set
2025-10-18T17:56:50 update: added /Johnny Cash - Hurt HD 720p.m4a
2025-10-18T17:56:50 ffmpeg/mov,mp4,m4a,3gp,3g2,mj2: stream 0, timescale not set
2025-10-18T17:56:50 update: added /Cuarteto de Nos - Lo malo de ser bueno ( con letra ).m4a
2025-10-18T17:56:50 update: added /Blessd Ft Rels B- Energía (Oficial Audio).mp3
2025-10-18T17:56:50 ffmpeg/mov,mp4,m4a,3gp,3g2,mj2: stream 0, timescale not set
2025-10-18T17:56:50 update: added /El Cuarteto de Nos - Invisible.m4a
2025-10-18T17:56:50 ffmpeg/mov,mp4,m4a,3gp,3g2,mj2: stream 0, timescale not set
2025-10-18T17:56:50 update: added /blackbear - do re mi ft. Gucci Mane.m4a
2025-10-18T17:56:50 ffmpeg/mov,mp4,m4a,3gp,3g2,mj2: stream 0, timescale not set
2025-10-18T17:56:50 update: added /Río Roma - Mi Persona Favorita (Lyric Video).m4a
2025-10-18T17:56:50 ffmpeg/mov,mp4,m4a,3gp,3g2,mj2: stream 0, timescale not set
2025-10-18T17:56:50 update: added /Halsey - Finally -- beautiful stranger (Lyric Video).m4a
2025-10-18T17:56:50 ffmpeg/mov,mp4,m4a,3gp,3g2,mj2: stream 0, timescale not set
2025-10-18T17:56:50 update: added /Neto Peña - Sería un Placer (Letra).m4a
2025-10-18T17:56:50 ffmpeg/mov,mp4,m4a,3gp,3g2,mj2: stream 0, timescale not set
2025-10-18T17:56:50 update: added /TWO DOOR CINEMA CLUB  _ WHAT YOU KNOW.m4a
2025-10-18T17:56:50 ffmpeg/mov,mp4,m4a,3gp,3g2,mj2: stream 0, timescale not set
2025-10-18T17:56:50 update: added /All I Want.m4a
2025-10-18T17:56:50 ffmpeg/mov,mp4,m4a,3gp,3g2,mj2: stream 0, timescale not set
2025-10-18T17:56:50 update: added /Nina Nesbitt - The Moments I'm Missing (feat. Goody Grace).m4a
2025-10-18T17:56:50 ffmpeg/sami: Format sami detected only with low score of 1, misdetection possible!
2025-10-18T17:56:50 update: added /As It Is - ILY, HOW ARE YOU_ (Official Music Video).mp3
2025-10-18T17:56:50 ffmpeg/mov,mp4,m4a,3gp,3g2,mj2: stream 0, timescale not set
2025-10-18T17:56:50 update: added /Ember Island - Umbrella (Español).m4a
2025-10-18T17:56:50 update: added /Different Heaven & EH!DE - My Heart.m4a
2025-10-18T17:56:50 ffmpeg/mov,mp4,m4a,3gp,3g2,mj2: stream 0, timescale not set
2025-10-18T17:56:50 update: added /Halsey - Strangers (Audio) ft. Lauren Jauregui.m4a
2025-10-18T17:56:50 ffmpeg/mov,mp4,m4a,3gp,3g2,mj2: stream 0, timescale not set
2025-10-18T17:56:50 update: added /Los Caligaris - Razon (AUDIO).m4a
2025-10-18T17:56:50 ffmpeg/mov,mp4,m4a,3gp,3g2,mj2: stream 0, timescale not set
2025-10-18T17:56:50 update: added /Method Man, 2Pac, Ice Cube, Eazy E - Built For This feat Freddie Gibbs (NEW 2019.m4a
2025-10-18T17:56:50 ffmpeg/mov,mp4,m4a,3gp,3g2,mj2: stream 0, timescale not set
2025-10-18T17:56:50 update: added /Muse - Madness.m4a
2025-10-18T17:56:50 ffmpeg/mov,mp4,m4a,3gp,3g2,mj2: stream 0, timescale not set
2025-10-18T17:56:50 update: added /I Won't Give Up.m4a
2025-10-18T17:56:50 ffmpeg/mov,mp4,m4a,3gp,3g2,mj2: stream 0, timescale not set
2025-10-18T17:56:50 update: added /The Four Owls - Assassination Feat. Dirty Dike (OFFICIAL VIDEO).m4a
2025-10-18T17:56:50 update: added /Ariana Grande - 7 rings (Official Video).mp3
2025-10-18T17:56:50 update: added /Ride Or Die (with Villano Antillano) (feat. Villano Antillano).m4a
2025-10-18T17:56:50 ffmpeg/mov,mp4,m4a,3gp,3g2,mj2: stream 0, timescale not set
2025-10-18T17:56:50 update: added /New Born.m4a
2025-10-18T17:56:50 ffmpeg/mov,mp4,m4a,3gp,3g2,mj2: stream 0, timescale not set
2025-10-18T17:56:50 update: added /You Know I'm No Good.m4a
2025-10-18T17:56:50 update: added /Green A - Carta a dios.m4a
2025-10-18T17:56:50 update: added /Imagine Dragons - They Don't Know You Like I Do (Official Lyric Video).mp3
2025-10-18T17:56:50 ffmpeg/mov,mp4,m4a,3gp,3g2,mj2: stream 0, timescale not set
2025-10-18T17:56:50 update: added /Billie Eilish - party favor (Audio).m4a
2025-10-18T17:56:50 ffmpeg/mov,mp4,m4a,3gp,3g2,mj2: stream 0, timescale not set
2025-10-18T17:56:50 update: added /WOS - PANTANO.m4a
2025-10-18T17:56:50 update: added /RVFV, DUKI - PANTERA (Video Oficial).mp3
2025-10-18T17:56:50 ffmpeg/mov,mp4,m4a,3gp,3g2,mj2: stream 0, timescale not set
2025-10-18T17:56:50 update: added /'Pase lo que Pase' - Rapper School - Videoclip (Oficial).m4a
2025-10-18T17:56:50 ffmpeg/mov,mp4,m4a,3gp,3g2,mj2: stream 0, timescale not set
2025-10-18T17:56:50 update: added /Milky Chance - Rush feat. Témé Tan (Official Video).m4a
2025-10-18T17:56:50 ffmpeg/mov,mp4,m4a,3gp,3g2,mj2: stream 0, timescale not set
2025-10-18T17:56:50 update: added /Trueno - ATREVIDO (Shot by Ballve).m4a
2025-10-18T17:56:50 ffmpeg/mov,mp4,m4a,3gp,3g2,mj2: stream 0, timescale not set
2025-10-18T17:56:50 update: added /Frankie Valli - Can't Take My Eyes Off You (Official Audio).m4a
2025-10-18T17:56:50 update: added /Imagine Dragons - Waves (Official Lyric Video).mp3
2025-10-18T17:56:50 ffmpeg/mov,mp4,m4a,3gp,3g2,mj2: stream 0, timescale not set
2025-10-18T17:56:50 update: added /The Lumineers - Sleep On The Floor _ Sub Español.m4a
2025-10-18T17:56:50 ffmpeg/mov,mp4,m4a,3gp,3g2,mj2: stream 0, timescale not set
2025-10-18T17:56:50 update: added /Fue.m4a
2025-10-18T17:56:50 ffmpeg/mov,mp4,m4a,3gp,3g2,mj2: stream 0, timescale not set
2025-10-18T17:56:50 update: added /Bazzi - Dreams (Sub. Español).m4a
2025-10-18T17:56:50 update: added /Oscu x Nobeat - Numero 1 (Video Oficial).mp3
2025-10-18T17:56:50 update: added /3AM - LQND (Letra) _ Rain City ️.mp3
2025-10-18T17:56:50 ffmpeg/mov,mp4,m4a,3gp,3g2,mj2: stream 0, timescale not set
2025-10-18T17:56:50 update: added /KURT- Sonreir (Video Oficial).m4a
2025-10-18T17:56:50 update: added /The Score - The Champion (Audio)_256k.mp3
2025-10-18T17:56:50 update: added /Just A Lil Bit.mp3
2025-10-18T17:56:50 update: added /AaRON - Onassis.m4a
2025-10-18T17:56:50 ffmpeg/mov,mp4,m4a,3gp,3g2,mj2: stream 0, timescale not set
2025-10-18T17:56:50 update: added /Apágala - Nanpa Básico (Video Oficial).m4a
2025-10-18T17:56:50 ffmpeg/mov,mp4,m4a,3gp,3g2,mj2: stream 0, timescale not set
2025-10-18T17:56:50 update: added /Bee Gees - Stayin' Alive (1977).m4a
2025-10-18T17:56:50 ffmpeg/mov,mp4,m4a,3gp,3g2,mj2: stream 0, timescale not set
2025-10-18T17:56:50 update: added /Imagine Dragons - Curse (Audio).m4a
2025-10-18T17:56:50 ffmpeg/mov,mp4,m4a,3gp,3g2,mj2: stream 0, timescale not set
2025-10-18T17:56:50 update: added /Ellie Goulding- How Long Will I Love You.m4a
2025-10-18T17:56:50 ffmpeg/mov,mp4,m4a,3gp,3g2,mj2: stream 0, timescale not set
2025-10-18T17:56:50 update: added /EDEN - Wake Up.m4a
2025-10-18T17:56:50 ffmpeg/mov,mp4,m4a,3gp,3g2,mj2: stream 0, timescale not set
2025-10-18T17:56:50 update: added /Two Feet - Go Fuck Yourself _ Sub Español.m4a
2025-10-18T17:56:50 ffmpeg/mov,mp4,m4a,3gp,3g2,mj2: stream 0, timescale not set
2025-10-18T17:56:50 update: added /Siddhartha - Me Hace Falta (Cap. 2 [Audio]).m4a
2025-10-18T17:56:50 ffmpeg/mov,mp4,m4a,3gp,3g2,mj2: stream 0, timescale not set
2025-10-18T17:56:50 update: added /Maroon 5 - Memories (Audio).m4a
2025-10-18T17:56:50 ffmpeg/mov,mp4,m4a,3gp,3g2,mj2: stream 0, timescale not set
2025-10-18T17:56:50 update: added /Aaron - Endless Song.m4a
2025-10-18T17:56:50 ffmpeg/mov,mp4,m4a,3gp,3g2,mj2: stream 0, timescale not set
2025-10-18T17:56:50 update: added /Kavvo - DESDE QUE TE FUISTE (Lyric Video).m4a
2025-10-18T17:56:50 ffmpeg/mov,mp4,m4a,3gp,3g2,mj2: stream 0, timescale not set
2025-10-18T17:56:50 update: added /No Dejes Que....m4a
2025-10-18T17:56:50 ffmpeg/mov,mp4,m4a,3gp,3g2,mj2: stream 0, timescale not set
2025-10-18T17:56:50 update: added /Queens Of The Stone Age - Little Sister.m4a
2025-10-18T17:56:50 ffmpeg/mov,mp4,m4a,3gp,3g2,mj2: stream 0, timescale not set
2025-10-18T17:56:50 update: added /Eden - Wonder (Sub. Español)_low.m4a
2025-10-18T17:56:50 ffmpeg/mov,mp4,m4a,3gp,3g2,mj2: stream 0, timescale not set
2025-10-18T17:56:50 update: added /Trueno, Nicki Nicole, Bizarrap - MAMICHULA.m4a
2025-10-18T17:56:50 ffmpeg/mov,mp4,m4a,3gp,3g2,mj2: stream 0, timescale not set
2025-10-18T17:56:50 update: added /Yuna - Deeper conversation (Español).m4a
2025-10-18T17:56:50 update: added /Los Aldeanos.- Un dia diferente.m4a
2025-10-18T17:56:50 ffmpeg/mov,mp4,m4a,3gp,3g2,mj2: stream 0, timescale not set
2025-10-18T17:56:50 update: added /Audioslave Light My Way.m4a
2025-10-18T17:56:50 update: added /Confetti - Ghost (Official Audio)_256k.mp3
2025-10-18T17:56:50 ffmpeg/mov,mp4,m4a,3gp,3g2,mj2: stream 0, timescale not set
2025-10-18T17:56:50 update: added /Undisclosed Desires.m4a
2025-10-18T17:56:50 ffmpeg/mov,mp4,m4a,3gp,3g2,mj2: stream 0, timescale not set
2025-10-18T17:56:50 update: added /Guns N' Roses - Don't Cry.m4a
2025-10-18T17:56:50 ffmpeg/mov,mp4,m4a,3gp,3g2,mj2: stream 0, timescale not set
2025-10-18T17:56:50 update: added /Feeling You.m4a
2025-10-18T17:56:50 ffmpeg/mov,mp4,m4a,3gp,3g2,mj2: stream 0, timescale not set
2025-10-18T17:56:50 update: added /Ready Aim Fire - Imagine Dragons (Audio).m4a
2025-10-18T17:56:50 update: added /Joji - Tick Tock (Official Video).mp3
2025-10-18T17:56:50 update: added /3AM - Siempre (Letra).mp3
2025-10-18T17:56:50 update: added /Santa Fe Klan, Dharius, Gera MX, Neto Peña, TiroLoko - Ojos Tumbados (Video Ofic.mp3
2025-10-18T17:56:50 ffmpeg/mov,mp4,m4a,3gp,3g2,mj2: stream 0, timescale not set
2025-10-18T17:56:50 update: added /Blackbear - 4u (Español).m4a
2025-10-18T17:56:50 ffmpeg/mov,mp4,m4a,3gp,3g2,mj2: stream 0, timescale not set
2025-10-18T17:56:50 update: added /Clean Bandit - Symphony feat. Zara Larsson -Lyrics-.m4a
2025-10-18T17:56:50 ffmpeg/mov,mp4,m4a,3gp,3g2,mj2: stream 0, timescale not set
2025-10-18T17:56:50 update: added /Des Rocs - Let Me Live - Let Me Die (Audio).m4a
2025-10-18T17:56:50 ffmpeg/mov,mp4,m4a,3gp,3g2,mj2: stream 0, timescale not set
2025-10-18T17:56:50 update: added /Aerosmith - Amazing.m4a
2025-10-18T17:56:50 update: added /Siddhartha - 00-00 (Video Oficial).mp3
2025-10-18T17:56:50 ffmpeg/mov,mp4,m4a,3gp,3g2,mj2: stream 0, timescale not set
2025-10-18T17:56:50 update: added /The Struts - Body Talks ft. Kesha.m4a
2025-10-18T17:56:50 update: added /Confetti - Dear God (Audio).mp3
2025-10-18T17:56:50 ffmpeg/mov,mp4,m4a,3gp,3g2,mj2: stream 0, timescale not set
2025-10-18T17:56:50 update: added /Nunatak Feat Carlos Sadness - Disonancia perfecta (Acústico).m4a
2025-10-18T17:56:50 update: added /Sofia Reyes- How to love ft. Cash Cash.m4a
2025-10-18T17:56:50 ffmpeg/mov,mp4,m4a,3gp,3g2,mj2: stream 0, timescale not set
2025-10-18T17:56:50 update: added /Hozier - Take Me To Church (Official Video).m4a
2025-10-18T17:56:50 ffmpeg/mov,mp4,m4a,3gp,3g2,mj2: stream 0, timescale not set
2025-10-18T17:56:50 update: added /Believer.m4a
2025-10-18T17:56:50 ffmpeg/mov,mp4,m4a,3gp,3g2,mj2: stream 0, timescale not set
2025-10-18T17:56:50 update: added /Digital.m4a
2025-10-18T17:56:50 ffmpeg/mov,mp4,m4a,3gp,3g2,mj2: stream 0, timescale not set
2025-10-18T17:56:50 update: added /Jósean Log - La Luna (Lyric Video).m4a
2025-10-18T17:56:50 ffmpeg/mov,mp4,m4a,3gp,3g2,mj2: stream 0, timescale not set
2025-10-18T17:56:50 update: added /Bullet In A Gun.m4a
2025-10-18T17:56:50 ffmpeg/mov,mp4,m4a,3gp,3g2,mj2: stream 0, timescale not set
2025-10-18T17:56:50 update: added /Maybe on the Moon.m4a
2025-10-18T17:56:50 ffmpeg/mov,mp4,m4a,3gp,3g2,mj2: stream 0, timescale not set
2025-10-18T17:56:50 update: added /Kar Accidents - El sol y la luna.m4a
2025-10-18T17:56:50 update: added /Joji - High Hopes (ft. Omar Apollo) (Official Audio).mp3
2025-10-18T17:56:50 ffmpeg/mov,mp4,m4a,3gp,3g2,mj2: stream 0, timescale not set
2025-10-18T17:56:50 update: added /Flowklorikos - Donde duele, inspira.m4a
2025-10-18T17:56:50 ffmpeg/mov,mp4,m4a,3gp,3g2,mj2: stream 0, timescale not set
2025-10-18T17:56:50 update: added /Dread Mar I - arbol sin hojas.m4a
2025-10-18T17:56:50 ffmpeg/mov,mp4,m4a,3gp,3g2,mj2: stream 0, timescale not set
2025-10-18T17:56:50 update: added /MGMT - Time To Pretend.m4a
2025-10-18T17:56:50 update: added /MISSIO - Twisted (Audio).mp3
2025-10-18T17:56:50 ffmpeg/mov,mp4,m4a,3gp,3g2,mj2: stream 0, timescale not set
2025-10-18T17:56:50 update: added /EL ESTRÉN - CRUDO MEANS RAW & THE COLOMBIANS - ESMERALDAS.m4a
2025-10-18T17:56:50 ffmpeg/mov,mp4,m4a,3gp,3g2,mj2: stream 0, timescale not set
2025-10-18T17:56:50 update: added /Dread Mar I - Tu Sin Mi   (Video oficial).m4a
2025-10-18T17:56:50 ffmpeg/mov,mp4,m4a,3gp,3g2,mj2: stream 0, timescale not set
2025-10-18T17:56:50 update: added /Keane - A Bad Dream.m4a
2025-10-18T17:56:50 ffmpeg/mov,mp4,m4a,3gp,3g2,mj2: stream 0, timescale not set
2025-10-18T17:56:50 update: added /Freak (feat. REI AMI) [Official Lyric Video].m4a
2025-10-18T17:56:50 ffmpeg/mov,mp4,m4a,3gp,3g2,mj2: stream 0, timescale not set
2025-10-18T17:56:50 update: added /The Middle.mp4
2025-10-18T17:56:50 ffmpeg/mov,mp4,m4a,3gp,3g2,mj2: stream 0, timescale not set
2025-10-18T17:56:50 update: added /Kygo - This Town ft. Sasha Sloan.m4a
2025-10-18T17:56:50 update: added /Trueno, Duki - PANAMÁ (Video Oficial).mp3
2025-10-18T17:56:50 update: added /Bad Bunny - Moscow Mule (Official Video) _ Un Verano Sin Ti.mp3
2025-10-18T17:56:50 ffmpeg/mov,mp4,m4a,3gp,3g2,mj2: stream 0, timescale not set
2025-10-18T17:56:50 update: added /Loco (Tu Forma De Ser) (Remasterized 2001).m4a
2025-10-18T17:56:50 update: added /CENOB1TE & Midnight Conspiracy - Sentinel (Original Mix) HD.m4a
2025-10-18T17:56:50 update: added /Eladio Carrión, Smokepurpp - Huh_ (Visualizer) _ Sauce Boyz.mp3
2025-10-18T17:56:50 ffmpeg/mov,mp4,m4a,3gp,3g2,mj2: stream 0, timescale not set
2025-10-18T17:56:50 update: added /Don Omar - Blue Zone (Lyric Video).m4a
2025-10-18T17:56:50 ffmpeg/mov,mp4,m4a,3gp,3g2,mj2: stream 0, timescale not set
2025-10-18T17:56:50 update: added /Selena Gomez - Bad Liar.m4a
2025-10-18T17:56:50 update: added /Harry Styles - Adore You (Official Audio).mp3
2025-10-18T17:56:50 ffmpeg/mov,mp4,m4a,3gp,3g2,mj2: stream 0, timescale not set
2025-10-18T17:56:50 update: added /MESITA - OBAMA.m4a
2025-10-18T17:56:50 ffmpeg/mov,mp4,m4a,3gp,3g2,mj2: stream 0, timescale not set
2025-10-18T17:56:50 update: added /SFDK con GREEN VALLEY- CANTANDO BAJO LA VIDA  (LYRIC VIDEO).m4a
2025-10-18T17:56:50 ffmpeg/mov,mp4,m4a,3gp,3g2,mj2: stream 0, timescale not set
2025-10-18T17:56:50 update: added /The Killers - Read My Mind.m4a
2025-10-18T17:56:50 ffmpeg/mov,mp4,m4a,3gp,3g2,mj2: stream 0, timescale not set
2025-10-18T17:56:50 update: added /Carla Morrison - te regalo (letra).m4a
2025-10-18T17:56:50 ffmpeg/mov,mp4,m4a,3gp,3g2,mj2: stream 0, timescale not set
2025-10-18T17:56:50 update: added /Too Late To Say Goodbye.m4a
2025-10-18T17:56:50 ffmpeg/mov,mp4,m4a,3gp,3g2,mj2: stream 0, timescale not set
2025-10-18T17:56:50 update: added /Jaymes Young - I'll Be Good _ Sub Español.m4a
2025-10-18T17:56:50 ffmpeg/mov,mp4,m4a,3gp,3g2,mj2: stream 0, timescale not set
2025-10-18T17:56:50 update: added /13 - LA DEL ESTRIBO - APA Y CAN.m4a
2025-10-18T17:56:50 update: added /Lupillo Rivera, Alemán, Santa Fe Klan, B-Real, Snoop Dogg - Grandes Ligas (Audio.mp3
2025-10-18T17:56:50 ffmpeg/mov,mp4,m4a,3gp,3g2,mj2: stream 0, timescale not set
2025-10-18T17:56:50 update: added /Aventura - Ella y Yo (ft. Don Omar).m4a
2025-10-18T17:56:50 update: added /Ellise - 911 (Lyrics)_256k.mp3
2025-10-18T17:56:50 update: added /Pharrell Wiliams- Happy.m4a
2025-10-18T17:56:50 update: added /Nicki Nicole, Tiago PZK - Dame (Official Lyric Video).mp3
2025-10-18T17:56:50 ffmpeg/mov,mp4,m4a,3gp,3g2,mj2: stream 0, timescale not set
2025-10-18T17:56:50 update: added /Imagine Dragons - In Your Corner (Official Lyric Video).m4a
2025-10-18T17:56:50 ffmpeg/mov,mp4,m4a,3gp,3g2,mj2: stream 0, timescale not set
2025-10-18T17:56:50 update: added /Combustión - Jósean Log.m4a
2025-10-18T17:56:50 ffmpeg/mov,mp4,m4a,3gp,3g2,mj2: stream 0, timescale not set
2025-10-18T17:56:50 update: added /Earned It (Fifty Shades Of Grey) (From The 'Fifty Shades Of Grey' Soundtrack) (E.m4a
2025-10-18T17:56:50 ffmpeg/mov,mp4,m4a,3gp,3g2,mj2: stream 0, timescale not set
2025-10-18T17:56:50 update: added /Enamorado tuyo.m4a
2025-10-18T17:56:50 ffmpeg/mov,mp4,m4a,3gp,3g2,mj2: stream 0, timescale not set
2025-10-18T17:56:50 update: added /Feid - Estoy Mejor Sin Ti (Video Oficial).m4a
2025-10-18T17:56:50 ffmpeg/mov,mp4,m4a,3gp,3g2,mj2: stream 0, timescale not set
2025-10-18T17:56:50 update: added /Piledriver waltz.m4a
2025-10-18T17:56:50 ffmpeg/mov,mp4,m4a,3gp,3g2,mj2: stream 0, timescale not set
2025-10-18T17:56:50 update: added /los pericos - RUNAWAY (- cuidame bien -).m4a
2025-10-18T17:56:50 ffmpeg/mov,mp4,m4a,3gp,3g2,mj2: stream 0, timescale not set
2025-10-18T17:56:50 update: added /Elliott Smith - Between The Bars (Lyrics).m4a
2025-10-18T17:56:50 ffmpeg/mov,mp4,m4a,3gp,3g2,mj2: stream 0, timescale not set
2025-10-18T17:56:50 update: added /Aventura - Obsesion.m4a
2025-10-18T17:56:50 ffmpeg/mov,mp4,m4a,3gp,3g2,mj2: stream 0, timescale not set
2025-10-18T17:56:50 update: added /LP - Lost On You -Official Video-.m4a
2025-10-18T17:56:50 update: added /Hello Cotto.mp3
2025-10-18T17:56:50 ffmpeg/mov,mp4,m4a,3gp,3g2,mj2: stream 0, timescale not set
2025-10-18T17:56:50 update: added /Selena Gomez - The Heart Wants What It Wants (Official Video).m4a
2025-10-18T17:56:50 ffmpeg/mov,mp4,m4a,3gp,3g2,mj2: stream 0, timescale not set
2025-10-18T17:56:50 update: added /twenty one pilots- Tear In My Heart [OFFICIAL VIDEO].m4a
2025-10-18T17:56:50 ffmpeg/mov,mp4,m4a,3gp,3g2,mj2: stream 0, timescale not set
2025-10-18T17:56:50 update: added /Myke Towers & Benny Blanco - Degenere.m4a
2025-10-18T17:56:50 update: added /WOS - ARRANCARMELO (Video Oficial).mp3
2025-10-18T17:56:50 ffmpeg/mov,mp4,m4a,3gp,3g2,mj2: stream 0, timescale not set
2025-10-18T17:56:50 update: added /Hazme una Señal (Gimme Little Sign).m4a
2025-10-18T17:56:51 ffmpeg/mov,mp4,m4a,3gp,3g2,mj2: stream 0, timescale not set
2025-10-18T17:56:51 update: added /Natalia Lafourcade - Tú sí sabes quererme (en manos de Los Macorinos).m4a
2025-10-18T17:56:51 update: added /3AM - No Soy DiCaprio (Video Oficial).mp3
2025-10-18T17:56:51 update: added /Passenger- Beatiful birds.mp3
2025-10-18T17:56:51 ffmpeg/mov,mp4,m4a,3gp,3g2,mj2: stream 0, timescale not set
2025-10-18T17:56:51 update: added /Trueno - NO CAP (Visualizer).m4a
2025-10-18T17:56:51 ffmpeg/mov,mp4,m4a,3gp,3g2,mj2: stream 0, timescale not set
2025-10-18T17:56:51 update: added /BorderLine - No era un Niño Normal (Morir Joven).m4a
2025-10-18T17:56:51 ffmpeg/mov,mp4,m4a,3gp,3g2,mj2: stream 0, timescale not set
2025-10-18T17:56:51 update: added /Feel It Still.m4a
2025-10-18T17:56:51 ffmpeg/mov,mp4,m4a,3gp,3g2,mj2: stream 0, timescale not set
2025-10-18T17:56:51 update: added /Radiohead - Creep -Subtitulado Español-.m4a
2025-10-18T17:56:51 ffmpeg/mov,mp4,m4a,3gp,3g2,mj2: stream 0, timescale not set
2025-10-18T17:56:51 update: added /How You Remind Me.m4a
2025-10-18T17:56:51 update: added /Un Coco.mp3
2025-10-18T17:56:51 ffmpeg/mov,mp4,m4a,3gp,3g2,mj2: stream 0, timescale not set
2025-10-18T17:56:51 update: added /Smoke And Mirrors.m4a
2025-10-18T17:56:51 ffmpeg/mov,mp4,m4a,3gp,3g2,mj2: stream 0, timescale not set
2025-10-18T17:56:51 update: added /Álvaro Díaz, Feid - GATITAS SANDUNGUERAS VOL.1 (Visualizer).m4a
2025-10-18T17:56:51 ffmpeg/mov,mp4,m4a,3gp,3g2,mj2: stream 0, timescale not set
2025-10-18T17:56:51 update: added /Christian Nodal - Adios Amor (Video Oficial) (2016) - 'EXCLUSIVO'.m4a
2025-10-18T17:56:51 ffmpeg/mov,mp4,m4a,3gp,3g2,mj2: stream 0, timescale not set
2025-10-18T17:56:51 update: added /Radiohead - All I Need -Sub Español- HD.m4a
2025-10-18T17:56:51 ffmpeg/mov,mp4,m4a,3gp,3g2,mj2: stream 0, timescale not set
2025-10-18T17:56:51 update: added /Carly Rae Jepsen - Your Type (Audio).m4a
2025-10-18T17:56:51 ffmpeg/mov,mp4,m4a,3gp,3g2,mj2: stream 0, timescale not set
2025-10-18T17:56:51 update: added /Two Feet - You Say (Audio).m4a
2025-10-18T17:56:51 ffmpeg/mov,mp4,m4a,3gp,3g2,mj2: stream 0, timescale not set
2025-10-18T17:56:51 update: added /DEL NEGOCIANTE - Los Plebes del Rancho de Ariel Camacho (Video Oficial) _ DEL Re.m4a
2025-10-18T17:56:51 update: added /Easy_256k.mp3
2025-10-18T17:56:51 update: added /Maty Noyes - New Friends (Audio).mp3
2025-10-18T17:56:51 ffmpeg/mov,mp4,m4a,3gp,3g2,mj2: stream 0, timescale not set
2025-10-18T17:56:51 update: added /K-Paz De La Sierra - Mi Credo.m4a
2025-10-18T17:56:51 ffmpeg/mov,mp4,m4a,3gp,3g2,mj2: stream 0, timescale not set
2025-10-18T17:56:51 update: added /TheFatRat - Rise Up.m4a
2025-10-18T17:56:51 ffmpeg/mov,mp4,m4a,3gp,3g2,mj2: stream 0, timescale not set
2025-10-18T17:56:51 update: added /Blossom.m4a
2025-10-18T17:56:51 ffmpeg/mov,mp4,m4a,3gp,3g2,mj2: stream 0, timescale not set
2025-10-18T17:56:51 update: added /Electric Feel.m4a
2025-10-18T17:56:51 ffmpeg/mov,mp4,m4a,3gp,3g2,mj2: stream 0, timescale not set
2025-10-18T17:56:51 update: added /Kurt - La Mujer Perfecta (Lyric Video).m4a
2025-10-18T17:56:51 ffmpeg/mov,mp4,m4a,3gp,3g2,mj2: stream 0, timescale not set
2025-10-18T17:56:51 update: added /Soda Stereo - De Música Ligera.m4a
2025-10-18T17:56:51 ffmpeg/mov,mp4,m4a,3gp,3g2,mj2: stream 0, timescale not set
2025-10-18T17:56:51 update: added /Te Deseo Lo Mejor.m4a
2025-10-18T17:56:51 ffmpeg/mov,mp4,m4a,3gp,3g2,mj2: stream 0, timescale not set
2025-10-18T17:56:51 update: added /Amp Live - Penny Nickel Dime (Dirt Monkey Remix).m4a
2025-10-18T17:56:51 ffmpeg/mov,mp4,m4a,3gp,3g2,mj2: stream 0, timescale not set
2025-10-18T17:56:51 update: added /Rise Up.m4a
2025-10-18T17:56:51 ffmpeg/mov,mp4,m4a,3gp,3g2,mj2: stream 0, timescale not set
2025-10-18T17:56:51 update: added /Banda La Trakalosa - Borracho de amor (Video Oficial).m4a
2025-10-18T17:56:51 ffmpeg/mov,mp4,m4a,3gp,3g2,mj2: stream 0, timescale not set
2025-10-18T17:56:51 update: added /William Bolton - Don't Lose Your Faith.m4a
2025-10-18T17:56:51 ffmpeg/mov,mp4,m4a,3gp,3g2,mj2: stream 0, timescale not set
2025-10-18T17:56:51 update: added /Julieta Venegas - Me Voy.m4a
2025-10-18T17:56:51 ffmpeg/mov,mp4,m4a,3gp,3g2,mj2: stream 0, timescale not set
2025-10-18T17:56:51 update: added /BRATTY - Tu Canción (Lyric Video).m4a
2025-10-18T17:56:51 ffmpeg/mov,mp4,m4a,3gp,3g2,mj2: stream 0, timescale not set
2025-10-18T17:56:51 update: added /Avenged Sevenfold - So Far Away -Official Music Video-.m4a
2025-10-18T17:56:51 ffmpeg/mov,mp4,m4a,3gp,3g2,mj2: stream 0, timescale not set
2025-10-18T17:56:51 update: added /Eminem - Rap God (Explicit).m4a
2025-10-18T17:56:51 ffmpeg/mov,mp4,m4a,3gp,3g2,mj2: stream 0, timescale not set
2025-10-18T17:56:51 update: added /Rapsusklei & Canserbero- Dando Y Perdiendo (letra).m4a
2025-10-18T17:56:51 ffmpeg/mov,mp4,m4a,3gp,3g2,mj2: stream 0, timescale not set
2025-10-18T17:56:51 update: added /Paramore- Still Into You -OFFICIAL VIDEO-.m4a
2025-10-18T17:56:51 ffmpeg/mov,mp4,m4a,3gp,3g2,mj2: stream 0, timescale not set
2025-10-18T17:56:51 update: added /Drown.m4a
2025-10-18T17:56:51 ffmpeg/mov,mp4,m4a,3gp,3g2,mj2: stream 0, timescale not set
2025-10-18T17:56:51 update: added /Sleep Alone.m4a
2025-10-18T17:56:51 ffmpeg/mov,mp4,m4a,3gp,3g2,mj2: stream 0, timescale not set
2025-10-18T17:56:51 update: added /Audioslave - Doesn't Remind Me.m4a
2025-10-18T17:56:51 ffmpeg/mov,mp4,m4a,3gp,3g2,mj2: stream 0, timescale not set
2025-10-18T17:56:51 update: added /Linkin Park - Numb (Official Video).m4a
2025-10-18T17:56:51 ffmpeg/mov,mp4,m4a,3gp,3g2,mj2: stream 0, timescale not set
2025-10-18T17:56:51 update: added /Real 70 Crew - Mi Novia Platónica (AUDIO).m4a
2025-10-18T17:56:51 ffmpeg/mov,mp4,m4a,3gp,3g2,mj2: stream 0, timescale not set
2025-10-18T17:56:51 update: added /Billie Eilish - bad guy.m4a
2025-10-18T17:56:51 ffmpeg/mov,mp4,m4a,3gp,3g2,mj2: stream 0, timescale not set
2025-10-18T17:56:51 update: added /Te metiste - Ariel Camacho (Letra).m4a
2025-10-18T17:56:51 ffmpeg/mov,mp4,m4a,3gp,3g2,mj2: stream 0, timescale not set
2025-10-18T17:56:51 update: added /Chiiild - Pirouette (Audio).m4a
2025-10-18T17:56:51 update: added /Feid - Normal (Lyric Video).mp3
2025-10-18T17:56:51 ffmpeg/mov,mp4,m4a,3gp,3g2,mj2: stream 0, timescale not set
2025-10-18T17:56:51 update: added /En Algun Lugar.m4a
2025-10-18T17:56:51 update: added /Leave Me_256k.mp3
2025-10-18T17:56:51 ffmpeg/mov,mp4,m4a,3gp,3g2,mj2: stream 0, timescale not set
2025-10-18T17:56:51 update: added /Yesterday.m4a
2025-10-18T17:56:51 ffmpeg/mov,mp4,m4a,3gp,3g2,mj2: stream 0, timescale not set
2025-10-18T17:56:51 update: added /Cha-Ching (Till We Grow Older).m4a
2025-10-18T17:56:51 ffmpeg/mov,mp4,m4a,3gp,3g2,mj2: stream 0, timescale not set
2025-10-18T17:56:51 update: added /alt-J (∆) Breezeblocks.m4a
2025-10-18T17:56:51 ffmpeg/mov,mp4,m4a,3gp,3g2,mj2: stream 0, timescale not set
2025-10-18T17:56:51 update: added /Billie Eilish - Ocean Eyes (Dance Performance Video).m4a
2025-10-18T17:56:51 ffmpeg/mov,mp4,m4a,3gp,3g2,mj2: stream 0, timescale not set
2025-10-18T17:56:51 update: added /Two Feet - Call Me, I Still Love You (Audio).m4a
2025-10-18T17:56:51 ffmpeg/mov,mp4,m4a,3gp,3g2,mj2: stream 0, timescale not set
2025-10-18T17:56:51 update: added /Wake Up Alone.m4a
2025-10-18T17:56:51 update: added /John C X Neo pistea X Bhavi X Trueno - C90 Remix (Video Oficial)_256k.mp3
2025-10-18T17:56:51 ffmpeg/mov,mp4,m4a,3gp,3g2,mj2: stream 0, timescale not set
2025-10-18T17:56:51 update: added /Drops.m4a
2025-10-18T17:56:51 ffmpeg/mov,mp4,m4a,3gp,3g2,mj2: stream 0, timescale not set
2025-10-18T17:56:51 update: added /-Electro House- Panda Eyes - Antipixel.m4a
2025-10-18T17:56:51 ffmpeg/mov,mp4,m4a,3gp,3g2,mj2: stream 0, timescale not set
2025-10-18T17:56:51 update: added /WOS - CANGURO.m4a
2025-10-18T17:56:51 ffmpeg/mov,mp4,m4a,3gp,3g2,mj2: stream 0, timescale not set
2025-10-18T17:56:51 update: added /Sia - Cheap Thrills (Audio).m4a
2025-10-18T17:56:51 ffmpeg/mov,mp4,m4a,3gp,3g2,mj2: stream 0, timescale not set
2025-10-18T17:56:51 update: added /You Should Be Dancing.m4a
2025-10-18T17:56:51 update: added /Electric Enemy - Voices (Official Audio).mp3
2025-10-18T17:56:51 ffmpeg/mov,mp4,m4a,3gp,3g2,mj2: stream 0, timescale not set
2025-10-18T17:56:51 update: added /Lil Supa' - Fe de Errata (Vídeo Oficial).m4a
2025-10-18T17:56:51 update: added /Rachel Plattel- Stand by you.m4a
2025-10-18T17:56:51 ffmpeg/mov,mp4,m4a,3gp,3g2,mj2: stream 0, timescale not set
2025-10-18T17:56:51 update: added /Somebody That I Used To Know_HD.m4a
2025-10-18T17:56:51 ffmpeg/mov,mp4,m4a,3gp,3g2,mj2: stream 0, timescale not set
2025-10-18T17:56:51 update: added /Christina Perri - Human -Official Video-.m4a
2025-10-18T17:56:51 ffmpeg/mov,mp4,m4a,3gp,3g2,mj2: stream 0, timescale not set
2025-10-18T17:56:51 update: added /Nirvana - Come As You Are.m4a
2025-10-18T17:56:51 update: added /Arcángel, Miky Woodz, Jay Wheeler - Si Te Veo (Video Oficial).mp3
2025-10-18T17:56:51 ffmpeg/mov,mp4,m4a,3gp,3g2,mj2: stream 0, timescale not set
2025-10-18T17:56:51 update: added /Rauw Alejandro & Chencho Corleone - El Efecto (Video Oficial).m4a
2025-10-18T17:56:51 ffmpeg/mov,mp4,m4a,3gp,3g2,mj2: stream 0, timescale not set
2025-10-18T17:56:51 update: added /SAINT MOTEL - 'Move' (Official Video).m4a
2025-10-18T17:56:51 ffmpeg/mov,mp4,m4a,3gp,3g2,mj2: stream 0, timescale not set
2025-10-18T17:56:51 update: added /Birds.m4a
2025-10-18T17:56:51 update: added /Carla Morrison - Falta de respeto (letra).m4a
2025-10-18T17:56:51 update: added /The Other Side Of Paradise_256k.mp3
2025-10-18T17:56:51 ffmpeg/mov,mp4,m4a,3gp,3g2,mj2: stream 0, timescale not set
2025-10-18T17:56:51 update: added /listen before i go.m4a
2025-10-18T17:56:51 ffmpeg/mov,mp4,m4a,3gp,3g2,mj2: stream 0, timescale not set
2025-10-18T17:56:51 update: added /Something Human.m4a
2025-10-18T17:56:51 ffmpeg/mov,mp4,m4a,3gp,3g2,mj2: stream 0, timescale not set
2025-10-18T17:56:51 update: added /San Cisco - Awkward.m4a
2025-10-18T17:56:51 update: added /Reik, Rauw Alejandro - Loquita (Video Oficial).mp3
2025-10-18T17:56:51 ffmpeg/mov,mp4,m4a,3gp,3g2,mj2: stream 0, timescale not set
2025-10-18T17:56:51 update: added /Dissolve.m4a
2025-10-18T17:56:51 ffmpeg/mov,mp4,m4a,3gp,3g2,mj2: stream 0, timescale not set
2025-10-18T17:56:51 update: added /P!nk - Just Give Me A Reason ft. Nate Ruess.m4a
2025-10-18T17:56:51 ffmpeg/mov,mp4,m4a,3gp,3g2,mj2: stream 0, timescale not set
2025-10-18T17:56:51 update: added /Tame Impala - Feels Like We Only Go Backwards.m4a
2025-10-18T17:56:51 ffmpeg/mov,mp4,m4a,3gp,3g2,mj2: stream 0, timescale not set
2025-10-18T17:56:51 update: added /Canela.m4a
2025-10-18T17:56:51 ffmpeg/mov,mp4,m4a,3gp,3g2,mj2: stream 0, timescale not set
2025-10-18T17:56:51 update: added /R U Mine_.m4a
2025-10-18T17:56:51 ffmpeg/mov,mp4,m4a,3gp,3g2,mj2: stream 0, timescale not set
2025-10-18T17:56:51 update: added /America.m4a
2025-10-18T17:56:51 ffmpeg/mov,mp4,m4a,3gp,3g2,mj2: stream 0, timescale not set
2025-10-18T17:56:51 update: added /The White Stripes - 'Seven Nation Army'.m4a
2025-10-18T17:56:51 ffmpeg/mov,mp4,m4a,3gp,3g2,mj2: stream 0, timescale not set
2025-10-18T17:56:51 update: added /Kavvo - BESOS Y TE AMOS.m4a
2025-10-18T17:56:51 ffmpeg/mov,mp4,m4a,3gp,3g2,mj2: stream 0, timescale not set
2025-10-18T17:56:51 update: added /Shawn Mendes - There's Nothing Holdin' Me Back.m4a
2025-10-18T17:56:51 ffmpeg/mov,mp4,m4a,3gp,3g2,mj2: stream 0, timescale not set
2025-10-18T17:56:51 update: added /Carla Morrison - Sin Despedir -Letra - Descarga Álbum-.m4a
2025-10-18T17:56:51 ffmpeg/mov,mp4,m4a,3gp,3g2,mj2: stream 0, timescale not set
2025-10-18T17:56:51 update: added /Justin Bieber - Intentions (Official Video (Short Version)) ft. Quavo.m4a
2025-10-18T17:56:51 ffmpeg/mov,mp4,m4a,3gp,3g2,mj2: stream 0, timescale not set
2025-10-18T17:56:51 update: added /WOS - OKUPA.m4a
2025-10-18T17:56:51 ffmpeg/mov,mp4,m4a,3gp,3g2,mj2: stream 0, timescale not set
2025-10-18T17:56:51 update: added /Imagine Dragons - The Unknown (Audio)(1).m4a
2025-10-18T17:56:51 ffmpeg/mov,mp4,m4a,3gp,3g2,mj2: stream 0, timescale not set
2025-10-18T17:56:51 update: added /Imagine Dragons - Speechless (Audio).m4a
2025-10-18T17:56:51 update: added /Me Before You - X Ambassadors 'Unsteady' (Erich Lee Gravity Remix).m4a
2025-10-18T17:56:51 ffmpeg/mov,mp4,m4a,3gp,3g2,mj2: stream 0, timescale not set
2025-10-18T17:56:51 update: added /Jaymes Young - Come Back For Me (Español).m4a
2025-10-18T17:56:51 ffmpeg/mov,mp4,m4a,3gp,3g2,mj2: stream 0, timescale not set
2025-10-18T17:56:51 update: added /She Moves In Her Own Way (Acoustic).m4a
2025-10-18T17:56:51 ffmpeg/mov,mp4,m4a,3gp,3g2,mj2: stream 0, timescale not set
2025-10-18T17:56:51 update: added /Feel Trip.m4a
2025-10-18T17:56:51 ffmpeg/mov,mp4,m4a,3gp,3g2,mj2: stream 0, timescale not set
2025-10-18T17:56:51 update: added /Gorillaz - Feel Good Inc. (Remastered).m4a
2025-10-18T17:56:51 ffmpeg/mov,mp4,m4a,3gp,3g2,mj2: stream 0, timescale not set
2025-10-18T17:56:51 update: added /The Smiths - Ask (Official Music Video).m4a
2025-10-18T17:56:51 update: added /Camila Cabello - Used to This (Audio).mp3
2025-10-18T17:56:51 update: added /Paulo Londra - Chance (Official Video).mp3
2025-10-18T17:56:51 ffmpeg/mov,mp4,m4a,3gp,3g2,mj2: stream 0, timescale not set
2025-10-18T17:56:51 update: added /The Kooks - Junk Of The Heart (Happy).m4a
2025-10-18T17:56:51 ffmpeg/mov,mp4,m4a,3gp,3g2,mj2: stream 0, timescale not set
2025-10-18T17:56:51 update: added /Guns N' Roses - November Rain.m4a
2025-10-18T17:56:51 ffmpeg/mov,mp4,m4a,3gp,3g2,mj2: stream 0, timescale not set
2025-10-18T17:56:51 update: added /UN MILLON DE PRIMAVERAS LYRIC VIDEO OFICIAL.m4a
2025-10-18T17:56:51 update: added /Morodo - Mas yama.m4a
2025-10-18T17:56:51 ffmpeg/mov,mp4,m4a,3gp,3g2,mj2: stream 0, timescale not set
2025-10-18T17:56:51 update: added /Stairway To Heaven.m4a
2025-10-18T17:56:51 ffmpeg/mov,mp4,m4a,3gp,3g2,mj2: stream 0, timescale not set
2025-10-18T17:56:51 update: added /Canserbero - 08. Un día en el barrio (Muerte).m4a
2025-10-18T17:56:51 update: added /Real 70 Crew - Pa' Ti No Hay Na' (AUDIO).m4a
2025-10-18T17:56:51 ffmpeg/mov,mp4,m4a,3gp,3g2,mj2: stream 0, timescale not set
2025-10-18T17:56:51 update: added /Oasis - Don't Look Back In Anger (Official Video).m4a
2025-10-18T17:56:51 ffmpeg/mov,mp4,m4a,3gp,3g2,mj2: stream 0, timescale not set
2025-10-18T17:56:51 update: added /AaRON - We Cut the Night.m4a
2025-10-18T17:56:51 update: added /City Wolf - Dead Man Walking_256k.mp3
2025-10-18T17:56:51 ffmpeg/mov,mp4,m4a,3gp,3g2,mj2: stream 0, timescale not set
2025-10-18T17:56:51 update: added /The Strokes - Reptilia.m4a
2025-10-18T17:56:51 update: added /Bad Bunny (ft. The Marias) - Otro Atardecer (360° Visualizer) _ Un Verano Sin Ti.mp3
2025-10-18T17:56:51 ffmpeg/mov,mp4,m4a,3gp,3g2,mj2: stream 0, timescale not set
2025-10-18T17:56:51 update: added /Imagine Dragons - Take My Heart Away (Music Video).m4a
2025-10-18T17:56:51 ffmpeg/mov,mp4,m4a,3gp,3g2,mj2: stream 0, timescale not set
2025-10-18T17:56:51 update: added /Dream.m4a
2025-10-18T17:56:51 ffmpeg/mov,mp4,m4a,3gp,3g2,mj2: stream 0, timescale not set
2025-10-18T17:56:51 update: added /06.10cc - I'm Not In Love (Guardianes de la Galaxia) (Sub. Español).m4a
2025-10-18T17:56:51 ffmpeg/mov,mp4,m4a,3gp,3g2,mj2: stream 0, timescale not set
2025-10-18T17:56:51 update: added /Just The Way You Are.m4a
2025-10-18T17:56:51 ffmpeg/mov,mp4,m4a,3gp,3g2,mj2: stream 0, timescale not set
2025-10-18T17:56:51 update: added /Canserbero - C'est la Mort (VIDEO OFICIAL).m4a
2025-10-18T17:56:51 update: added /The Man Who - Natural Villain (Official Audio).mp3
2025-10-18T17:56:51 update: added /Tiago PZK, Myke Towers - Traductor (Video Oficial).mp3
2025-10-18T17:56:51 ffmpeg/mov,mp4,m4a,3gp,3g2,mj2: stream 0, timescale not set
2025-10-18T17:56:51 update: added /Taylor Swift - Wildest Dreams.m4a
2025-10-18T17:56:51 ffmpeg/mov,mp4,m4a,3gp,3g2,mj2: stream 0, timescale not set
2025-10-18T17:56:51 update: added /SWAN A.k.a FYAHBWOY (El Chico de Fuego) - INNADIFLAMES - VIDEOCLIP OFICIAL HD In.m4a
2025-10-18T17:56:51 ffmpeg/mov,mp4,m4a,3gp,3g2,mj2: stream 0, timescale not set
2025-10-18T17:56:51 update: added /Toploader - Dancing in the Moonlight.m4a
2025-10-18T17:56:51 ffmpeg/mov,mp4,m4a,3gp,3g2,mj2: stream 0, timescale not set
2025-10-18T17:56:51 update: added /Audioslave - Show Me How to Live.m4a
2025-10-18T17:56:51 ffmpeg/mov,mp4,m4a,3gp,3g2,mj2: stream 0, timescale not set
2025-10-18T17:56:51 update: added /MUSE - Dig Down -Official Music Video-.m4a
2025-10-18T17:56:51 ffmpeg/mov,mp4,m4a,3gp,3g2,mj2: stream 0, timescale not set
2025-10-18T17:56:51 update: added /OneRepublic- Let's Hurt Tonight.m4a
2025-10-18T17:56:51 ffmpeg/mov,mp4,m4a,3gp,3g2,mj2: stream 0, timescale not set
2025-10-18T17:56:51 update: added /Todavía Te Alcanzo a Ver.m4a
2025-10-18T17:56:51 update: added /The Score - Can You Hear Me Now (Audio)_256k(1).mp3
2025-10-18T17:56:51 update: added /WOS - MUGRE (Video Oficial).mp3
2025-10-18T17:56:51 ffmpeg/mov,mp4,m4a,3gp,3g2,mj2: stream 0, timescale not set
2025-10-18T17:56:51 update: added /gondwana - sentimiento original.m4a
2025-10-18T17:56:51 update: added /DUKI - GIVENCHY (Video Oficial).mp3
2025-10-18T17:56:51 ffmpeg/mov,mp4,m4a,3gp,3g2,mj2: stream 0, timescale not set
2025-10-18T17:56:51 update: added /Supremacy.m4a
2025-10-18T17:56:51 ffmpeg/mov,mp4,m4a,3gp,3g2,mj2: stream 0, timescale not set
2025-10-18T17:56:51 update: added /Kygo - Stay (Lyric Video) ft. Maty Noyes.m4a
2025-10-18T17:56:51 update: added /Taylor Swift - Look What You Made Me Do (Lyric Video).m4a
2025-10-18T17:56:51 ffmpeg/mov,mp4,m4a,3gp,3g2,mj2: stream 0, timescale not set
2025-10-18T17:56:51 update: added /4 Non Blondes - What's Up.m4a
2025-10-18T17:56:51 ffmpeg/mov,mp4,m4a,3gp,3g2,mj2: stream 0, timescale not set
2025-10-18T17:56:51 update: added /Cigarette Daydreams.m4a
2025-10-18T17:56:51 update: added /3AM - BENIHANA (Video Oficial) (Session).mp3
2025-10-18T17:56:51 ffmpeg/mov,mp4,m4a,3gp,3g2,mj2: stream 0, timescale not set
2025-10-18T17:56:51 update: added /Fall Out Boy - The Last Of The Real Ones.m4a
2025-10-18T17:56:51 update: added /Queens Of The Stone Age - In My Head.m4a
2025-10-18T17:56:51 update: added /AViVA - GRRRLS (OFFICIAL VIDEO)_256k.mp3
2025-10-18T17:56:51 ffmpeg/mov,mp4,m4a,3gp,3g2,mj2: stream 0, timescale not set
2025-10-18T17:56:51 update: added /SLOW DANCING IN THE DARK.m4a
2025-10-18T17:56:51 ffmpeg/mov,mp4,m4a,3gp,3g2,mj2: stream 0, timescale not set
2025-10-18T17:56:51 update: added /Demons.m4a
2025-10-18T17:56:51 update: added /Imagine Dragons - Easy Come Easy Go (Official Lyric Video)_256k.mp3
2025-10-18T17:56:51 ffmpeg/mov,mp4,m4a,3gp,3g2,mj2: stream 0, timescale not set
2025-10-18T17:56:51 update: added /Siddhartha - Los felices (Audio Oficial).m4a
2025-10-18T17:56:51 update: added /3AM - Hasta Que Lo Pierdes (Letra).mp3
2025-10-18T17:56:51 update: added /Enemy (from the series Arcane League of Legends)_256k.mp3
2025-10-18T17:56:51 update: added /Imagine Dragons - I Don't Like Myself (Official Lyric Video).mp3
2025-10-18T17:56:51 ffmpeg/mov,mp4,m4a,3gp,3g2,mj2: stream 0, timescale not set
2025-10-18T17:56:51 update: added /LIT killah - Tan Bien (Official Video) ft. Agus Padilla.m4a
2025-10-18T17:56:51 ffmpeg/mov,mp4,m4a,3gp,3g2,mj2: stream 0, timescale not set
2025-10-18T17:56:51 update: added /TASH SULTANA - JUNGLE (OFFICIAL AUDIO).m4a
2025-10-18T17:56:51 ffmpeg/mov,mp4,m4a,3gp,3g2,mj2: stream 0, timescale not set
2025-10-18T17:56:51 update: added /Mansionair - Easier.m4a
2025-10-18T17:56:51 update: added /Trueno - RAIN II (Video Oficial).mp3
2025-10-18T17:56:52 ffmpeg/mov,mp4,m4a,3gp,3g2,mj2: stream 0, timescale not set
2025-10-18T17:56:52 update: added /Ed Sheeran - Happier -Official Audio-.m4a
2025-10-18T17:56:52 update: added /Carla Morrison - Vez primera (letra).m4a
2025-10-18T17:56:52 update: added /SKRILEX - FIRST OF THE YEAR (Equinox) -pleer.com-.mp3
2025-10-18T17:56:52 ffmpeg/mov,mp4,m4a,3gp,3g2,mj2: stream 0, timescale not set
2025-10-18T17:56:52 update: added /Imagine Dragons - Uptight (Audio).m4a
2025-10-18T17:56:52 ffmpeg/mov,mp4,m4a,3gp,3g2,mj2: stream 0, timescale not set
2025-10-18T17:56:52 update: added /Bring Me To Life.m4a
2025-10-18T17:56:52 ffmpeg/mov,mp4,m4a,3gp,3g2,mj2: stream 0, timescale not set
2025-10-18T17:56:52 update: added /Bastille - Send Them Off!.m4a
2025-10-18T17:56:52 ffmpeg/mov,mp4,m4a,3gp,3g2,mj2: stream 0, timescale not set
2025-10-18T17:56:52 update: added /Vicio (letra) - Camilo Séptimo.m4a
2025-10-18T17:56:52 ffmpeg/mov,mp4,m4a,3gp,3g2,mj2: stream 0, timescale not set
2025-10-18T17:56:52 update: added /Surf Curse - Freaks (Sub. Español).m4a
2025-10-18T17:56:52 ffmpeg/mov,mp4,m4a,3gp,3g2,mj2: stream 0, timescale not set
2025-10-18T17:56:52 update: added /Kaleo - Way Down We Go (Official Video).m4a
2025-10-18T17:56:52 ffmpeg/mov,mp4,m4a,3gp,3g2,mj2: stream 0, timescale not set
2025-10-18T17:56:52 update: added /Meghan Trainor - Like I'm Gonna Lose You (Official Music Video) ft. John Legend.m4a
2025-10-18T17:56:52 ffmpeg/mov,mp4,m4a,3gp,3g2,mj2: stream 0, timescale not set
2025-10-18T17:56:52 update: added /Gerardo Coronel 'El Jerry'  - Te felicito  [Video Oficial 2022].m4a
2025-10-18T17:56:52 update: added /Cami - Funeral ft. WOS.mp3
2025-10-18T17:56:52 ffmpeg/mov,mp4,m4a,3gp,3g2,mj2: stream 0, timescale not set
2025-10-18T17:56:52 update: added /Imagine Dragons - Gold (Audio).m4a
2025-10-18T17:56:52 ffmpeg/mov,mp4,m4a,3gp,3g2,mj2: stream 0, timescale not set
2025-10-18T17:56:52 update: added /Yendo a la Casa de Damián.m4a
2025-10-18T17:56:52 ffmpeg/mov,mp4,m4a,3gp,3g2,mj2: stream 0, timescale not set
2025-10-18T17:56:52 update: added /Jamming Sin Fronteras   Mcklopedia Rapsusklei Canserbero y Cesar Lopez.m4a
2025-10-18T17:56:52 update: added /BabyJake - Cigarettes On Patios (Official Lyric Video).mp3
2025-10-18T17:56:52 ffmpeg/mov,mp4,m4a,3gp,3g2,mj2: stream 0, timescale not set
2025-10-18T17:56:52 update: added /The Unlikely Candidates - Novocaine (Audio).m4a
2025-10-18T17:56:52 ffmpeg/mov,mp4,m4a,3gp,3g2,mj2: stream 0, timescale not set
2025-10-18T17:56:52 update: added /Iridescent (Official Video) - Linkin Park.m4a
2025-10-18T17:56:52 ffmpeg/mov,mp4,m4a,3gp,3g2,mj2: stream 0, timescale not set
2025-10-18T17:56:52 update: added /AaRON - BLOW.m4a
2025-10-18T17:56:52 update: added /Maria Becerra - AUTOMÁTICO (Official Video).mp3
2025-10-18T17:56:52 ffmpeg/mov,mp4,m4a,3gp,3g2,mj2: stream 0, timescale not set
2025-10-18T17:56:52 update: added /Arctic Monkeys - She Looks Like Fun (Official Audio).m4a
2025-10-18T17:56:52 update: added /WOS - MELON VINO (Video Oficial)_256k.mp3
2025-10-18T17:56:52 ffmpeg/mov,mp4,m4a,3gp,3g2,mj2: stream 0, timescale not set
2025-10-18T17:56:52 update: added /Land Of Talk - It's Okay.m4a
2025-10-18T17:56:52 ffmpeg/mov,mp4,m4a,3gp,3g2,mj2: stream 0, timescale not set
2025-10-18T17:56:52 update: added /Ain't No Mountain High Enough.m4a
2025-10-18T17:56:52 ffmpeg/mov,mp4,m4a,3gp,3g2,mj2: stream 0, timescale not set
2025-10-18T17:56:52 update: added /Galantis - Runaway (U & I) Audio.m4a
2025-10-18T17:56:52 update: added /BAD BUNNY x DADDY YANKEE - LA SANTA _ YHLQMDLG [Visualizer].mp3
2025-10-18T17:56:52 update: added /BAD BUNNY x JHAY CORTEZ - DÁKITI (Video Oficial).mp3
2025-10-18T17:56:52 ffmpeg/mov,mp4,m4a,3gp,3g2,mj2: stream 0, timescale not set
2025-10-18T17:56:52 update: added /Handshake.m4a
2025-10-18T17:56:52 ffmpeg/mov,mp4,m4a,3gp,3g2,mj2: stream 0, timescale not set
2025-10-18T17:56:52 update: added /Zuli - blaze.m4a
2025-10-18T17:56:52 ffmpeg/mov,mp4,m4a,3gp,3g2,mj2: stream 0, timescale not set
2025-10-18T17:56:52 update: added /Oasis - Don't Go Away.m4a
2025-10-18T17:56:52 ffmpeg/mov,mp4,m4a,3gp,3g2,mj2: stream 0, timescale not set
2025-10-18T17:56:52 update: added /Radiohead - 2-2=5 -Piano Cover-.m4a
2025-10-18T17:56:52 ffmpeg/mov,mp4,m4a,3gp,3g2,mj2: stream 0, timescale not set
2025-10-18T17:56:52 update: added /I Don't Mind.m4a
2025-10-18T17:56:52 ffmpeg/mov,mp4,m4a,3gp,3g2,mj2: stream 0, timescale not set
2025-10-18T17:56:52 update: added /Milky Chance - The Game (Official Video).m4a
2025-10-18T17:56:52 ffmpeg/mov,mp4,m4a,3gp,3g2,mj2: stream 0, timescale not set
2025-10-18T17:56:52 update: added /Tame Impala - Let It Happen.m4a
2025-10-18T17:56:52 ffmpeg/mov,mp4,m4a,3gp,3g2,mj2: stream 0, timescale not set
2025-10-18T17:56:52 update: added /Cover Up.m4a
2025-10-18T17:56:52 ffmpeg/mov,mp4,m4a,3gp,3g2,mj2: stream 0, timescale not set
2025-10-18T17:56:52 update: added /Sweet Home Alabama.m4a
2025-10-18T17:56:52 ffmpeg/mov,mp4,m4a,3gp,3g2,mj2: stream 0, timescale not set
2025-10-18T17:56:52 update: added /Burn It Down (Official Video) - Linkin Park.m4a
2025-10-18T17:56:52 ffmpeg/mov,mp4,m4a,3gp,3g2,mj2: stream 0, timescale not set
2025-10-18T17:56:52 update: added /Nunatak - Disonancia Perfecta (Audio Oficial).m4a
2025-10-18T17:56:52 ffmpeg/mov,mp4,m4a,3gp,3g2,mj2: stream 0, timescale not set
2025-10-18T17:56:52 update: added /Pyramid.m4a
2025-10-18T17:56:52 ffmpeg/mov,mp4,m4a,3gp,3g2,mj2: stream 0, timescale not set
2025-10-18T17:56:52 update: added /Panic! At The Disco- Death Of A Bachelor -OFFICIAL VIDEO-.m4a
2025-10-18T17:56:52 ffmpeg/mov,mp4,m4a,3gp,3g2,mj2: stream 0, timescale not set
2025-10-18T17:56:52 update: added /ELECTRO SWING - CUT CAPERS - SAY WHAT (PiSK REMIX).m4a
2025-10-18T17:56:52 ffmpeg/mov,mp4,m4a,3gp,3g2,mj2: stream 0, timescale not set
2025-10-18T17:56:52 update: added /Red Hot Chili Peppers - Can't Stop -Official Music Video-.m4a
2025-10-18T17:56:52 update: added /Deyco - Alas rotas (prod.bronze).mp3
2025-10-18T17:56:52 ffmpeg/mov,mp4,m4a,3gp,3g2,mj2: stream 0, timescale not set
2025-10-18T17:56:52 update: added /Russ - Begging You (Official Audio).m4a
2025-10-18T17:56:52 ffmpeg/mov,mp4,m4a,3gp,3g2,mj2: stream 0, timescale not set
2025-10-18T17:56:52 update: added /Panic Station.m4a
2025-10-18T17:56:52 ffmpeg/mov,mp4,m4a,3gp,3g2,mj2: stream 0, timescale not set
2025-10-18T17:56:52 update: added /Siddhartha - Película (Letra) Cap. 3.m4a
2025-10-18T17:56:52 ffmpeg/mov,mp4,m4a,3gp,3g2,mj2: stream 0, timescale not set
2025-10-18T17:56:52 update: added /Billie Eilish - COPYCAT (Audio).m4a
2025-10-18T17:56:52 ffmpeg/mov,mp4,m4a,3gp,3g2,mj2: stream 0, timescale not set
2025-10-18T17:56:52 update: added /That's Life (Remastered 2008).m4a
2025-10-18T17:56:52 update: added /QUISE SER FELIZ - ZARCORT Y ITOWNGAMEPLAY.m4a
2025-10-18T17:56:52 ffmpeg/mov,mp4,m4a,3gp,3g2,mj2: stream 0, timescale not set
2025-10-18T17:56:52 update: added /BØRNS - American Money.m4a
2025-10-18T17:56:52 ffmpeg/mov,mp4,m4a,3gp,3g2,mj2: stream 0, timescale not set
2025-10-18T17:56:52 update: added /Polaroid - Imagine Dragons (Audio).m4a
2025-10-18T17:56:52 ffmpeg/mov,mp4,m4a,3gp,3g2,mj2: stream 0, timescale not set
2025-10-18T17:56:52 update: added /Audioslave Set It Off.m4a
2025-10-18T17:56:52 update: added /princess complex - blackbear; español..m4a
2025-10-18T17:56:52 update: added /Canserbero...mp3
2025-10-18T17:56:52 update: added /The Score - Strange (Official Audio)_256k.mp3
2025-10-18T17:56:52 update: added /Sleeping Wolf - Freaks Like Us - Official Lyric Video.mp3
2025-10-18T17:56:52 ffmpeg/mov,mp4,m4a,3gp,3g2,mj2: stream 0, timescale not set
2025-10-18T17:56:52 update: added /Concorde  'Just Kiss Her' -- Español.m4a
2025-10-18T17:56:52 ffmpeg/mov,mp4,m4a,3gp,3g2,mj2: stream 0, timescale not set
2025-10-18T17:56:52 update: added /The Drums - Days.m4a
2025-10-18T17:56:52 ffmpeg/mov,mp4,m4a,3gp,3g2,mj2: stream 0, timescale not set
2025-10-18T17:56:52 update: added /Arctic Monkeys - The Ultracheese (Official Audio).m4a
2025-10-18T17:56:52 ffmpeg/mov,mp4,m4a,3gp,3g2,mj2: stream 0, timescale not set
2025-10-18T17:56:52 update: added /Tú.m4a
2025-10-18T17:56:52 ffmpeg/mov,mp4,m4a,3gp,3g2,mj2: stream 0, timescale not set
2025-10-18T17:56:52 update: added /Bandoleros.m4a
2025-10-18T17:56:52 ffmpeg/mov,mp4,m4a,3gp,3g2,mj2: stream 0, timescale not set
2025-10-18T17:56:52 update: added /Rauw Alejandro - DILUVIO (Visualizer).m4a
2025-10-18T17:56:52 ffmpeg/mov,mp4,m4a,3gp,3g2,mj2: stream 0, timescale not set
2025-10-18T17:56:52 update: added /Fade - Imagine Dragons & Egyptian (Audio).m4a
2025-10-18T17:56:52 ffmpeg/mov,mp4,m4a,3gp,3g2,mj2: stream 0, timescale not set
2025-10-18T17:56:52 update: added /Ya no sé qué hacer conmigo.m4a
2025-10-18T17:56:52 update: added /Maria Becerra, RusherKing - Confiésalo (Official Video)_256k.mp3
2025-10-18T17:56:52 ffmpeg/mov,mp4,m4a,3gp,3g2,mj2: stream 0, timescale not set
2025-10-18T17:56:52 update: added /All Eyes - Imagine Dragons (With Lyrics).m4a
2025-10-18T17:56:52 ffmpeg/mov,mp4,m4a,3gp,3g2,mj2: stream 0, timescale not set
2025-10-18T17:56:52 update: added /Zaz - Je veux (Official Music Video).m4a
2025-10-18T17:56:52 update: added /TRUENO __ BZRP Freestyle Sessions @6_256k.mp3
2025-10-18T17:56:52 ffmpeg/mov,mp4,m4a,3gp,3g2,mj2: stream 0, timescale not set
2025-10-18T17:56:52 update: added /Underdog.m4a
2025-10-18T17:56:52 ffmpeg/mov,mp4,m4a,3gp,3g2,mj2: stream 0, timescale not set
2025-10-18T17:56:52 update: added /Jesse & Joy - Corre  (Lyric Video).m4a
2025-10-18T17:56:52 update: added /KAKTOV - MORMON (Videolyric Oficial).mp3
2025-10-18T17:56:52 ffmpeg/mov,mp4,m4a,3gp,3g2,mj2: stream 0, timescale not set
2025-10-18T17:56:52 update: added /Imagine Dragons – I Don't Know Why -Exclusive-.m4a
2025-10-18T17:56:52 ffmpeg/mov,mp4,m4a,3gp,3g2,mj2: stream 0, timescale not set
2025-10-18T17:56:52 update: added /CANSERBERO FT LIL SUPA Y DANNIGGAZ - T.A.L.K..m4a
2025-10-18T17:56:52 update: added /Ice Cube - It Was A Good Day (Remastered).mp3
2025-10-18T17:56:52 ffmpeg/mov,mp4,m4a,3gp,3g2,mj2: stream 0, timescale not set
2025-10-18T17:56:52 update: added /Culpables - MTZ Manuel Turizo (Video con Letra).m4a
2025-10-18T17:56:52 ffmpeg/mov,mp4,m4a,3gp,3g2,mj2: stream 0, timescale not set
2025-10-18T17:56:52 update: added /Reapers.m4a
2025-10-18T17:56:52 ffmpeg/mov,mp4,m4a,3gp,3g2,mj2: stream 0, timescale not set
2025-10-18T17:56:52 update: added /Canserbero - Cuando Vayas Conmigo.m4a
2025-10-18T17:56:52 update: added /Shake, Shake, Shake - SHAKE! SHAKE! SHAKE! - Bronze Radio Return.mp3
2025-10-18T17:56:52 ffmpeg/mov,mp4,m4a,3gp,3g2,mj2: stream 0, timescale not set
2025-10-18T17:56:52 update: added /MISSIO - Sing To Me (Lyric Video).m4a
2025-10-18T17:56:52 update: added /3AM - Roto (Letra).mp3
2025-10-18T17:56:52 ffmpeg/mov,mp4,m4a,3gp,3g2,mj2: stream 0, timescale not set
2025-10-18T17:56:52 update: added /Louis Armstrong What A Wonderful World Subtitulada Español Inglés.m4a
2025-10-18T17:56:52 ffmpeg/mov,mp4,m4a,3gp,3g2,mj2: stream 0, timescale not set
2025-10-18T17:56:52 update: added /Zoé - Hielo (Audio).m4a
2025-10-18T17:56:52 ffmpeg/mov,mp4,m4a,3gp,3g2,mj2: stream 0, timescale not set
2025-10-18T17:56:52 update: added /Melanie Martinez - Wheels On the Bus [Official Audio].m4a
2025-10-18T17:56:52 ffmpeg/mov,mp4,m4a,3gp,3g2,mj2: stream 0, timescale not set
2025-10-18T17:56:52 update: added /Plan B - Candy [Official Audio].m4a
2025-10-18T17:56:52 ffmpeg/mov,mp4,m4a,3gp,3g2,mj2: stream 0, timescale not set
2025-10-18T17:56:52 update: added /The White Stripes - I'm Slowly Turning Into You.m4a
2025-10-18T17:56:52 update: added /Bring Me The Horizon - Follow You (Official Video)_256k.mp3
2025-10-18T17:56:52 ffmpeg/mov,mp4,m4a,3gp,3g2,mj2: stream 0, timescale not set
2025-10-18T17:56:52 update: added /Cazzu - Maldade$ (Audio Oficial).m4a
2025-10-18T17:56:52 ffmpeg/mov,mp4,m4a,3gp,3g2,mj2: stream 0, timescale not set
2025-10-18T17:56:52 update: added /BØRNS - We Don't Care.m4a
2025-10-18T17:56:52 update: added /Modestep - Sunlight.m4a
2025-10-18T17:56:52 update: added /DUKI, De La Ghetto, Quevedo - Si Quieren Frontear (Video Oficial).mp3
2025-10-18T17:56:52 ffmpeg/mov,mp4,m4a,3gp,3g2,mj2: stream 0, timescale not set
2025-10-18T17:56:52 update: added /Red Hot Chili Peppers - By The Way -Official Music Video-.m4a
2025-10-18T17:56:52 update: added /Payphone.mp3
2025-10-18T17:56:52 ffmpeg/mov,mp4,m4a,3gp,3g2,mj2: stream 0, timescale not set
2025-10-18T17:56:52 update: added /The Strokes - Heart In A Cage.m4a
2025-10-18T17:56:52 ffmpeg/mov,mp4,m4a,3gp,3g2,mj2: stream 0, timescale not set
2025-10-18T17:56:52 update: added /Russ - Pull The Trigger.m4a
2025-10-18T17:56:52 ffmpeg/mov,mp4,m4a,3gp,3g2,mj2: stream 0, timescale not set
2025-10-18T17:56:52 update: added /The Kooks - Seaside.m4a
2025-10-18T17:56:52 update: added /Invitation (feat. Kodie Shane)_256k.mp3
2025-10-18T17:56:52 ffmpeg/mov,mp4,m4a,3gp,3g2,mj2: stream 0, timescale not set
2025-10-18T17:56:52 update: added /Pulso & Sudor.m4a
2025-10-18T17:56:52 ffmpeg/mov,mp4,m4a,3gp,3g2,mj2: stream 0, timescale not set
2025-10-18T17:56:52 update: added /Remember Who I Was.m4a
2025-10-18T17:56:52 ffmpeg/mov,mp4,m4a,3gp,3g2,mj2: stream 0, timescale not set
2025-10-18T17:56:52 update: added /8.m4a
2025-10-18T17:56:52 update: added /Xavi - La Diabla (Official Video).m4a
2025-10-18T17:56:52 ffmpeg/mov,mp4,m4a,3gp,3g2,mj2: stream 0, timescale not set
2025-10-18T17:56:52 update: added /BAD BUNNY - KETU TeCRÉ (Visualizer) _ DeBÍ TiRAR MáS FOToS.m4a
2025-10-18T17:56:52 ffmpeg/mov,mp4,m4a,3gp,3g2,mj2: stream 0, timescale not set
2025-10-18T17:56:52 update: added /Sofia Reyes - 1, 2, 3 (feat. Jason Derulo & De La Ghetto) [Official Video].m4a
2025-10-18T17:56:52 ffmpeg/mov,mp4,m4a,3gp,3g2,mj2: stream 0, timescale not set
2025-10-18T17:56:52 update: added /La de Roberto - Hemisferios.m4a
2025-10-18T17:56:52 ffmpeg/mov,mp4,m4a,3gp,3g2,mj2: stream 0, timescale not set
2025-10-18T17:56:52 update: added /Changing Of The Seasons.m4a
2025-10-18T17:56:52 ffmpeg/mov,mp4,m4a,3gp,3g2,mj2: stream 0, timescale not set
2025-10-18T17:56:52 update: added /Halsey - Bad At Love (Audio).m4a
2025-10-18T17:56:52 ffmpeg/mov,mp4,m4a,3gp,3g2,mj2: stream 0, timescale not set
2025-10-18T17:56:52 update: added /Prey.m4a
2025-10-18T17:56:52 ffmpeg/mov,mp4,m4a,3gp,3g2,mj2: stream 0, timescale not set
2025-10-18T17:56:52 update: added /Sorry.m4a
2025-10-18T17:56:52 ffmpeg/mov,mp4,m4a,3gp,3g2,mj2: stream 0, timescale not set
2025-10-18T17:56:52 update: added /Spag Heddy - Permanent.m4a
2025-10-18T17:56:52 update: added /Tommy Torres- Querido Tommy.m4a
2025-10-18T17:56:52 ffmpeg/mov,mp4,m4a,3gp,3g2,mj2: stream 0, timescale not set
2025-10-18T17:56:52 update: added /Come Together.m4a
2025-10-18T17:56:52 ffmpeg/mov,mp4,m4a,3gp,3g2,mj2: stream 0, timescale not set
2025-10-18T17:56:52 update: added /Imagine Dragons - Darkness (Audio).m4a
2025-10-18T17:56:52 ffmpeg/mov,mp4,m4a,3gp,3g2,mj2: stream 0, timescale not set
2025-10-18T17:56:52 update: added /Plan B - Chica Ven Pa' Aca _ Los Matadores del Genero.m4a
2025-10-18T17:56:52 ffmpeg/mov,mp4,m4a,3gp,3g2,mj2: stream 0, timescale not set
2025-10-18T17:56:52 update: added /Little Jesus - La Magia.m4a
2025-10-18T17:56:52 ffmpeg/mov,mp4,m4a,3gp,3g2,mj2: stream 0, timescale not set
2025-10-18T17:56:52 update: added /Soda Stereo - Cuando pase el temblor.m4a
2025-10-18T17:56:52 ffmpeg/mov,mp4,m4a,3gp,3g2,mj2: stream 0, timescale not set
2025-10-18T17:56:52 update: added /Lana Del Rey - Love.m4a
2025-10-18T17:56:52 ffmpeg/sami: Format sami detected only with low score of 1, misdetection possible!
2025-10-18T17:56:52 ffmpeg/mov,mp4,m4a,3gp,3g2,mj2: stream 0, timescale not set
2025-10-18T17:56:52 update: added /Canserbero - Jeremías 17-5 (VIDEO OFICIAL).m4a
2025-10-18T17:56:52 update: added /Imagine Dragons - Follow You (Lyric Video)_256k.mp3
2025-10-18T17:56:52 update: added /Electro Swing - Pisk - Minnie The Moocher (ft Cab Calloway) Cotton Club Cover -A.m4a
2025-10-18T17:56:52 ffmpeg/mov,mp4,m4a,3gp,3g2,mj2: stream 0, timescale not set
2025-10-18T17:56:52 update: added /Lobo Hombre En Paris.m4a
2025-10-18T17:56:52 ffmpeg/mov,mp4,m4a,3gp,3g2,mj2: stream 0, timescale not set
2025-10-18T17:56:52 update: added /Akapellah - Sin Miedo Feat Norick, Gona & Yoky Barrios (Video Oficial).m4a
2025-10-18T17:56:52 ffmpeg/mov,mp4,m4a,3gp,3g2,mj2: stream 0, timescale not set
2025-10-18T17:56:52 update: added /From The Inside (Official Video) - Linkin Park.m4a
2025-10-18T17:56:52 ffmpeg/mov,mp4,m4a,3gp,3g2,mj2: stream 0, timescale not set
2025-10-18T17:56:52 update: added /Mañana Será Otro Día.m4a
2025-10-18T17:56:52 update: added /Finish Ticket - Dream Song [Official Music Video]_256k.mp3
2025-10-18T17:56:52 ffmpeg/mov,mp4,m4a,3gp,3g2,mj2: stream 0, timescale not set
2025-10-18T17:56:52 update: added /Rvssian x Rauw Alejandro x Ayra Starr - SANTA (Letra-Lyrics).m4a
2025-10-18T17:56:52 ffmpeg/mov,mp4,m4a,3gp,3g2,mj2: stream 0, timescale not set
2025-10-18T17:56:52 update: added /Alex Turner - Hiding Tonight (Submarine OST) (Sub. Español).m4a
2025-10-18T17:56:52 update: added /The Score & AWOLNATION - Carry On (Official Video)_256k.mp3
2025-10-18T17:56:52 ffmpeg/mov,mp4,m4a,3gp,3g2,mj2: stream 0, timescale not set
2025-10-18T17:56:52 update: added /Siddhartha - Una noche tranquila (Letra).m4a
2025-10-18T17:56:52 update: added /Joji - 777 (Official Audio).mp3
2025-10-18T17:56:52 ffmpeg/mov,mp4,m4a,3gp,3g2,mj2: stream 0, timescale not set
2025-10-18T17:56:52 update: added /Break it to Me.m4a
2025-10-18T17:56:52 update: added /3AM - Mándame Una Foto (Letra).mp3
2025-10-18T17:56:52 ffmpeg/mov,mp4,m4a,3gp,3g2,mj2: stream 0, timescale not set
2025-10-18T17:56:52 update: added /AaRON - Arm your eyes.m4a
2025-10-18T17:56:52 ffmpeg/mov,mp4,m4a,3gp,3g2,mj2: stream 0, timescale not set
2025-10-18T17:56:52 update: added /Hallelujah.m4a
2025-10-18T17:56:52 ffmpeg/mov,mp4,m4a,3gp,3g2,mj2: stream 0, timescale not set
2025-10-18T17:56:52 update: added /Float On.m4a
2025-10-18T17:56:52 ffmpeg/mov,mp4,m4a,3gp,3g2,mj2: stream 0, timescale not set
2025-10-18T17:56:52 update: added /Nirvana - Smells Like Teen Spirit.m4a
2025-10-18T17:56:52 update: added /W Sound 01 'Soltera' - Blessd, Westcol, Ovy On The Drums (Official Video).m4a
2025-10-18T17:56:52 ffmpeg/mov,mp4,m4a,3gp,3g2,mj2: stream 0, timescale not set
2025-10-18T17:56:52 update: added /Alta Consigna - Culpable Tu ( Video Oficial 2016).m4a
2025-10-18T17:56:52 ffmpeg/mov,mp4,m4a,3gp,3g2,mj2: stream 0, timescale not set
2025-10-18T17:56:52 update: added /NO LO HICE BIEN - Los Plebes del Rancho de Ariel Camacho (Video Oficial) _ DEL R.m4a
2025-10-18T17:56:52 ffmpeg/mov,mp4,m4a,3gp,3g2,mj2: stream 0, timescale not set
2025-10-18T17:56:52 update: added /Aaron - Mister K..m4a
2025-10-18T17:56:52 ffmpeg/mov,mp4,m4a,3gp,3g2,mj2: stream 0, timescale not set
2025-10-18T17:56:52 update: added /Avenged Sevenfold - Dear God -Official Music Video-.m4a
2025-10-18T17:56:52 ffmpeg/mov,mp4,m4a,3gp,3g2,mj2: stream 0, timescale not set
2025-10-18T17:56:52 update: added /3AM, Babi - Tarde (Videoletra).m4a
2025-10-18T17:56:52 update: added /Imagine Dragons - Tied (Official Lyric Video).mp3
2025-10-18T17:56:52 ffmpeg/mov,mp4,m4a,3gp,3g2,mj2: stream 0, timescale not set
2025-10-18T17:56:52 update: added /Radiohead - Fake Plastic Trees.m4a
2025-10-18T17:56:52 ffmpeg/mov,mp4,m4a,3gp,3g2,mj2: stream 0, timescale not set
2025-10-18T17:56:52 update: added /The National - Gospel.m4a
2025-10-18T17:56:52 ffmpeg/mov,mp4,m4a,3gp,3g2,mj2: stream 0, timescale not set
2025-10-18T17:56:52 update: added /Crecer Germán - Quién Te Entiende.m4a
2025-10-18T17:56:52 update: added /Tiago PZK - Borracho (Visualizer Oficial).mp3
2025-10-18T17:56:52 ffmpeg/mov,mp4,m4a,3gp,3g2,mj2: stream 0, timescale not set
2025-10-18T17:56:52 update: added /Luz De Dia.m4a
2025-10-18T17:56:52 ffmpeg/mov,mp4,m4a,3gp,3g2,mj2: stream 0, timescale not set
2025-10-18T17:56:53 update: added /Audioslave - Wide Awake.m4a
2025-10-18T17:56:53 update: added /Spag Heddy - Nostalgibra -Drumstep-.m4a
2025-10-18T17:56:53 ffmpeg/mov,mp4,m4a,3gp,3g2,mj2: stream 0, timescale not set
2025-10-18T17:56:53 update: added /The Neighbourhood - Void (Audio).m4a
2025-10-18T17:56:53 update: added /TINI, Maria Becerra - Miénteme (Official Video)_256k.mp3
2025-10-18T17:56:53 ffmpeg/mov,mp4,m4a,3gp,3g2,mj2: stream 0, timescale not set
2025-10-18T17:56:53 update: added /blackbear -- addiction -traducida al español-.m4a
2025-10-18T17:56:53 ffmpeg/mov,mp4,m4a,3gp,3g2,mj2: stream 0, timescale not set
2025-10-18T17:56:53 update: added /twenty one pilots- Heathens (from Suicide Squad- The Album) -OFFICIAL VIDEO-.m4a
2025-10-18T17:56:53 ffmpeg/mov,mp4,m4a,3gp,3g2,mj2: stream 0, timescale not set
2025-10-18T17:56:53 update: added /I Know It's Over (2011 Remastered Version).m4a
2025-10-18T17:56:53 ffmpeg/mov,mp4,m4a,3gp,3g2,mj2: stream 0, timescale not set
2025-10-18T17:56:53 update: added /Aaron - Embers.m4a
2025-10-18T17:56:53 ffmpeg/mov,mp4,m4a,3gp,3g2,mj2: stream 0, timescale not set
2025-10-18T17:56:53 update: added /half•alive - still feel. [VIDEO].m4a
2025-10-18T17:56:53 ffmpeg/mov,mp4,m4a,3gp,3g2,mj2: stream 0, timescale not set
2025-10-18T17:56:53 update: added /Alan Walker ft. Gavin James - Tired _ Sub Español.m4a
2025-10-18T17:56:53 update: added /Audioslave-Gasoline (Lyrics).m4a
2025-10-18T17:56:53 ffmpeg/mov,mp4,m4a,3gp,3g2,mj2: stream 0, timescale not set
2025-10-18T17:56:53 update: added /Harry Styles - She (Official Audio).m4a
2025-10-18T17:56:53 ffmpeg/mov,mp4,m4a,3gp,3g2,mj2: stream 0, timescale not set
2025-10-18T17:56:53 update: added /The Score - Redemption Song (Official Visualizer).m4a
2025-10-18T17:56:53 update: added /Mista_Uanteik_Prod._Afromak_Switch_.mp3
2025-10-18T17:56:53 update: added /EL CHICO INVISIBLE _ RAP _ ZARCORT Y TOWN.m4a
2025-10-18T17:56:53 ffmpeg/mov,mp4,m4a,3gp,3g2,mj2: stream 0, timescale not set
2025-10-18T17:56:53 update: added /Beabadoobee - Coffee.m4a
2025-10-18T17:56:53 update: added /I_Can_t_Stop.mp3
2025-10-18T17:56:53 update: added /3AM - Una Rosa (Letra).mp3
2025-10-18T17:56:53 update: added /It's Ok_256k.mp3
2025-10-18T17:56:53 ffmpeg/mov,mp4,m4a,3gp,3g2,mj2: stream 0, timescale not set
2025-10-18T17:56:53 update: added /Caravan Palace - Plume (Official audio).m4a
2025-10-18T17:56:53 ffmpeg/mov,mp4,m4a,3gp,3g2,mj2: stream 0, timescale not set
2025-10-18T17:56:53 update: added /Imagine Dragons - Machine (Audio).m4a
2025-10-18T17:56:53 ffmpeg/mov,mp4,m4a,3gp,3g2,mj2: stream 0, timescale not set
2025-10-18T17:56:53 update: added /Passenger _ Let Her Go (Official Video).m4a
2025-10-18T17:56:53 ffmpeg/mov,mp4,m4a,3gp,3g2,mj2: stream 0, timescale not set
2025-10-18T17:56:53 update: added /Paulo Londra - Party Ft. A Boogie Wit da Hoodie (official Video).m4a
2025-10-18T17:56:53 ffmpeg/mov,mp4,m4a,3gp,3g2,mj2: stream 0, timescale not set
2025-10-18T17:56:53 update: added /Daddy Yankee - Lo Que Pasó, Pasó (Audio).m4a
2025-10-18T17:56:53 ffmpeg/sami: Format sami detected only with low score of 1, misdetection possible!
2025-10-18T17:56:53 ffmpeg/mov,mp4,m4a,3gp,3g2,mj2: stream 0, timescale not set
2025-10-18T17:56:53 update: added /Shawn Mendes - Why -- Español.m4a
2025-10-18T17:56:53 ffmpeg/mov,mp4,m4a,3gp,3g2,mj2: stream 0, timescale not set
2025-10-18T17:56:53 update: added /Charlie Puth - Attention -Official Video-.m4a
2025-10-18T17:56:53 update: added /Imagine Dragons - Cutthroat (Lyric Video)_256k.mp3
2025-10-18T17:56:53 ffmpeg/mov,mp4,m4a,3gp,3g2,mj2: stream 0, timescale not set
2025-10-18T17:56:53 update: added /Maná - Mariposa Traicionera (Video Oficial).m4a
2025-10-18T17:56:53 ffmpeg/mov,mp4,m4a,3gp,3g2,mj2: stream 0, timescale not set
2025-10-18T17:56:53 update: added /Eminem - Not Afraid.m4a
2025-10-18T17:56:53 ffmpeg/mov,mp4,m4a,3gp,3g2,mj2: stream 0, timescale not set
2025-10-18T17:56:53 update: added /MILO J - SINCERA TE (Video Oficial).m4a
2025-10-18T17:56:53 ffmpeg/mov,mp4,m4a,3gp,3g2,mj2: stream 0, timescale not set
2025-10-18T17:56:53 update: added /08 - OUROBOROS - APA Y CAN.m4a
2025-10-18T17:56:53 ffmpeg/mov,mp4,m4a,3gp,3g2,mj2: stream 0, timescale not set
2025-10-18T17:56:53 update: added /Come A Little Closer.m4a
2025-10-18T17:56:53 update: added /Reik - Me Niego ft. Ozuna, Wisin.mp3
2025-10-18T17:56:53 ffmpeg/mov,mp4,m4a,3gp,3g2,mj2: stream 0, timescale not set
2025-10-18T17:56:53 update: added /Carla Morrison - Compartir -VIDEO OFICIAL-.m4a
2025-10-18T17:56:53 ffmpeg/mov,mp4,m4a,3gp,3g2,mj2: stream 0, timescale not set
2025-10-18T17:56:53 update: added /weak when ur around - blackbear -- español.m4a
2025-10-18T17:56:53 ffmpeg/mov,mp4,m4a,3gp,3g2,mj2: stream 0, timescale not set
2025-10-18T17:56:53 update: added /pink floyd - another brick in the wall.m4a
2025-10-18T17:56:53 ffmpeg/mov,mp4,m4a,3gp,3g2,mj2: stream 0, timescale not set
2025-10-18T17:56:53 update: added /Only.m4a
2025-10-18T17:56:53 update: added /Russ - Psycho (Pt. 2) (Official Video)_256k.mp3
2025-10-18T17:56:53 ffmpeg/mov,mp4,m4a,3gp,3g2,mj2: Format mov,mp4,m4a,3gp,3g2,mj2 detected only with low score of 1, misdetection possible!
2025-10-18T17:56:53 ffmpeg/mov,mp4,m4a,3gp,3g2,mj2: moov atom not found
2025-10-18T17:56:53 ffmpeg/mov,mp4,m4a,3gp,3g2,mj2: stream 0, timescale not set
2025-10-18T17:56:53 update: added /Bella, Wolfine - Vídeo Oficial.m4a
2025-10-18T17:56:53 ffmpeg/mov,mp4,m4a,3gp,3g2,mj2: stream 0, timescale not set
2025-10-18T17:56:53 update: added /León Larregui - Brillas.m4a
2025-10-18T17:56:53 ffmpeg/mov,mp4,m4a,3gp,3g2,mj2: stream 0, timescale not set
2025-10-18T17:56:53 update: added /Darker Side.m4a
2025-10-18T17:56:53 ffmpeg/mov,mp4,m4a,3gp,3g2,mj2: stream 0, timescale not set
2025-10-18T17:56:53 update: added /Ellie Goulding - Love Me Like You Do (Official Video).m4a
2025-10-18T17:56:53 ffmpeg/mov,mp4,m4a,3gp,3g2,mj2: stream 0, timescale not set
2025-10-18T17:56:53 update: added /Paralelo (Letra) - Camilo Séptimo.m4a
2025-10-18T17:56:53 ffmpeg/mov,mp4,m4a,3gp,3g2,mj2: stream 0, timescale not set
2025-10-18T17:56:53 update: added /Siddhartha - Ecos de Miel (Audio).m4a
2025-10-18T17:56:53 ffmpeg/mov,mp4,m4a,3gp,3g2,mj2: stream 0, timescale not set
2025-10-18T17:56:53 update: added /Dancing In The Dark.m4a
2025-10-18T17:56:53 ffmpeg/mov,mp4,m4a,3gp,3g2,mj2: stream 0, timescale not set
2025-10-18T17:56:53 update: added /Charlie Puth - One Call Away -Official Video-.m4a
2025-10-18T17:56:53 update: added /The Score - Head Up (Official Lyric Video)_256k.mp3
2025-10-18T17:56:53 ffmpeg/mov,mp4,m4a,3gp,3g2,mj2: stream 0, timescale not set
2025-10-18T17:56:53 update: added /P.L - In The Zone.m4a
2025-10-18T17:56:53 update: added /Dull Knives_256k.mp3
2025-10-18T17:56:53 ffmpeg/mov,mp4,m4a,3gp,3g2,mj2: stream 0, timescale not set
2025-10-18T17:56:53 update: added /The Weeknd - Can't Feel My Face.m4a
2025-10-18T17:56:53 ffmpeg/mov,mp4,m4a,3gp,3g2,mj2: stream 0, timescale not set
2025-10-18T17:56:53 update: added /Your Love.m4a
2025-10-18T17:56:53 update: added /My Life_256k.mp3
2025-10-18T17:56:53 ffmpeg/mov,mp4,m4a,3gp,3g2,mj2: stream 0, timescale not set
2025-10-18T17:56:53 update: added /Ed Sheeran - Thinking Out Loud -Official Video-.m4a
2025-10-18T17:56:53 ffmpeg/mov,mp4,m4a,3gp,3g2,mj2: stream 0, timescale not set
2025-10-18T17:56:53 update: added /Macaco - Coincidir (Audio).m4a
2025-10-18T17:56:53 ffmpeg/mov,mp4,m4a,3gp,3g2,mj2: stream 0, timescale not set
2025-10-18T17:56:53 update: added /TheFatRat - Monody (Audio) ft. Laura Brehm.m4a
2025-10-18T17:56:53 update: added /Neverita.mp3
2025-10-18T17:56:53 update: added /La Bachata - MTZ Manuel Turizo _ Video Oficial.mp3
2025-10-18T17:56:53 ffmpeg/mov,mp4,m4a,3gp,3g2,mj2: stream 0, timescale not set
2025-10-18T17:56:53 update: added /MICHL - Die Trying (Español).m4a
2025-10-18T17:56:53 ffmpeg/mov,mp4,m4a,3gp,3g2,mj2: stream 0, timescale not set
2025-10-18T17:56:53 update: added /The Police - Every Breath You Take.m4a
2025-10-18T17:56:53 update: added /YUNGBLUD - Die For The Hype [Audio]_256k.mp3
2025-10-18T17:56:53 ffmpeg/mov,mp4,m4a,3gp,3g2,mj2: stream 0, timescale not set
2025-10-18T17:56:53 update: added /Charlie Puth - Dangerously -Official Video-.m4a
2025-10-18T17:56:53 ffmpeg/mov,mp4,m4a,3gp,3g2,mj2: stream 0, timescale not set
2025-10-18T17:56:53 update: added /Ya Para Que - Nanpa Básico.m4a
2025-10-18T17:56:53 update: added /That Poppy - Lowlife (Official Audio)_256k.mp3
2025-10-18T17:56:53 update: added /BoyWithUke - Toxic (Official Lyric Video).mp3
2025-10-18T17:56:53 ffmpeg/mov,mp4,m4a,3gp,3g2,mj2: stream 0, timescale not set
2025-10-18T17:56:53 update: added /Billie Eilish - lovely (with Khalid) Audio.m4a
2025-10-18T17:56:53 ffmpeg/mov,mp4,m4a,3gp,3g2,mj2: stream 0, timescale not set
2025-10-18T17:56:53 update: added /Sebastián Yatra - Traicionera (Official Video).m4a
2025-10-18T17:56:53 update: added /Are We Ready_ (Wreck)_256k.mp3
2025-10-18T17:56:53 update: added /AUD-20150904-WA0122.mp3
2025-10-18T17:56:53 ffmpeg/mov,mp4,m4a,3gp,3g2,mj2: stream 0, timescale not set
2025-10-18T17:56:53 update: added /TWO DOOR CINEMA CLUB _ SOMETHING GOOD CAN WORK.m4a
2025-10-18T17:56:53 ffmpeg/mov,mp4,m4a,3gp,3g2,mj2: stream 0, timescale not set
2025-10-18T17:56:53 update: added /scary love - the neighbourhood -- español.m4a
2025-10-18T17:56:53 update: added /Twenty One Pilots - Shy Away (Lyric Video).mp3
2025-10-18T17:56:53 ffmpeg/mov,mp4,m4a,3gp,3g2,mj2: stream 0, timescale not set
2025-10-18T17:56:53 update: added /FloyyMenor - GATA ONLY ft. Cris MJ (Letra-Lyrics).m4a
2025-10-18T17:56:53 update: added /Arctic Monkeys - The World's First Ever Monster Truck Front Flip (Official Audio.m4a
2025-10-18T17:56:53 ffmpeg/mov,mp4,m4a,3gp,3g2,mj2: stream 0, timescale not set
2025-10-18T17:56:53 update: added /bitches broken hearts.m4a
2025-10-18T17:56:53 ffmpeg/mov,mp4,m4a,3gp,3g2,mj2: stream 0, timescale not set
2025-10-18T17:56:53 update: added /Luis Fonsi - Despacito ft. Daddy Yankee.m4a
2025-10-18T17:56:53 ffmpeg/mov,mp4,m4a,3gp,3g2,mj2: stream 0, timescale not set
2025-10-18T17:56:53 update: added /Thunder.m4a
2025-10-18T17:56:53 ffmpeg/mov,mp4,m4a,3gp,3g2,mj2: stream 0, timescale not set
2025-10-18T17:56:53 update: added /Sin tu sonrisa - Los Aldeanos ft Bebe.m4a
2025-10-18T17:56:53 ffmpeg/mov,mp4,m4a,3gp,3g2,mj2: stream 0, timescale not set
2025-10-18T17:56:53 update: added /The Neighbourhood - Sadderdaze (Español).m4a
2025-10-18T17:56:53 update: added /Telescope.m4a
2025-10-18T17:56:53 ffmpeg/mov,mp4,m4a,3gp,3g2,mj2: stream 0, timescale not set
2025-10-18T17:56:53 update: added /Roots, Rock, Reggae.m4a
2025-10-18T17:56:53 ffmpeg/mov,mp4,m4a,3gp,3g2,mj2: stream 0, timescale not set
2025-10-18T17:56:53 update: added /Arctic Monkeys - Tranquility Base Hotel & Casino (Official Audio).m4a
2025-10-18T17:56:53 update: added /Maria Becerra - MI DEBILIDAD (Official Video).mp3
2025-10-18T17:56:53 ffmpeg/mov,mp4,m4a,3gp,3g2,mj2: stream 0, timescale not set
2025-10-18T17:56:53 update: added /Fresh - Nanpa Básico (audio).m4a
2025-10-18T17:56:53 ffmpeg/mov,mp4,m4a,3gp,3g2,mj2: stream 0, timescale not set
2025-10-18T17:56:53 update: added /Lavender.m4a
2025-10-18T17:56:53 update: added /Jesse Rutherford & Devon Carlson _ Sweater Weather Acoustic_low.m4a
2025-10-18T17:56:53 ffmpeg/mov,mp4,m4a,3gp,3g2,mj2: stream 0, timescale not set
2025-10-18T17:56:53 update: added /I Was Me.m4a
2025-10-18T17:56:53 update: added /Portugal. The Man - Sleep Forever [Album Playlist].mp3
2025-10-18T17:56:53 ffmpeg/mov,mp4,m4a,3gp,3g2,mj2: stream 0, timescale not set
2025-10-18T17:56:53 update: added /Maroon 5 - Animals (Lyric Video).m4a
2025-10-18T17:56:53 update: added /BAD BUNNY - NI BIEN NI MAL _ X100PRE [Visualizer].mp3
2025-10-18T17:56:53 ffmpeg/mov,mp4,m4a,3gp,3g2,mj2: stream 0, timescale not set
2025-10-18T17:56:53 update: added /Siddhartha - Cada Vez Que Vuelvas (Cap. 4 [Audio]).m4a
2025-10-18T17:56:53 ffmpeg/mov,mp4,m4a,3gp,3g2,mj2: stream 0, timescale not set
2025-10-18T17:56:53 update: added /Bruno Mars - Young Girls -Official Audio-.m4a
2025-10-18T17:56:53 update: added /Hole Inside Our Chests_256k.mp3
2025-10-18T17:56:53 ffmpeg/mov,mp4,m4a,3gp,3g2,mj2: stream 0, timescale not set
2025-10-18T17:56:53 update: added /Santana - La Flaca ft. Juanes.m4a
2025-10-18T17:56:53 ffmpeg/mov,mp4,m4a,3gp,3g2,mj2: stream 0, timescale not set
2025-10-18T17:56:53 update: added /She Will Be Loved.m4a
2025-10-18T17:56:53 ffmpeg/mov,mp4,m4a,3gp,3g2,mj2: stream 0, timescale not set
2025-10-18T17:56:53 update: added /Red Hot Chili Peppers - Scar Tissue -Official Music Video-.m4a
2025-10-18T17:56:53 ffmpeg/mov,mp4,m4a,3gp,3g2,mj2: stream 0, timescale not set
2025-10-18T17:56:53 update: added /Jesse & Joy - 'Ecos de Amor' (Video con Letra).m4a
2025-10-18T17:56:53 ffmpeg/mov,mp4,m4a,3gp,3g2,mj2: stream 0, timescale not set
2025-10-18T17:56:53 update: added /La Combi Completa - Daddy Yankee Letra.m4a
2025-10-18T17:56:53 ffmpeg/mov,mp4,m4a,3gp,3g2,mj2: stream 0, timescale not set
2025-10-18T17:56:53 update: added /The House of the Rising Sun (Remastered).m4a
2025-10-18T17:56:53 ffmpeg/mov,mp4,m4a,3gp,3g2,mj2: stream 0, timescale not set
2025-10-18T17:56:53 update: added /The Neighbourhood - Reflections (Sub. Español).m4a
2025-10-18T17:56:53 ffmpeg/mov,mp4,m4a,3gp,3g2,mj2: stream 0, timescale not set
2025-10-18T17:56:53 update: added /Canserbero - 03 Ser vero (Muerte).m4a
2025-10-18T17:56:53 ffmpeg/mov,mp4,m4a,3gp,3g2,mj2: stream 0, timescale not set
2025-10-18T17:56:53 update: added /11 - STUPID LOVE STORY - APA Y CAN.m4a
2025-10-18T17:56:53 update: added /Unholy - Hey Violet (Lyrics).mp3
2025-10-18T17:56:53 ffmpeg/mov,mp4,m4a,3gp,3g2,mj2: stream 0, timescale not set
2025-10-18T17:56:53 update: added /Rauw Alejandro - Todo De Ti.m4a
2025-10-18T17:56:53 ffmpeg/mov,mp4,m4a,3gp,3g2,mj2: stream 0, timescale not set
2025-10-18T17:56:53 update: added /Melanie Martinez - Tag, you're it (Official Music Video).m4a
2025-10-18T17:56:53 ffmpeg/mov,mp4,m4a,3gp,3g2,mj2: stream 0, timescale not set
2025-10-18T17:56:53 update: added /Mon Laferte - Tu Falta De Querer.m4a
2025-10-18T17:56:53 ffmpeg/mov,mp4,m4a,3gp,3g2,mj2: stream 0, timescale not set
2025-10-18T17:56:53 update: added /Giant Rooks - Wild Stare.m4a
2025-10-18T17:56:53 ffmpeg/mov,mp4,m4a,3gp,3g2,mj2: stream 0, timescale not set
2025-10-18T17:56:53 update: added /ELO - Mr. Blue Sky (Sub. Español) (Guardianes de la Galaxia Vol. 2).m4a
2025-10-18T17:56:53 ffmpeg/mov,mp4,m4a,3gp,3g2,mj2: stream 0, timescale not set
2025-10-18T17:56:53 update: added /ilomilo.m4a
2025-10-18T17:56:53 ffmpeg/mov,mp4,m4a,3gp,3g2,mj2: stream 0, timescale not set
2025-10-18T17:56:53 update: added /10 - INTERLUDIO - APA Y CAN.m4a
2025-10-18T17:56:53 update: added /Tiago PZK, LIT killah - Entre Nosotros (Video Oficial)_256k.mp3
2025-10-18T17:56:53 ffmpeg/mov,mp4,m4a,3gp,3g2,mj2: stream 0, timescale not set
2025-10-18T17:56:53 update: added /System Of A Down - Lonely Day.m4a
2025-10-18T17:56:53 ffmpeg/mov,mp4,m4a,3gp,3g2,mj2: stream 0, timescale not set
2025-10-18T17:56:53 update: added /Sweet Sun.m4a
2025-10-18T17:56:53 ffmpeg/mov,mp4,m4a,3gp,3g2,mj2: stream 0, timescale not set
2025-10-18T17:56:53 update: added /System Of A Down - Toxicity.m4a
2025-10-18T17:56:53 update: added /The Mind & the Matter.m4a
2025-10-18T17:56:53 ffmpeg/mov,mp4,m4a,3gp,3g2,mj2: stream 0, timescale not set
2025-10-18T17:56:53 update: added /Thought Contagion.m4a
2025-10-18T17:56:53 update: added /DREAMERS - Sweet Disaster (Official Video)_256k.mp3
2025-10-18T17:56:53 ffmpeg/mov,mp4,m4a,3gp,3g2,mj2: stream 0, timescale not set
2025-10-18T17:56:53 update: added /Feid, Maisak - SE ME OLVIDA (Official Video).m4a
2025-10-18T17:56:53 ffmpeg/mov,mp4,m4a,3gp,3g2,mj2: stream 0, timescale not set
2025-10-18T17:56:53 update: added /David Bowie - Heroes.m4a
2025-10-18T17:56:53 ffmpeg/mov,mp4,m4a,3gp,3g2,mj2: stream 0, timescale not set
2025-10-18T17:56:53 update: added /Complicated.m4a
2025-10-18T17:56:53 ffmpeg/mov,mp4,m4a,3gp,3g2,mj2: stream 0, timescale not set
2025-10-18T17:56:53 update: added /Miranda!, Maria Becerra, FMK - Perfecta (Versión 2023) (Official Video).m4a
2025-10-18T17:56:53 ffmpeg/mov,mp4,m4a,3gp,3g2,mj2: stream 0, timescale not set
2025-10-18T17:56:53 update: added /Conan Gray - Heather (Lyric Video).m4a
2025-10-18T17:56:53 ffmpeg/mov,mp4,m4a,3gp,3g2,mj2: stream 0, timescale not set
2025-10-18T17:56:53 update: added /blackbear - hot girl bummer [official music video].m4a
2025-10-18T17:56:53 ffmpeg/mov,mp4,m4a,3gp,3g2,mj2: stream 0, timescale not set
2025-10-18T17:56:53 update: added /K. - Cigarettes After Sex.m4a
2025-10-18T17:56:53 ffmpeg/mov,mp4,m4a,3gp,3g2,mj2: stream 0, timescale not set
2025-10-18T17:56:53 update: added /Clean Bandit - Rockabye ft. Sean Paul & Anne-Marie -Official Video-.m4a
2025-10-18T17:56:53 update: added /3AM - Disfruto (Challenge).mp3
2025-10-18T17:56:53 ffmpeg/mov,mp4,m4a,3gp,3g2,mj2: stream 0, timescale not set
2025-10-18T17:56:53 update: added /P!nk - So What.m4a
2025-10-18T17:56:53 ffmpeg/mov,mp4,m4a,3gp,3g2,mj2: stream 0, timescale not set
2025-10-18T17:56:53 update: added /Kids.m4a
2025-10-18T17:56:53 ffmpeg/mov,mp4,m4a,3gp,3g2,mj2: stream 0, timescale not set
2025-10-18T17:56:53 update: added /Blackbear - Strangers -- Español.m4a
2025-10-18T17:56:53 ffmpeg/mov,mp4,m4a,3gp,3g2,mj2: stream 0, timescale not set
2025-10-18T17:56:53 update: added /Panic! At The Disco- Emperor's New Clothes -OFFICIAL VIDEO-.m4a
2025-10-18T17:56:53 ffmpeg/mov,mp4,m4a,3gp,3g2,mj2: stream 0, timescale not set
2025-10-18T17:56:53 update: added /Ella Me Levanto.m4a
2025-10-18T17:56:53 ffmpeg/sami: Format sami detected only with low score of 1, misdetection possible!
2025-10-18T17:56:53 ffmpeg/mov,mp4,m4a,3gp,3g2,mj2: stream 0, timescale not set
2025-10-18T17:56:53 update: added /Jimmy Eat World - Pain.m4a
2025-10-18T17:56:53 update: added /The Score - Born For This (Official Audio)_256k.mp3
2025-10-18T17:56:53 ffmpeg/mov,mp4,m4a,3gp,3g2,mj2: stream 0, timescale not set
2025-10-18T17:56:53 update: added /clementine.m4a
2025-10-18T17:56:53 ffmpeg/mov,mp4,m4a,3gp,3g2,mj2: stream 0, timescale not set
2025-10-18T17:56:53 update: added /OneRepublic – Connection (Audio).m4a
2025-10-18T17:56:53 ffmpeg/mov,mp4,m4a,3gp,3g2,mj2: stream 0, timescale not set
2025-10-18T17:56:53 update: added /Band of Horses - The Funeral [OFFICIAL VIDEO].m4a
2025-10-18T17:56:53 update: added /The_Matrix.mp3
2025-10-18T17:56:53 ffmpeg/mov,mp4,m4a,3gp,3g2,mj2: stream 0, timescale not set
2025-10-18T17:56:53 update: added /Julión Álvarez Y Su Norteño Banda - Pongámonos De Acuerdo  (Letra-Lyrics).m4a
2025-10-18T17:56:53 ffmpeg/mov,mp4,m4a,3gp,3g2,mj2: stream 0, timescale not set
2025-10-18T17:56:53 update: added /Dale Don Dale.m4a
2025-10-18T17:56:53 ffmpeg/mov,mp4,m4a,3gp,3g2,mj2: stream 0, timescale not set
2025-10-18T17:56:53 update: added /Wish You Were Here.m4a
2025-10-18T17:56:53 ffmpeg/mov,mp4,m4a,3gp,3g2,mj2: stream 0, timescale not set
2025-10-18T17:56:53 update: added /Sucker for Pain (Lyrics) - Lil Wayne, Wiz Khalifa & Imagine Dragons with Logic &.m4a
2025-10-18T17:56:53 ffmpeg/mov,mp4,m4a,3gp,3g2,mj2: stream 0, timescale not set
2025-10-18T17:56:53 update: added /Talk Show Host.m4a
2025-10-18T17:56:53 ffmpeg/mov,mp4,m4a,3gp,3g2,mj2: stream 0, timescale not set
2025-10-18T17:56:53 update: added /Billie Eilish - wish you were gay (Audio).m4a
2025-10-18T17:56:54 ffmpeg/mov,mp4,m4a,3gp,3g2,mj2: stream 0, timescale not set
2025-10-18T17:56:54 update: added /jaymes young - moondust -- Español.m4a
2025-10-18T17:56:54 update: added /3AM - Vent3.mp3
2025-10-18T17:56:54 ffmpeg/mov,mp4,m4a,3gp,3g2,mj2: stream 0, timescale not set
2025-10-18T17:56:54 update: added /Gorillaz - Clint Eastwood.m4a
2025-10-18T17:56:54 ffmpeg/mov,mp4,m4a,3gp,3g2,mj2: stream 0, timescale not set
2025-10-18T17:56:54 update: added /La Arrolladora Banda El Limón De René Camacho - Ya No Te Buscaré (Lyric Vide.m4a
2025-10-18T17:56:54 ffmpeg/mov,mp4,m4a,3gp,3g2,mj2: stream 0, timescale not set
2025-10-18T17:56:54 update: added /Bailando Solo - Los Bunkers.m4a
2025-10-18T17:56:54 ffmpeg/mov,mp4,m4a,3gp,3g2,mj2: stream 0, timescale not set
2025-10-18T17:56:54 update: added /Paul Anka - Put Your Head On My Shoulder (1959) HQ Audio.m4a
2025-10-18T17:56:54 update: added /Tienes el Don (Rels B).mp3
2025-10-18T17:56:54 ffmpeg/mov,mp4,m4a,3gp,3g2,mj2: stream 0, timescale not set
2025-10-18T17:56:54 update: added /TWO DOOR CINEMA CLUB _ SUN.m4a
2025-10-18T17:56:54 update: added /Imagine Dragons - Sirens (Official Lyric Video).mp3
2025-10-18T17:56:54 ffmpeg/mov,mp4,m4a,3gp,3g2,mj2: stream 0, timescale not set
2025-10-18T17:56:54 update: added /Rue Vieille Du Temple - León Larregui ft. Mon Laferte (Subtítulos).m4a
2025-10-18T17:56:54 ffmpeg/mov,mp4,m4a,3gp,3g2,mj2: stream 0, timescale not set
2025-10-18T17:56:54 update: added /Imagine Dragons - Fade (Audio).m4a
2025-10-18T17:56:54 update: added /LIT killah, Tiago PZK, Big One - LuXxX (Official Video).mp3
2025-10-18T17:56:54 update: added /Wiz Khalifa - Contact feat. Tyga [Official Audio].mp3
2025-10-18T17:56:54 ffmpeg/mov,mp4,m4a,3gp,3g2,mj2: stream 0, timescale not set
2025-10-18T17:56:54 update: added /Gold.m4a
2025-10-18T17:56:54 ffmpeg/mov,mp4,m4a,3gp,3g2,mj2: stream 0, timescale not set
2025-10-18T17:56:54 update: added /twenty one pilots- Can't Help Falling In Love (Cover).m4a
2025-10-18T17:56:54 update: added /Eptic - She.m4a
2025-10-18T17:56:54 ffmpeg/mov,mp4,m4a,3gp,3g2,mj2: stream 0, timescale not set
2025-10-18T17:56:54 update: added /All About That Bass.m4a
2025-10-18T17:56:54 update: added /Imagine Dragons - I'm Happy (Official Lyric Video).mp3
2025-10-18T17:56:54 ffmpeg/mov,mp4,m4a,3gp,3g2,mj2: stream 0, timescale not set
2025-10-18T17:56:54 update: added /Hoje Eu Quero Me Perder.m4a
2025-10-18T17:56:54 ffmpeg/mov,mp4,m4a,3gp,3g2,mj2: stream 0, timescale not set
2025-10-18T17:56:54 update: added /Paradise Circus.m4a
2025-10-18T17:56:54 update: added /Eladio Carrión Ft. Arcangel - Como Sea (Visualizer) _ Sauce Boyz 2.mp3
2025-10-18T17:56:54 ffmpeg/mov,mp4,m4a,3gp,3g2,mj2: stream 0, timescale not set
2025-10-18T17:56:54 update: added /beautiful scar ; AaRON -- lyrics.m4a
2025-10-18T17:56:54 ffmpeg/mov,mp4,m4a,3gp,3g2,mj2: stream 0, timescale not set
2025-10-18T17:56:54 update: added /Imagine Dragons - Eyes Closed (Official Music Video).m4a
2025-10-18T17:56:54 ffmpeg/mov,mp4,m4a,3gp,3g2,mj2: stream 0, timescale not set
2025-10-18T17:56:54 update: added /Canserbero - Pensando en ti (VIDEO OFICIAL).m4a
2025-10-18T17:56:54 ffmpeg/mov,mp4,m4a,3gp,3g2,mj2: stream 0, timescale not set
2025-10-18T17:56:54 update: added /Carla Morrison 'No Vuelvo Jamás' (official video).m4a
2025-10-18T17:56:54 ffmpeg/mov,mp4,m4a,3gp,3g2,mj2: stream 0, timescale not set
2025-10-18T17:56:54 update: added /Justin Bieber- Let me love you.m4a
2025-10-18T17:56:54 update: added /Banda MS- Me vas a a extrañar.mp3
2025-10-18T17:56:54 ffmpeg/sami: Format sami detected only with low score of 1, misdetection possible!
2025-10-18T17:56:54 ffmpeg/mov,mp4,m4a,3gp,3g2,mj2: stream 0, timescale not set
2025-10-18T17:56:54 update: added /Another One.m4a
2025-10-18T17:56:54 ffmpeg/mov,mp4,m4a,3gp,3g2,mj2: stream 0, timescale not set
2025-10-18T17:56:54 update: added /Interpol - No I In Threesome.m4a
2025-10-18T17:56:54 update: added /Ciro y los Persas _ ME GUSTA (Video Oficial).mp3
2025-10-18T17:56:54 ffmpeg/mov,mp4,m4a,3gp,3g2,mj2: stream 0, timescale not set
2025-10-18T17:56:54 update: added /TRUENO X C.TERRIBLE X SHAOLIN MONKEY - MY DOG IS - Produce OSKARKLAP (SOCIO EJEC.m4a
2025-10-18T17:56:54 ffmpeg/mov,mp4,m4a,3gp,3g2,mj2: stream 0, timescale not set
2025-10-18T17:56:54 update: added /Two Feet - Pink Reprise (Audio).m4a
2025-10-18T17:56:54 ffmpeg/mov,mp4,m4a,3gp,3g2,mj2: stream 0, timescale not set
2025-10-18T17:56:54 update: added /Gera MX, LIT killah - Triste Bolero (Visualizer).m4a
2025-10-18T17:56:54 ffmpeg/mov,mp4,m4a,3gp,3g2,mj2: stream 0, timescale not set
2025-10-18T17:56:54 update: added /The Neighbourhood - Too Serious (Audio).m4a
2025-10-18T17:56:54 ffmpeg/sami: Format sami detected only with low score of 1, misdetection possible!
2025-10-18T17:56:54 update: added /Canserbero - 09. Llovía (Muerte).m4a
2025-10-18T17:56:54 ffmpeg/mov,mp4,m4a,3gp,3g2,mj2: stream 0, timescale not set
2025-10-18T17:56:54 update: added /Siddhartha - Aves del Tiempo (Cap. 5 [Audio]).m4a
2025-10-18T17:56:54 ffmpeg/mov,mp4,m4a,3gp,3g2,mj2: stream 0, timescale not set
2025-10-18T17:56:54 update: added /Doja Cat, Tyga - Juicy (Official Video).m4a
2025-10-18T17:56:54 ffmpeg/mov,mp4,m4a,3gp,3g2,mj2: stream 0, timescale not set
2025-10-18T17:56:54 update: added /Daft Punk - Lose Yourself to Dance (Official Version).m4a
2025-10-18T17:56:54 update: added /Lil Supa - Untitled ( Prod. By Backbeat ) - TCE Mic Check -.m4a
2025-10-18T17:56:54 ffmpeg/mov,mp4,m4a,3gp,3g2,mj2: stream 0, timescale not set
2025-10-18T17:56:54 update: added /VHS Collection - Waiting on the Summer (Audio).m4a
2025-10-18T17:56:54 ffmpeg/mov,mp4,m4a,3gp,3g2,mj2: stream 0, timescale not set
2025-10-18T17:56:54 update: added /fue en un cafe - los apson..m4a
2025-10-18T17:56:54 update: added /Joji & Diplo - Daylight (Official Music Video).mp3
2025-10-18T17:56:54 ffmpeg/mov,mp4,m4a,3gp,3g2,mj2: stream 0, timescale not set
2025-10-18T17:56:54 update: added /Spag Heddy - Here We Go -Drumstep-.m4a
2025-10-18T17:56:54 update: added /WOS - TERRAZA (Video Oficial).mp3
2025-10-18T17:56:54 ffmpeg/mov,mp4,m4a,3gp,3g2,mj2: stream 0, timescale not set
2025-10-18T17:56:54 update: added /Jaymes Young - What Is Love _ Sub Español.m4a
2025-10-18T17:56:54 ffmpeg/mov,mp4,m4a,3gp,3g2,mj2: stream 0, timescale not set
2025-10-18T17:56:54 update: added /Bad Reputation.m4a
2025-10-18T17:56:54 ffmpeg/mov,mp4,m4a,3gp,3g2,mj2: stream 0, timescale not set
2025-10-18T17:56:54 update: added /Samantha Barrón - Dibújame Feat. Nanpa Básico (Video Oficial).m4a
2025-10-18T17:56:54 update: added /AUD-20150924-WA0081.mp3
2025-10-18T17:56:54 ffmpeg/mov,mp4,m4a,3gp,3g2,mj2: stream 0, timescale not set
2025-10-18T17:56:54 update: added /Post Malone - rockstar ft. 21 Savage (Official Audio).m4a
2025-10-18T17:56:54 ffmpeg/mov,mp4,m4a,3gp,3g2,mj2: stream 0, timescale not set
2025-10-18T17:56:54 update: added /AUD-20151219-WA0014.m4a
2025-10-18T17:56:54 update: added /The Weekend- Starboy ft. Daft Punk.m4a
2025-10-18T17:56:54 update: added /WOS - ANDROMEDA (Video Oficial).mp3
2025-10-18T17:56:54 ffmpeg/mov,mp4,m4a,3gp,3g2,mj2: stream 0, timescale not set
2025-10-18T17:56:54 update: added /NICKI NICOLE - Colocao (letra- lyrics).m4a
2025-10-18T17:56:54 ffmpeg/mov,mp4,m4a,3gp,3g2,mj2: stream 0, timescale not set
2025-10-18T17:56:54 update: added /Butterflies and Hurricanes.m4a
2025-10-18T17:56:54 ffmpeg/mov,mp4,m4a,3gp,3g2,mj2: stream 0, timescale not set
2025-10-18T17:56:54 update: added /Sam Smith - I'm Not The Only One.m4a
2025-10-18T17:56:54 ffmpeg/mov,mp4,m4a,3gp,3g2,mj2: stream 0, timescale not set
2025-10-18T17:56:54 update: added /Torreblanca - El Gran Adiós.m4a
2025-10-18T17:56:54 ffmpeg/mov,mp4,m4a,3gp,3g2,mj2: stream 0, timescale not set
2025-10-18T17:56:54 update: added /The Kooks - Naive - Subtitulado HD.m4a
2025-10-18T17:56:54 ffmpeg/mov,mp4,m4a,3gp,3g2,mj2: stream 0, timescale not set
2025-10-18T17:56:54 update: added /Taylor Swift - The Last Time (Traducida al español).m4a
2025-10-18T17:56:54 update: added /Te la tiro pa que bailes - Plan B (Official Video).m4a
2025-10-18T17:56:54 update: added /Gondwana - Aire De Jah.mp3
2025-10-18T17:56:54 ffmpeg/mov,mp4,m4a,3gp,3g2,mj2: stream 0, timescale not set
2025-10-18T17:56:54 update: added /The Phoenix - Fall Out Boy - (fan lyric video).m4a
2025-10-18T17:56:54 ffmpeg/mov,mp4,m4a,3gp,3g2,mj2: stream 0, timescale not set
2025-10-18T17:56:54 update: added /Gustavo Cerati - Crimen  (Lyric Video).m4a
2025-10-18T17:56:54 update: added /William Bolton - Front Row (feat. Jackson Breit).m4a
2025-10-18T17:56:54 update: added /Según Tus Labios.m4a
2025-10-18T17:56:54 ffmpeg/mov,mp4,m4a,3gp,3g2,mj2: stream 0, timescale not set
2025-10-18T17:56:54 update: added /05. Elvin Bishop - Fooled Around and Fell In Love (Guardianes de la Galaxia) (Su.m4a
2025-10-18T17:56:54 ffmpeg/mov,mp4,m4a,3gp,3g2,mj2: stream 0, timescale not set
2025-10-18T17:56:54 update: added /Alone - Bazzi (Español) - James.m4a
2025-10-18T17:56:54 ffmpeg/mov,mp4,m4a,3gp,3g2,mj2: stream 0, timescale not set
2025-10-18T17:56:54 update: added /Natural.m4a
2025-10-18T17:56:54 update: added /WOS - NO VA A BAJAR_256k.mp3
2025-10-18T17:56:54 update: added /Ragged Insomnia - Imagine Dragons (Audio)_256k.mp3
2025-10-18T17:56:54 ffmpeg/mov,mp4,m4a,3gp,3g2,mj2: stream 0, timescale not set
2025-10-18T17:56:54 update: added /Two Feet - You_ (Audio).m4a
2025-10-18T17:56:54 ffmpeg/mov,mp4,m4a,3gp,3g2,mj2: stream 0, timescale not set
2025-10-18T17:56:54 update: added /HEYYEYAAEYAAAEYAEYAA.m4a
2025-10-18T17:56:54 update: added /Trueno - FEEL ME__ (Video Oficial).mp3
2025-10-18T17:56:54 update: added /Russ - Goodbye (Official Video)_256k.mp3
2025-10-18T17:56:54 ffmpeg/mov,mp4,m4a,3gp,3g2,mj2: stream 0, timescale not set
2025-10-18T17:56:54 update: added /Viva La Vida.m4a
2025-10-18T17:56:54 update: added /Siddhartha - Paraíso Lunar (Letra-Lyrics).mp3
2025-10-18T17:56:54 ffmpeg/mov,mp4,m4a,3gp,3g2,mj2: stream 0, timescale not set
2025-10-18T17:56:54 update: added /Halsey - Without Me (Official Audio).m4a
2025-10-18T17:56:54 update: added /Nanpa Básico & Blessd - Mal Mal Mal (Video Oficial)_256k.mp3
2025-10-18T17:56:54 ffmpeg/mov,mp4,m4a,3gp,3g2,mj2: stream 0, timescale not set
2025-10-18T17:56:54 update: added /BØRNS - Faded Heart.m4a
2025-10-18T17:56:54 update: added /Tom Brady _ New England Patriots Highlights _ Tom Terrific _ HD.m4a
2025-10-18T17:56:54 update: added /APA Y CAN.mp3
2025-10-18T17:56:54 ffmpeg/mov,mp4,m4a,3gp,3g2,mj2: stream 0, timescale not set
2025-10-18T17:56:54 update: added /Knee Socks.m4a
2025-10-18T17:56:54 ffmpeg/mov,mp4,m4a,3gp,3g2,mj2: stream 0, timescale not set
2025-10-18T17:56:54 update: added /Carla Morrison - Tu orgullo (letra)_HD.m4a
2025-10-18T17:56:54 update: added /Me Pones en Tension.m4a
2025-10-18T17:56:54 ffmpeg/mov,mp4,m4a,3gp,3g2,mj2: stream 0, timescale not set
2025-10-18T17:56:54 update: added /Los Pericos - Inalcanzable.m4a
2025-10-18T17:56:54 ffmpeg/mov,mp4,m4a,3gp,3g2,mj2: stream 0, timescale not set
2025-10-18T17:56:54 update: added /Feid, Yandel - Brickell (Lyric Video).m4a
2025-10-18T17:56:54 ffmpeg/mov,mp4,m4a,3gp,3g2,mj2: stream 0, timescale not set
2025-10-18T17:56:54 update: added /Gangsta's Paradise (feat. L.V.).m4a
2025-10-18T17:56:54 ffmpeg/mov,mp4,m4a,3gp,3g2,mj2: stream 0, timescale not set
2025-10-18T17:56:54 update: added /Reggae liphe-Swan Fyahbwoy (Letra).m4a
2025-10-18T17:56:54 update: added /Lollypop Lorry - I Won't Let You Go (live at Octopus, 8-05-2016).m4a
2025-10-18T17:56:54 ffmpeg/mov,mp4,m4a,3gp,3g2,mj2: stream 0, timescale not set
2025-10-18T17:56:54 update: added /WOS - LUZ DELITO.m4a
2025-10-18T17:56:54 ffmpeg/mov,mp4,m4a,3gp,3g2,mj2: stream 0, timescale not set
2025-10-18T17:56:54 update: added /Billie Eilish - idontwannabeyouanymore _ A COLORS SHOW.m4a
2025-10-18T17:56:54 ffmpeg/mov,mp4,m4a,3gp,3g2,mj2: stream 0, timescale not set
2025-10-18T17:56:54 update: added /Next To Me.m4a
2025-10-18T17:56:54 ffmpeg/mov,mp4,m4a,3gp,3g2,mj2: stream 0, timescale not set
2025-10-18T17:56:54 update: added /Guns N' Roses - Paradise City.m4a
2025-10-18T17:56:54 ffmpeg/mov,mp4,m4a,3gp,3g2,mj2: stream 0, timescale not set
2025-10-18T17:56:54 update: added /Abstract - Neverland (ft. Ruth B) (Prod. Blulake).m4a
2025-10-18T17:56:54 ffmpeg/mov,mp4,m4a,3gp,3g2,mj2: stream 0, timescale not set
2025-10-18T17:56:54 update: added /Mr. Brightside.m4a
2025-10-18T17:56:54 ffmpeg/mov,mp4,m4a,3gp,3g2,mj2: stream 0, timescale not set
2025-10-18T17:56:54 update: added /Knights Of Cydonia.m4a
2025-10-18T17:56:54 ffmpeg/mov,mp4,m4a,3gp,3g2,mj2: stream 0, timescale not set
2025-10-18T17:56:54 update: added /Cage the Elephant - Ready To Let Go (lyrics).m4a
2025-10-18T17:56:54 ffmpeg/mov,mp4,m4a,3gp,3g2,mj2: stream 0, timescale not set
2025-10-18T17:56:54 update: added /Alone Again (Naturally) — Gilbert O'Sullivan __ Sub. Español _ Lyrics.m4a
2025-10-18T17:56:54 update: added /ROSALÍA, Chencho Corleone - CANDY (Remix - Official Audio).mp3
2025-10-18T17:56:54 ffmpeg/mov,mp4,m4a,3gp,3g2,mj2: stream 0, timescale not set
2025-10-18T17:56:54 update: added /nothing like us - jungkook; español..m4a
2025-10-18T17:56:54 ffmpeg/mov,mp4,m4a,3gp,3g2,mj2: stream 0, timescale not set
2025-10-18T17:56:54 update: added /Black Honey - Somebody Better.m4a
2025-10-18T17:56:54 update: added /Russ - Congrats Freestyle (Official Audio)_256k.mp3
2025-10-18T17:56:54 update: added /BAD BUNNY - LA ZONA _ YHLQMDLG [Visualizer].mp3
2025-10-18T17:56:54 ffmpeg/mov,mp4,m4a,3gp,3g2,mj2: stream 0, timescale not set
2025-10-18T17:56:54 update: added /Telepathic - Where is my mind (Pixies cover-remix).m4a
2025-10-18T17:56:54 ffmpeg/mov,mp4,m4a,3gp,3g2,mj2: stream 0, timescale not set
2025-10-18T17:56:54 update: added /I Love You All The Time - Imagine Dragons (Audio).m4a
2025-10-18T17:56:54 ffmpeg/mov,mp4,m4a,3gp,3g2,mj2: stream 0, timescale not set
2025-10-18T17:56:54 update: added /Rauw Alejandro & Chencho Corleone - Desesperados (Video Oficial).m4a
2025-10-18T17:56:54 ffmpeg/mov,mp4,m4a,3gp,3g2,mj2: stream 0, timescale not set
2025-10-18T17:56:54 update: added /Radiohead - No Surprises.m4a
2025-10-18T17:56:54 ffmpeg/mov,mp4,m4a,3gp,3g2,mj2: stream 0, timescale not set
2025-10-18T17:56:54 update: added /k a m a i t a c h i - Cabelos Arco-íris.m4a
2025-10-18T17:56:54 ffmpeg/mov,mp4,m4a,3gp,3g2,mj2: stream 0, timescale not set
2025-10-18T17:56:54 update: added /MESITA - DUBAI.m4a
2025-10-18T17:56:54 ffmpeg/mov,mp4,m4a,3gp,3g2,mj2: stream 0, timescale not set
2025-10-18T17:56:54 update: added /Someday.m4a
2025-10-18T17:56:54 ffmpeg/mov,mp4,m4a,3gp,3g2,mj2: stream 0, timescale not set
2025-10-18T17:56:54 update: added /The Strokes - Under Cover of Darkness (subtitulado).m4a
2025-10-18T17:56:54 update: added /Cantándote al Oído.mp3
2025-10-18T17:56:54 ffmpeg/sami: Format sami detected only with low score of 1, misdetection possible!
2025-10-18T17:56:54 ffmpeg/mov,mp4,m4a,3gp,3g2,mj2: stream 0, timescale not set
2025-10-18T17:56:54 update: added /Selena Gomez - Me & The Rhythm (Audio).m4a
2025-10-18T17:56:54 ffmpeg/mov,mp4,m4a,3gp,3g2,mj2: stream 0, timescale not set
2025-10-18T17:56:54 update: added /Avril Lavigne - Wish You Were Here.m4a
2025-10-18T17:56:54 ffmpeg/mov,mp4,m4a,3gp,3g2,mj2: stream 0, timescale not set
2025-10-18T17:56:54 update: added /come out and play.m4a
2025-10-18T17:56:54 update: added /3AM - ALBA (Video Oficial).mp3
2025-10-18T17:56:54 ffmpeg/mov,mp4,m4a,3gp,3g2,mj2: stream 0, timescale not set
2025-10-18T17:56:54 update: added /Rack 'Em Up.m4a
2025-10-18T17:56:54 ffmpeg/mov,mp4,m4a,3gp,3g2,mj2: stream 0, timescale not set
2025-10-18T17:56:54 update: added /Troye Sivan - The Good Side (Official Audio).m4a
2025-10-18T17:56:54 ffmpeg/mov,mp4,m4a,3gp,3g2,mj2: stream 0, timescale not set
2025-10-18T17:56:54 update: added /Arctic Monkeys - Snap Out Of It (Official Video).m4a
2025-10-18T17:56:54 ffmpeg/mov,mp4,m4a,3gp,3g2,mj2: stream 0, timescale not set
2025-10-18T17:56:54 update: added /QUE CARO ESTOY PAGANDO - Los Plebes del Rancho de Ariel Camacho (Video Oficial) .m4a
2025-10-18T17:56:54 ffmpeg/mov,mp4,m4a,3gp,3g2,mj2: stream 0, timescale not set
2025-10-18T17:56:54 update: added /Amargo Adiós.m4a
2025-10-18T17:56:54 ffmpeg/mov,mp4,m4a,3gp,3g2,mj2: stream 0, timescale not set
2025-10-18T17:56:54 update: added /Russ - Losin Control (Official Video).m4a
2025-10-18T17:56:54 update: added /Enrique Iglesias - Bailando (Español) ft. Descemer Bueno, Gente De Zona.m4a
2025-10-18T17:56:54 ffmpeg/mov,mp4,m4a,3gp,3g2,mj2: stream 0, timescale not set
2025-10-18T17:56:54 update: added /Stromae, Pomme - “Ma Meilleure Ennemie” (from Arcane Season 2) [Official Vis.m4a
2025-10-18T17:56:54 update: added /The Score - Stay_256k.mp3
2025-10-18T17:56:54 ffmpeg/mov,mp4,m4a,3gp,3g2,mj2: stream 0, timescale not set
2025-10-18T17:56:54 update: added /Jósean Log - Beso (Lyric Video).m4a
2025-10-18T17:56:54 update: added /AJR - Burn The House Down (Official Video).mp3
2025-10-18T17:56:54 ffmpeg/mov,mp4,m4a,3gp,3g2,mj2: stream 0, timescale not set
2025-10-18T17:56:54 update: added /Propaganda.m4a
2025-10-18T17:56:54 ffmpeg/mov,mp4,m4a,3gp,3g2,mj2: stream 0, timescale not set
2025-10-18T17:56:54 update: added /Cage The Elephant - Shake Me Down.m4a
2025-10-18T17:56:54 ffmpeg/mov,mp4,m4a,3gp,3g2,mj2: stream 0, timescale not set
2025-10-18T17:56:54 update: added /Xavi - La Víctima (Official Video).m4a
2025-10-18T17:56:54 ffmpeg/mov,mp4,m4a,3gp,3g2,mj2: stream 0, timescale not set
2025-10-18T17:56:54 update: added /Stateless - Bloodstream (Official lyrics).m4a
2025-10-18T17:56:54 update: added /Maria Becerra - OJALA (Official Video).mp3
2025-10-18T17:56:54 update: added /Nicki Nicole, Rauw Alejandro - Sabe (Official Video).mp3
2025-10-18T17:56:54 ffmpeg/mov,mp4,m4a,3gp,3g2,mj2: stream 0, timescale not set
2025-10-18T17:56:54 update: added /Nina Nesbitt - Somebody Special (Official Audio).m4a
2025-10-18T17:56:54 ffmpeg/mov,mp4,m4a,3gp,3g2,mj2: stream 0, timescale not set
2025-10-18T17:56:54 update: added /NLE Choppa, Imagine Dragons - Dare U (Official Lyric Video).m4a
2025-10-18T17:56:54 ffmpeg/mov,mp4,m4a,3gp,3g2,mj2: stream 0, timescale not set
2025-10-18T17:56:54 update: added /xanny.m4a
2025-10-18T17:56:54 ffmpeg/mov,mp4,m4a,3gp,3g2,mj2: stream 0, timescale not set
2025-10-18T17:56:54 update: added /Imagine Dragons - Rocks (Audio).m4a
2025-10-18T17:56:54 ffmpeg/mov,mp4,m4a,3gp,3g2,mj2: stream 0, timescale not set
2025-10-18T17:56:54 update: added /02 - READY - APA Y CAN.m4a
2025-10-18T17:56:54 ffmpeg/mov,mp4,m4a,3gp,3g2,mj2: stream 0, timescale not set
2025-10-18T17:56:54 update: added /Foster The People - Worst Nites (Official Audio).m4a
2025-10-18T17:56:54 update: added /It's Just Forever.m4a
2025-10-18T17:56:54 ffmpeg/mov,mp4,m4a,3gp,3g2,mj2: stream 0, timescale not set
2025-10-18T17:56:54 update: added /Fireside.m4a
2025-10-18T17:56:54 ffmpeg/mov,mp4,m4a,3gp,3g2,mj2: stream 0, timescale not set
2025-10-18T17:56:54 update: added /Rompe.m4a
2025-10-18T17:56:54 update: added /Maria Becerra x TINI x Lola Indigo - High Remix (Official Video).m4a
2025-10-18T17:56:54 update: added /Bob Marley- No woman no cry.mp3
2025-10-18T17:56:54 ffmpeg/mov,mp4,m4a,3gp,3g2,mj2: stream 0, timescale not set
2025-10-18T17:56:54 update: added /Ed Sheeran - 'New man' -Subtitulado Al Español-.m4a
2025-10-18T17:56:54 ffmpeg/mov,mp4,m4a,3gp,3g2,mj2: stream 0, timescale not set
2025-10-18T17:56:54 update: added /Keaton Henson - Small Hands.m4a
2025-10-18T17:56:54 update: added /ELEPHANZ - Imperfection (official audio)_256k.mp3
2025-10-18T17:56:54 update: added /Nicki Nicole, Trueno, Bizarrap - Dangerous (Official Video).mp3
2025-10-18T17:56:54 ffmpeg/mov,mp4,m4a,3gp,3g2,mj2: stream 0, timescale not set
2025-10-18T17:56:54 update: added /La M.O.D.A. -- Una canción para no decir te quiero.m4a
2025-10-18T17:56:54 ffmpeg/mov,mp4,m4a,3gp,3g2,mj2: stream 0, timescale not set
2025-10-18T17:56:54 update: added /No Te Va Gustar - A las nueve.m4a
2025-10-18T17:56:54 ffmpeg/mov,mp4,m4a,3gp,3g2,mj2: stream 0, timescale not set
2025-10-18T17:56:54 update: added /Tessa Violet - Crush -- Español.m4a
2025-10-18T17:56:54 ffmpeg/mov,mp4,m4a,3gp,3g2,mj2: stream 0, timescale not set
2025-10-18T17:56:54 update: added /I Kissed a Girl, and She Kissed Me.m4a
2025-10-18T17:56:54 ffmpeg/mov,mp4,m4a,3gp,3g2,mj2: stream 0, timescale not set
2025-10-18T17:56:54 update: added /Arctic Monkeys - Science Fiction (Official Audio).m4a
2025-10-18T17:56:54 ffmpeg/mov,mp4,m4a,3gp,3g2,mj2: stream 0, timescale not set
2025-10-18T17:56:54 update: added /Hopeless Opus.m4a
2025-10-18T17:56:54 ffmpeg/mov,mp4,m4a,3gp,3g2,mj2: stream 0, timescale not set
2025-10-18T17:56:54 update: added /This Love.m4a
2025-10-18T17:56:54 ffmpeg/mov,mp4,m4a,3gp,3g2,mj2: stream 0, timescale not set
2025-10-18T17:56:54 update: added /Stolen Dance.m4a
2025-10-18T17:56:54 ffmpeg/mov,mp4,m4a,3gp,3g2,mj2: stream 0, timescale not set
2025-10-18T17:56:54 update: added /Eiffel 65 - Blue (Da Ba Dee) (Original Video with subtitles).m4a
2025-10-18T17:56:54 update: added /Circles_1169.mp3
2025-10-18T17:56:54 ffmpeg/mov,mp4,m4a,3gp,3g2,mj2: stream 0, timescale not set
2025-10-18T17:56:54 update: added /Cold Cold Cold.m4a
2025-10-18T17:56:54 update: added /Giants_256k.mp3
2025-10-18T17:56:54 ffmpeg/mov,mp4,m4a,3gp,3g2,mj2: stream 0, timescale not set
2025-10-18T17:56:54 update: added /The Middle - Jimmy Eat World (Subtitulado Español).m4a
2025-10-18T17:56:54 ffmpeg/mov,mp4,m4a,3gp,3g2,mj2: stream 0, timescale not set
2025-10-18T17:56:54 update: added /The Smiths - What Difference Does It Make_ (Official Music Video).m4a
2025-10-18T17:56:54 update: added /James E. Gray - Mirage (Official Music Video).m4a
2025-10-18T17:56:54 ffmpeg/mov,mp4,m4a,3gp,3g2,mj2: stream 0, timescale not set
2025-10-18T17:56:54 update: added /Queen - Bohemian Rhapsody (Official Video).m4a
2025-10-18T17:56:55 ffmpeg/mov,mp4,m4a,3gp,3g2,mj2: stream 0, timescale not set
2025-10-18T17:56:55 update: added /Arctic Monkeys - Do I Wanna Know_ (Official Video).m4a
2025-10-18T17:56:55 update: added /Billie Eilish - Watch (Acoustic) _ Up Next.m4a
2025-10-18T17:56:55 ffmpeg/mov,mp4,m4a,3gp,3g2,mj2: stream 0, timescale not set
2025-10-18T17:56:55 update: added /Faint (Official Video) - Linkin Park.m4a
2025-10-18T17:56:55 ffmpeg/mov,mp4,m4a,3gp,3g2,mj2: stream 0, timescale not set
2025-10-18T17:56:55 update: added /Russ - AINT GOIN BACK (Official Audio).m4a
2025-10-18T17:56:55 ffmpeg/mov,mp4,m4a,3gp,3g2,mj2: stream 0, timescale not set
2025-10-18T17:56:55 update: added /BØRNS - Electric Love.m4a
2025-10-18T17:56:55 ffmpeg/mov,mp4,m4a,3gp,3g2,mj2: stream 0, timescale not set
2025-10-18T17:56:55 update: added /Taylor Swift - Call It What You Want (Lyric Video).m4a
2025-10-18T17:56:55 ffmpeg/mov,mp4,m4a,3gp,3g2,mj2: stream 0, timescale not set
2025-10-18T17:56:55 update: added /Hear Me __  Imagine Dragons -Traducida al Español-.m4a
2025-10-18T17:56:55 ffmpeg/mov,mp4,m4a,3gp,3g2,mj2: stream 0, timescale not set
2025-10-18T17:56:55 update: added /Natalia Lafourcade - Nunca Es Suficiente.m4a
2025-10-18T17:56:55 ffmpeg/mov,mp4,m4a,3gp,3g2,mj2: stream 0, timescale not set
2025-10-18T17:56:55 update: added /Queens of the Stone Age - I Appear Missing.m4a
2025-10-18T17:56:55 ffmpeg/mov,mp4,m4a,3gp,3g2,mj2: stream 0, timescale not set
2025-10-18T17:56:55 update: added /Everyday Normal Guy 2.m4a
2025-10-18T17:56:55 ffmpeg/mov,mp4,m4a,3gp,3g2,mj2: stream 0, timescale not set
2025-10-18T17:56:55 update: added /Between The Cheats.m4a
2025-10-18T17:56:55 ffmpeg/mov,mp4,m4a,3gp,3g2,mj2: stream 0, timescale not set
2025-10-18T17:56:55 update: added /Take Me Out.m4a
2025-10-18T17:56:55 ffmpeg/mov,mp4,m4a,3gp,3g2,mj2: stream 0, timescale not set
2025-10-18T17:56:55 update: added /Cage The Elephant - Social Cues (Audio).m4a
2025-10-18T17:56:55 ffmpeg/mov,mp4,m4a,3gp,3g2,mj2: stream 0, timescale not set
2025-10-18T17:56:55 update: added /Santana - Maria Maria ft. The Product G&B.m4a
2025-10-18T17:56:55 ffmpeg/mov,mp4,m4a,3gp,3g2,mj2: stream 0, timescale not set
2025-10-18T17:56:55 update: added /Skins - Wild World.m4a
2025-10-18T17:56:55 ffmpeg/mov,mp4,m4a,3gp,3g2,mj2: stream 0, timescale not set
2025-10-18T17:56:55 update: added /The Strokes - Call Me Back.m4a
2025-10-18T17:56:55 ffmpeg/mov,mp4,m4a,3gp,3g2,mj2: stream 0, timescale not set
2025-10-18T17:56:55 update: added /Aventura - Dile Al Amor (Letra-Lyrics).m4a
2025-10-18T17:56:55 ffmpeg/mov,mp4,m4a,3gp,3g2,mj2: stream 0, timescale not set
2025-10-18T17:56:55 update: added /Wind Of Change.m4a
2025-10-18T17:56:55 update: added /AUD-20151101-WA0027.mp3
2025-10-18T17:56:55 update: added /ALMA DINAMITA_256k.mp3
2025-10-18T17:56:55 update: added /Ayy Macarena - Tyga.mp3
2025-10-18T17:56:55 ffmpeg/mov,mp4,m4a,3gp,3g2,mj2: stream 0, timescale not set
2025-10-18T17:56:55 update: added /Arctic Monkeys - Batphone (Official Audio).m4a
2025-10-18T17:56:55 ffmpeg/mov,mp4,m4a,3gp,3g2,mj2: stream 0, timescale not set
2025-10-18T17:56:55 update: added /Duck Fizz - Blackout Disco (Lyrics).m4a
2025-10-18T17:56:55 update: added /BAD BUNNY - DtMF (Visualizer) _ DeBÍ TiRAR MáS FOToS.m4a
2025-10-18T17:56:55 ffmpeg/mov,mp4,m4a,3gp,3g2,mj2: stream 0, timescale not set
2025-10-18T17:56:55 update: added /10. Ka-b - Aunque me duela (Official Music Video) _ THE NEW TSUNAMI.m4a
2025-10-18T17:56:55 ffmpeg/mov,mp4,m4a,3gp,3g2,mj2: stream 0, timescale not set
2025-10-18T17:56:55 update: added /Fuera de Lugar.m4a
2025-10-18T17:56:55 ffmpeg/mov,mp4,m4a,3gp,3g2,mj2: stream 0, timescale not set
2025-10-18T17:56:55 update: added /Pressure.m4a
2025-10-18T17:56:55 update: added /Snow Tha Product __ BZRP Music Sessions @39.mp3
2025-10-18T17:56:55 ffmpeg/mov,mp4,m4a,3gp,3g2,mj2: stream 0, timescale not set
2025-10-18T17:56:55 update: added /[Electro Swing] LITTLE VIOLET - LIMITS - OFFICIAL AUDIO.m4a
2025-10-18T17:56:55 ffmpeg/mov,mp4,m4a,3gp,3g2,mj2: stream 0, timescale not set
2025-10-18T17:56:55 update: added /UB40 - Red Red Wine.m4a
2025-10-18T17:56:55 ffmpeg/mov,mp4,m4a,3gp,3g2,mj2: stream 0, timescale not set
2025-10-18T17:56:55 update: added /Humility (feat. George Benson).m4a
2025-10-18T17:56:55 ffmpeg/mov,mp4,m4a,3gp,3g2,mj2: stream 0, timescale not set
2025-10-18T17:56:55 update: added /Algorithm.m4a
2025-10-18T17:56:55 update: added /ARDE.mp4
2025-10-18T17:56:55 update: added /Maria Becerra - ACARAMELAO (Official Video)_256k.mp3
2025-10-18T17:56:55 update: added /Bad Bunny (ft. Chencho Corleone) - Me Porto Bonito (Official Video) _ Un Verano .mp3
2025-10-18T17:56:55 ffmpeg/mov,mp4,m4a,3gp,3g2,mj2: stream 0, timescale not set
2025-10-18T17:56:55 update: added /Iris.m4a
2025-10-18T17:56:55 update: added /Silvertongue_256k.mp3
2025-10-18T17:56:55 ffmpeg/mov,mp4,m4a,3gp,3g2,mj2: stream 0, timescale not set
2025-10-18T17:56:55 update: added /My Fault.m4a
2025-10-18T17:56:55 ffmpeg/mov,mp4,m4a,3gp,3g2,mj2: stream 0, timescale not set
2025-10-18T17:56:55 update: added /Jueves _ La Oreja de Van Gogh.m4a
2025-10-18T17:56:55 ffmpeg/mov,mp4,m4a,3gp,3g2,mj2: stream 0, timescale not set
2025-10-18T17:56:55 update: added /Radiohead - True Love Waits -Sub Español- HD.m4a
2025-10-18T17:56:55 update: added /Christian French - head first.mp3
2025-10-18T17:56:55 update: added /AUD-20151007-WA0009.aac
2025-10-18T17:56:55 update: added /San Cisco - Magic (Official Music Video).m4a
2025-10-18T17:56:55 ffmpeg/mov,mp4,m4a,3gp,3g2,mj2: stream 0, timescale not set
2025-10-18T17:56:55 update: added /KODALINE - MOVING ON (TRADUCIDA AL ESPAÑOL) Love Rosie.m4a
2025-10-18T17:56:55 ffmpeg/mov,mp4,m4a,3gp,3g2,mj2: stream 0, timescale not set
2025-10-18T17:56:55 update: added /AUD-20151219-WA0021.m4a
2025-10-18T17:56:55 ffmpeg/mov,mp4,m4a,3gp,3g2,mj2: stream 0, timescale not set
2025-10-18T17:56:55 update: added /Tash Sultana - 'SALVATION' (Official Video).m4a
2025-10-18T17:56:55 ffmpeg/mov,mp4,m4a,3gp,3g2,mj2: stream 0, timescale not set
2025-10-18T17:56:55 update: added /Imagine Dragons - Look How Far We've Come (Audio).m4a
2025-10-18T17:56:55 ffmpeg/mov,mp4,m4a,3gp,3g2,mj2: stream 0, timescale not set
2025-10-18T17:56:55 update: added /Lamento Boliviano.m4a
2025-10-18T17:56:55 ffmpeg/mov,mp4,m4a,3gp,3g2,mj2: stream 0, timescale not set
2025-10-18T17:56:55 update: added /Natalia Lafourcade - Mi Lugar Favorito (Official Lyric Video).m4a
2025-10-18T17:56:55 ffmpeg/mov,mp4,m4a,3gp,3g2,mj2: stream 0, timescale not set
2025-10-18T17:56:55 update: added /Dexys Midnight Runners - Come on Eileen.m4a
2025-10-18T17:56:55 ffmpeg/mov,mp4,m4a,3gp,3g2,mj2: stream 0, timescale not set
2025-10-18T17:56:55 update: added /Stuck.m4a
2025-10-18T17:56:55 ffmpeg/mov,mp4,m4a,3gp,3g2,mj2: stream 0, timescale not set
2025-10-18T17:56:55 update: added /No Te Puedo Olvidar (letra) - Camilo Séptimo.m4a
2025-10-18T17:56:55 update: added /Imagine Dragons - Blur (Official Lyric Video).mp3
2025-10-18T17:56:55 ffmpeg/mov,mp4,m4a,3gp,3g2,mj2: stream 0, timescale not set
2025-10-18T17:56:55 update: added /3-15.m4a
2025-10-18T17:56:55 ffmpeg/mov,mp4,m4a,3gp,3g2,mj2: stream 0, timescale not set
2025-10-18T17:56:55 update: added /Todo Biento.m4a
2025-10-18T17:56:55 ffmpeg/mov,mp4,m4a,3gp,3g2,mj2: stream 0, timescale not set
2025-10-18T17:56:55 update: added /Ride On.m4a
2025-10-18T17:56:55 update: added /The Score - Glory (Official Audio)_256k.mp3
2025-10-18T17:56:55 ffmpeg/mov,mp4,m4a,3gp,3g2,mj2: stream 0, timescale not set
2025-10-18T17:56:55 update: added /Sub Urban - Cradles [OFFICIAL MUSIC VIDEO].m4a
2025-10-18T17:56:55 ffmpeg/mov,mp4,m4a,3gp,3g2,mj2: stream 0, timescale not set
2025-10-18T17:56:55 update: added /Imagine Dragons - I Bet My Life (Audio).m4a
2025-10-18T17:56:55 ffmpeg/mov,mp4,m4a,3gp,3g2,mj2: stream 0, timescale not set
2025-10-18T17:56:55 update: added /Alex Turner - Glass in the Park (Subtitulada).m4a
2025-10-18T17:56:55 ffmpeg/mov,mp4,m4a,3gp,3g2,mj2: stream 0, timescale not set
2025-10-18T17:56:55 update: added /Water Fountain.m4a
2025-10-18T17:56:55 ffmpeg/mov,mp4,m4a,3gp,3g2,mj2: stream 0, timescale not set
2025-10-18T17:56:55 update: added /Milky Chance - Stolen Dance (Album Version).m4a
2025-10-18T17:56:55 update: added /Trueno, Randy, Bizarrap - JUNGLE (Video Oficial).mp3
2025-10-18T17:56:55 ffmpeg/mov,mp4,m4a,3gp,3g2,mj2: stream 0, timescale not set
2025-10-18T17:56:55 update: added /Roots.m4a
2025-10-18T17:56:55 update: added /The Score - Legend_256k.mp3
2025-10-18T17:56:55 ffmpeg/mov,mp4,m4a,3gp,3g2,mj2: stream 0, timescale not set
2025-10-18T17:56:55 update: added /The Rasmus - In the Shadows (HQ Audio).m4a
2025-10-18T17:56:55 ffmpeg/sami: Format sami detected only with low score of 1, misdetection possible!
2025-10-18T17:56:55 ffmpeg/mov,mp4,m4a,3gp,3g2,mj2: stream 0, timescale not set
2025-10-18T17:56:55 update: added /NO COPIO - CRUDO-THE COLOMBIANS-U&D - ESMERALDAS.m4a
2025-10-18T17:56:55 ffmpeg/mov,mp4,m4a,3gp,3g2,mj2: stream 0, timescale not set
2025-10-18T17:56:55 update: added /BLESSD  FEID - SI SABE FERXXO  (VIDEO OFICIAL).m4a
2025-10-18T17:56:55 ffmpeg/mov,mp4,m4a,3gp,3g2,mj2: stream 0, timescale not set
2025-10-18T17:56:55 update: added /Murio la flor - Los Angeles Negros  ( Con Letra ).m4a
2025-10-18T17:56:55 update: added /Bad Bunny - Dos Mil 16 (360° Visualizer) _ Un Verano Sin Ti.mp3
2025-10-18T17:56:55 update: added /Nicki Nicole, Ptazeta, Snow Tha Product - Tengo To (Official Lyric Video).mp3
2025-10-18T17:56:55 ffmpeg/mov,mp4,m4a,3gp,3g2,mj2: stream 0, timescale not set
2025-10-18T17:56:55 update: added /El Canto del Loco - Contigo ft. Natalia Lafourcade.m4a
2025-10-18T17:56:55 ffmpeg/mov,mp4,m4a,3gp,3g2,mj2: stream 0, timescale not set
2025-10-18T17:56:55 update: added /The Strokes - You Only Live Once (Video Main).m4a
2025-10-18T17:56:55 update: added /RVFV - Yo Aprendí (Video Oficial).mp3
2025-10-18T17:56:55 ffmpeg/mov,mp4,m4a,3gp,3g2,mj2: stream 0, timescale not set
2025-10-18T17:56:55 update: added /Post Malone - 'Wow.' (Official Music Video).m4a
2025-10-18T17:56:55 ffmpeg/mov,mp4,m4a,3gp,3g2,mj2: stream 0, timescale not set
2025-10-18T17:56:55 update: added /Tiësto  Oliver Heldens ft Natalie La Rose   The Right Song Radio Edit.m4a
2025-10-18T17:56:55 update: added /The Score - Believe (Official Audio)_256k.mp3
2025-10-18T17:56:55 update: added /Siddhartha, Ana Torroja - Mapa (Letra-Lyrics)_256k.mp3
2025-10-18T17:56:55 ffmpeg/mov,mp4,m4a,3gp,3g2,mj2: stream 0, timescale not set
2025-10-18T17:56:55 update: added /Virlan Garcia - En Donde Esta Tu Amor [Official Audio].m4a
2025-10-18T17:56:55 ffmpeg/mov,mp4,m4a,3gp,3g2,mj2: stream 0, timescale not set
2025-10-18T17:56:55 update: added /Kaleo - No Good (Vinyl).m4a
2025-10-18T17:56:55 ffmpeg/mov,mp4,m4a,3gp,3g2,mj2: stream 0, timescale not set
2025-10-18T17:56:55 update: added /John Newman - Come And Get It.m4a
2025-10-18T17:56:55 ffmpeg/mov,mp4,m4a,3gp,3g2,mj2: stream 0, timescale not set
2025-10-18T17:56:55 update: added /Pixies - Where is my Mind (Fight Club Soundtrack) HQ.m4a
2025-10-18T17:56:55 update: added /Enemy (from the series Arcane League of Legends)_256k(1).mp3
2025-10-18T17:56:55 ffmpeg/mov,mp4,m4a,3gp,3g2,mj2: stream 0, timescale not set
2025-10-18T17:56:55 update: added /17 EPILOGO - CANSERBERO -Vida-_low.m4a
2025-10-18T17:56:55 ffmpeg/mov,mp4,m4a,3gp,3g2,mj2: stream 0, timescale not set
2025-10-18T17:56:55 update: added /Tipling Rock - A Side - B Side [Visualizer].m4a
2025-10-18T17:56:55 update: added /Dinamita - Rafa Arreguín.mp3
2025-10-18T17:56:55 ffmpeg/mov,mp4,m4a,3gp,3g2,mj2: stream 0, timescale not set
2025-10-18T17:56:55 update: added /Black Honey - Teenager.m4a
2025-10-18T17:56:55 ffmpeg/mov,mp4,m4a,3gp,3g2,mj2: stream 0, timescale not set
2025-10-18T17:56:55 update: added /The Black Eyed Peas - Let's Get It Started.m4a
2025-10-18T17:56:55 update: added /High Hopes_256k.mp3
2025-10-18T17:56:55 ffmpeg/mov,mp4,m4a,3gp,3g2,mj2: stream 0, timescale not set
2025-10-18T17:56:55 update: added /Coldplay - Hymn For The Weekend (Official Video).m4a
2025-10-18T17:56:55 ffmpeg/mov,mp4,m4a,3gp,3g2,mj2: stream 0, timescale not set
2025-10-18T17:56:55 update: added /Mon Laferte - Amor Completo.m4a
2025-10-18T17:56:55 update: added /One Day_256k.mp3
2025-10-18T17:56:55 ffmpeg/mov,mp4,m4a,3gp,3g2,mj2: stream 0, timescale not set
2025-10-18T17:56:55 update: added /James Blunt - Courtney's Song.m4a
2025-10-18T17:56:55 ffmpeg/mov,mp4,m4a,3gp,3g2,mj2: stream 0, timescale not set
2025-10-18T17:56:55 update: added /rosas ; la oreja de van gogh -- letra.m4a
2025-10-18T17:56:55 ffmpeg/mov,mp4,m4a,3gp,3g2,mj2: stream 0, timescale not set
2025-10-18T17:56:55 update: added /Camila Cabello - My Oh My (Audio) ft. DaBaby.m4a
2025-10-18T17:56:55 update: added /Frank Carter & The Rattlesnakes - Cupid's Arrow (Visualiser).mp3
2025-10-18T17:56:55 ffmpeg/mov,mp4,m4a,3gp,3g2,mj2: stream 0, timescale not set
2025-10-18T17:56:55 update: added /Blackbear -- i miss the old u (ESPAÑOL).m4a
2025-10-18T17:56:55 ffmpeg/mov,mp4,m4a,3gp,3g2,mj2: stream 0, timescale not set
2025-10-18T17:56:55 update: added /The Strokes - Hard To Explain.m4a
2025-10-18T17:56:55 update: added /Bad Bunny (ft. Bomba Estéreo) - Ojitos Lindos (360° Visualizer) _ Un Verano Sin .mp3
2025-10-18T17:56:55 ffmpeg/mov,mp4,m4a,3gp,3g2,mj2: stream 0, timescale not set
2025-10-18T17:56:55 update: added /Oscar Maydon x Fuerza Regida - Tu Boda.m4a
2025-10-18T17:56:55 update: added /Por Ti.mp3
2025-10-18T17:56:55 ffmpeg/mov,mp4,m4a,3gp,3g2,mj2: stream 0, timescale not set
2025-10-18T17:56:55 update: added /Imagine Dragons - This Is Me (Audio).m4a
2025-10-18T17:56:55 ffmpeg/mov,mp4,m4a,3gp,3g2,mj2: stream 0, timescale not set
2025-10-18T17:56:55 update: added /half•alive - tip toes [AUDIO].m4a
2025-10-18T17:56:55 ffmpeg/mov,mp4,m4a,3gp,3g2,mj2: stream 0, timescale not set
2025-10-18T17:56:55 update: added /Arctic Monkeys - Four Out Of Five (Official Audio).m4a
2025-10-18T17:56:55 update: added /Imagine Dragons - Symphony (Official Lyric Video).mp3
2025-10-18T17:56:55 ffmpeg/mov,mp4,m4a,3gp,3g2,mj2: stream 0, timescale not set
2025-10-18T17:56:55 update: added /Jaymes Young - Don't You Know _ Sub Español.m4a
2025-10-18T17:56:55 update: added /gianni & kyle -- 5 shots (prod. by kojo a. x nicky quinn)_256k.mp3
2025-10-18T17:56:55 ffmpeg/mov,mp4,m4a,3gp,3g2,mj2: stream 0, timescale not set
2025-10-18T17:56:55 update: added /La Franela - Hacer un puente (video oficial) HD.m4a
2025-10-18T17:56:55 ffmpeg/mov,mp4,m4a,3gp,3g2,mj2: stream 0, timescale not set
2025-10-18T17:56:55 update: added /The Four Owls - Coming Home.m4a
2025-10-18T17:56:55 ffmpeg/mov,mp4,m4a,3gp,3g2,mj2: stream 0, timescale not set
2025-10-18T17:56:55 update: added /Hotel California.m4a
2025-10-18T17:56:55 ffmpeg/mov,mp4,m4a,3gp,3g2,mj2: stream 0, timescale not set
2025-10-18T17:56:55 update: added /Siddhartha - El Chico.m4a
2025-10-18T17:56:55 ffmpeg/mov,mp4,m4a,3gp,3g2,mj2: stream 0, timescale not set
2025-10-18T17:56:55 update: added /Mini Mansions - Vertigo (Audio) ft. Alex Turner.m4a
2025-10-18T17:56:55 ffmpeg/mov,mp4,m4a,3gp,3g2,mj2: stream 0, timescale not set
2025-10-18T17:56:55 update: added /AaRON - LYF.m4a
2025-10-18T17:56:55 update: added /Joji - Run (Official Video).mp3
2025-10-18T17:56:55 update: added /Los Del Espacio - LIT killah, Duki, Emilia, Tiago PZK, FMK, Rusherking, Maria Be.mp3
2025-10-18T17:56:55 ffmpeg/mov,mp4,m4a,3gp,3g2,mj2: stream 0, timescale not set
2025-10-18T17:56:55 update: added /Vida (Cap. 9).m4a
2025-10-18T17:56:55 ffmpeg/mov,mp4,m4a,3gp,3g2,mj2: stream 0, timescale not set
2025-10-18T17:56:55 update: added /Friction.m4a
2025-10-18T17:56:55 update: added /Efecto.mp3
2025-10-18T17:56:55 ffmpeg/mov,mp4,m4a,3gp,3g2,mj2: stream 0, timescale not set
2025-10-18T17:56:55 update: added /The Cranberries - Zombie.m4a
2025-10-18T17:56:55 ffmpeg/mov,mp4,m4a,3gp,3g2,mj2: stream 0, timescale not set
2025-10-18T17:56:55 update: added /Paulo Londra - Adan y Eva (Official Video).m4a
2025-10-18T17:56:55 ffmpeg/mov,mp4,m4a,3gp,3g2,mj2: stream 0, timescale not set
2025-10-18T17:56:55 update: added /John Newman - Love Me Again.m4a
2025-10-18T17:56:55 ffmpeg/mov,mp4,m4a,3gp,3g2,mj2: stream 0, timescale not set
2025-10-18T17:56:55 update: added /Canserbero - Es épico (Video subtitulado -- Letra en pantalla).m4a
2025-10-18T17:56:55 ffmpeg/sami: Format sami detected only with low score of 1, misdetection possible!
2025-10-18T17:56:55 ffmpeg/mov,mp4,m4a,3gp,3g2,mj2: stream 0, timescale not set
2025-10-18T17:56:55 update: added /Christina Perri - A Thousand Years -Official Music Video-.m4a
2025-10-18T17:56:55 ffmpeg/mov,mp4,m4a,3gp,3g2,mj2: stream 0, timescale not set
2025-10-18T17:56:55 update: added /Spiderhead.m4a
2025-10-18T17:56:55 ffmpeg/mov,mp4,m4a,3gp,3g2,mj2: stream 0, timescale not set
2025-10-18T17:56:55 update: added /Santana - Into The Night (Video) ft. Chad Kroeger.m4a
2025-10-18T17:56:55 ffmpeg/mov,mp4,m4a,3gp,3g2,mj2: stream 0, timescale not set
2025-10-18T17:56:55 update: added /Bastille - Fake It.m4a
2025-10-18T17:56:55 ffmpeg/mov,mp4,m4a,3gp,3g2,mj2: stream 0, timescale not set
2025-10-18T17:56:55 update: added /Hoobastank - The Reason (Official Music Video).m4a
2025-10-18T17:56:55 ffmpeg/mov,mp4,m4a,3gp,3g2,mj2: stream 0, timescale not set
2025-10-18T17:56:55 update: added /La Magia - Little Jesus (Letra).m4a
2025-10-18T17:56:55 ffmpeg/mov,mp4,m4a,3gp,3g2,mj2: stream 0, timescale not set
2025-10-18T17:56:55 update: added /Cheek to cheek Joan Chamorro quartet & Rita Payés , Andrea Motis, Luigi Grasso.m4a
2025-10-18T17:56:55 ffmpeg/mov,mp4,m4a,3gp,3g2,mj2: stream 0, timescale not set
2025-10-18T17:56:55 update: added /SOJA - Here I Am.m4a
2025-10-18T17:56:55 ffmpeg/mov,mp4,m4a,3gp,3g2,mj2: stream 0, timescale not set
2025-10-18T17:56:55 update: added /Belanova - Rosa Pastel (Lyric Video).m4a
2025-10-18T17:56:55 update: added /Spag Heddy - Believe.m4a
2025-10-18T17:56:55 update: added /Imagine Dragons - Monday (Official Lyric Video)_256k.mp3
2025-10-18T17:56:55 update: added /Imagine Dragons - Ferris Wheel (Official Lyric Video).mp3
2025-10-18T17:56:55 ffmpeg/mov,mp4,m4a,3gp,3g2,mj2: stream 0, timescale not set
2025-10-18T17:56:55 update: added /Warriors.m4a
2025-10-18T17:56:55 ffmpeg/mov,mp4,m4a,3gp,3g2,mj2: stream 0, timescale not set
2025-10-18T17:56:55 update: added /Natanael Cano __ BZRP Music Sessions @59.m4a
2025-10-18T17:56:55 ffmpeg/mov,mp4,m4a,3gp,3g2,mj2: stream 0, timescale not set
2025-10-18T17:56:55 update: added /Novocaine - Fall Out Boy (Lyrics).m4a
2025-10-18T17:56:55 ffmpeg/mov,mp4,m4a,3gp,3g2,mj2: stream 0, timescale not set
2025-10-18T17:56:55 update: added /Imagine Dragons - I Need A Minute (Audio).m4a
2025-10-18T17:56:55 ffmpeg/mov,mp4,m4a,3gp,3g2,mj2: stream 0, timescale not set
2025-10-18T17:56:55 update: added /Human.m4a
2025-10-18T17:56:55 ffmpeg/mov,mp4,m4a,3gp,3g2,mj2: stream 0, timescale not set
2025-10-18T17:56:55 update: added /Maria Becerra - Tú Me Lo Haces Fácil (Acoustic Version).m4a
2025-10-18T17:56:55 ffmpeg/mov,mp4,m4a,3gp,3g2,mj2: stream 0, timescale not set
2025-10-18T17:56:55 update: added /Ojos Verdes.m4a
2025-10-18T17:56:55 update: added /AUD-20151008-WA0019.aac
2025-10-18T17:56:55 update: added /Luna.mp3
2025-10-18T17:56:55 update: added /Joji - NITROUS (Official Audio).mp3
2025-10-18T17:56:55 ffmpeg/mov,mp4,m4a,3gp,3g2,mj2: stream 0, timescale not set
2025-10-18T17:56:55 update: added /BAD BUNNY - VOY A LLeVARTE PA PR (Visualizer) _ DeBÍ TiRAR MáS FOToS.m4a
2025-10-18T17:56:55 update: added /Trueno - BIEN O MAL.mp3
2025-10-18T17:56:55 ffmpeg/mov,mp4,m4a,3gp,3g2,mj2: stream 0, timescale not set
2025-10-18T17:56:55 update: added /Haddaway - What Is Love -Official-.m4a
2025-10-18T17:56:55 update: added /The Score - Unstoppable (Lyric Video)_256k.mp3
2025-10-18T17:56:55 ffmpeg/mov,mp4,m4a,3gp,3g2,mj2: stream 0, timescale not set
2025-10-18T17:56:55 update: added /Somewhere Only We Know.m4a
2025-10-18T17:56:55 ffmpeg/mov,mp4,m4a,3gp,3g2,mj2: stream 0, timescale not set
2025-10-18T17:56:55 update: added /Audioslave-Getaway Car (Lyrics).m4a
2025-10-18T17:56:55 update: added /Los Pericos-Cuidame bien.m4a
2025-10-18T17:56:55 ffmpeg/mov,mp4,m4a,3gp,3g2,mj2: stream 0, timescale not set
2025-10-18T17:56:55 update: added /Selena Gomez - Sober (Official Audio).m4a
2025-10-18T17:56:55 update: removing music/Cracks_(Flux_Pavilion_Remix).mp3
2025-10-18T17:56:55 update: removing music/Xbox 360 Achievement Sound.wma
2025-10-18T17:56:55 update: removing music/William Bolton - Front Row (feat. Jackson Breit).m4a
2025-10-18T17:56:55 update: removing music/Vivaldi - Spring.m4a
2025-10-18T17:56:55 update: removing music/Spag Heddy - Nostalgibra -Drumstep-.m4a
2025-10-18T17:56:55 update: removing music/Spag Heddy - Believe.m4a
2025-10-18T17:56:55 update: removing music/sonic ring noise thing i need for a text tone.wma
2025-10-18T17:56:55 update: removing music/SKRILEX - FIRST OF THE YEAR (Equinox) -pleer.com-.mp3
2025-10-18T17:56:55 update: removing music/Sin tu sonrisa - Los Aldeanos ft Bebe.m4a
2025-10-18T17:56:55 update: removing music/Rihanna - Diamonds (Lyric Video).m4a
2025-10-18T17:56:55 update: removing music/Ride Or Die (with Villano Antillano) (feat. Villano Antillano).m4a
2025-10-18T17:56:55 update: removing music/Real 70 Crew Feat. Nedman Guerrero - Por ser Rapero (AUDIO).m4a
2025-10-18T17:56:55 update: removing music/Real 70 Crew - Real 70 Crew Feat. Melito (AUDIO).m4a
2025-10-18T17:56:55 update: removing music/Real 70 Crew - Pa' Ti No Hay Na' (AUDIO).m4a
2025-10-18T17:56:55 update: removing music/Real 70 Crew - Mientras Duerme la Ciudad Feat. El Urbano Vargas y Nedman Guerrer.m4a
2025-10-18T17:56:55 update: removing music/QUISE SER FELIZ - ZARCORT Y ITOWNGAMEPLAY.m4a
2025-10-18T17:56:55 update: removing music/Por Tu Amor (Duranguense).m4a
2025-10-18T17:56:55 update: removing music/PLAY LOVE - ZARCORT Y ITOWNGAMEPLAY.m4a
2025-10-18T17:56:55 update: removing music/NUEVO VS CLÁSICO _ ZARCORT, PORTA, PITER-G _ ULTIMA PARTE DEL ESPECIAL.m4a
2025-10-18T17:56:55 update: removing music/Monsters With Tiny Mustaches - Freedom (Different Heaven Remix).m4a
2025-10-18T17:56:55 update: removing music/Modestep - Sunlight.m4a
2025-10-18T17:56:55 update: removing music/Modestep - Sunlight (Official Video).m4a
2025-10-18T17:56:55 update: removing music/Mala Fama.mp3
2025-10-18T17:56:55 update: removing music/Los Aldeanos.- Un dia diferente.m4a
2025-10-18T17:56:55 update: removing music/La Roux - Skrilex In For The Kill.mp3
2025-10-18T17:56:55 update: removing music/Jesse Rutherford & Devon Carlson _ Sweater Weather Acoustic_low.m4a
2025-10-18T17:56:55 update: removing music/Jantsen & Dirt Monkey - In The Mood.m4a
2025-10-18T17:56:55 update: removing music/Hey listen navi ringtone.wma
2025-10-18T17:56:55 update: removing music/Guns N' Roses - Don't Cry.m4a
2025-10-18T17:56:55 update: removing music/facebook_ringtone_pop.wma
2025-10-18T17:56:55 update: removing music/Eptic - She.m4a
2025-10-18T17:56:55 update: removing music/Enrique Iglesias - Bailando (Español) ft. Descemer Bueno, Gente De Zona.m4a
2025-10-18T17:56:55 update: removing music/EL CHICO INVISIBLE _ RAP _ ZARCORT Y TOWN.m4a
2025-10-18T17:56:55 update: removing music/Digital_Controller.mp3
2025-10-18T17:56:55 update: removing music/CENOB1TE & Midnight Conspiracy - Sentinel (Original Mix) HD.m4a
2025-10-18T17:56:55 update: removing music/CENOB1TE - Hyperion (Original Mix) HD.m4a
2025-10-18T17:56:55 update: removing music/Calle 13 - Muerte En Hawaii (Audio).m4a
2025-10-18T17:56:55 update: removing music/Calle 13 - La Vuelta Al Mundo (Audio).m4a
2025-10-18T17:56:55 update: removing music/Calle 13 - La Vida (Respira el Momento) (Official Video).m4a
2025-10-18T17:56:55 update: removing music/Calle 13 - Adentro.m4a
2025-10-18T17:56:55 update: removing music/AUD-20151008-WA0019.aac
2025-10-18T17:56:55 update: removing music/AUD-20151007-WA0009.aac
2025-10-18T17:56:55 update: removing music/Kansas - Dust in the Wind (Official Video).m4a
2025-10-18T17:56:55 update: removing music/General Elektriks - 'Raid The Radio' -Official Video-.m4a
2025-10-18T17:56:55 update: removing music/gondwana - sentimiento original.m4a
2025-10-18T17:56:55 update: removing music/Imagine Dragons - Gold (Audio).m4a
2025-10-18T17:56:55 update: removing music/Tyga - Goddamn (Audio).mp3
2025-10-18T17:56:55 update: removing music/Aventura - Ella y Yo (ft. Don Omar).m4a
2025-10-18T17:56:55 update: removing music/Vance Joy - 'Riptide' Official Video.m4a
2025-10-18T17:56:55 update: removing music/Tyler The Creator - Yonkers.m4a
2025-10-18T17:56:55 update: removing music/The Cranberries - Zombie.m4a
2025-10-18T17:56:55 update: removing music/girassóis de van gogh - baco exu do blues __ cover.m4a
2025-10-18T17:56:55 update: removing music/gianni & kyle -- 5 shots (prod. by kojo a. x nicky quinn)_256k.mp3
2025-10-18T17:56:55 update: removing music/Gia Fu -- Salsa De Corazon Boricua(1).m4a
2025-10-18T17:56:55 update: removing music/Adam Lambert - 'Ghost Town' -Official Lyric Video-.m4a
2025-10-18T17:56:55 update: removing music/Roderick Porter - ghost (ft. Ivri) [prod. ocean].m4a
2025-10-18T17:56:55 update: removing music/Confetti - Ghost (Official Audio)_256k.mp3
2025-10-18T17:56:55 update: removing music/Get Lucky (Official Audio).m4a
2025-10-18T17:56:55 update: removing music/Aerosmith - Amazing.m4a
2025-10-18T17:56:55 update: removing music/Gera MX, Christian Nodal - Botella Tras Botella (Letra)(1).m4a
2025-10-18T17:56:55 update: removing music/Álvaro Díaz, Feid - GATITAS SANDUNGUERAS VOL.1 (Visualizer).m4a
2025-10-18T17:56:55 update: removing music/Daddy Yankee - Gasolina (Video Oficial).m4a
2025-10-18T17:56:55 update: removing music/Are We Ready_ (Wreck)_256k.mp3
2025-10-18T17:56:55 update: removing music/Jimmy Eat World - Pain.m4a
2025-10-18T17:56:55 update: removing music/All Time Low - Missing You.m4a
2025-10-18T17:56:55 update: removing music/Fuera de Lugar.m4a
2025-10-18T17:56:55 update: removing music/Fue.m4a
2025-10-18T17:56:55 update: removing music/Caloncho - Palmar (Lyric Video).m4a
2025-10-18T17:56:55 update: removing music/Fall Out Boy - Dance, Dance Lyrics.m4a
2025-10-18T17:56:55 update: removing music/Friend, Please_256k.mp3
2025-10-18T17:56:55 update: removing music/Fresh - Nanpa Básico (audio).m4a
2025-10-18T17:56:55 update: removing music/Enrique Bunbury - Frente a Frente (Vídeoclip Oficial).m4a
2025-10-18T17:56:55 update: removing music/Why Are There Boundaries.m4a
2025-10-18T17:56:55 update: removing music/Bullseye_2297.mp3
2025-10-18T17:56:55 update: removing music/Louis The Child, Drew Love - Free (Audio).m4a
2025-10-18T17:56:55 update: removing music/Eiffel 65 - Blue (Da Ba Dee) (Original Video with subtitles).m4a
2025-10-18T17:56:55 update: removing music/Sweet Home Alabama.m4a
2025-10-18T17:56:55 update: removing music/blackbear -- addiction -traducida al español-.m4a
2025-10-18T17:56:55 update: removing music/Imagine Dragons - Follow You (Lyric Video)_256k.mp3
2025-10-18T17:56:55 update: removing music/Imagine Dragons - Cutthroat (Lyric Video)_256k.mp3
2025-10-18T17:56:55 update: removing music/Disclosure - You & Me  feat. Eliza Doolittle  (Flume Remix).m4a
2025-10-18T17:56:55 update: removing music/FloyyMenor - GATA ONLY ft. Cris MJ (Letra-Lyrics).m4a
2025-10-18T17:56:55 update: removing music/3AM - Flor De Loto (Letra) _ Flow City.mp3
2025-10-18T17:56:55 update: removing music/Flaca - Nanpa Basico.m4a
2025-10-18T17:56:55 update: removing music/Two Feet - Go Fuck Yourself _ Sub Español.m4a
2025-10-18T17:56:55 update: removing music/The Strokes - You Only Live Once (Video Main).m4a
2025-10-18T17:56:55 update: removing music/The Strokes - Heart In A Cage.m4a
2025-10-18T17:56:55 update: removing music/Harry Styles - She (Official Audio).m4a
2025-10-18T17:56:55 update: removing music/Harry Styles - Adore You (Official Audio).mp3
2025-10-18T17:56:55 update: removing music/Feid - Normal (Lyric Video).mp3
2025-10-18T17:56:55 update: removing music/Feid - SORRY 4 THAT MUCH (Official Video).m4a
2025-10-18T17:56:55 update: removing music/Feeling You.m4a
2025-10-18T17:56:55 update: removing music/mxmtoon - feelings are fatal (Sub. Español).m4a
2025-10-18T17:56:55 update: removing music/Feel Trip.m4a
2025-10-18T17:56:55 update: removing music/Jaymes Young - Feel Something _ Sub Español.m4a
2025-10-18T17:56:55 update: removing music/Trueno - FEEL ME__ (Video Oficial).mp3
2025-10-18T17:56:55 update: removing music/Taylor Swift - You're Not Sorry (Music Video)_low.m4a
2025-10-18T17:56:55 update: removing music/Only Ones Who Know.m4a
2025-10-18T17:56:55 update: removing music/Arctic Monkeys - Fluorescent Adolescent (Sub. Español).m4a
2025-10-18T17:56:55 update: removing music/BØRNS - Faded Heart.m4a
2025-10-18T17:56:55 update: removing music/BoyWithUke - Toxic (Official Lyric Video).mp3
2025-10-18T17:56:55 update: removing music/Alan Walker - Faded.m4a
2025-10-18T17:56:55 update: removing music/Imagine Dragons - Eyes Closed (Official Music Video).m4a
2025-10-18T17:56:55 update: removing music/Los Mesoneros - Exprópiese (Video Oficial).m4a
2025-10-18T17:56:55 update: removing music/Expectations.m4a
2025-10-18T17:56:55 update: removing music/Hello Cotto.mp3
2025-10-18T17:56:55 update: removing music/Yesterday.m4a
2025-10-18T17:56:55 update: removing music/Whatever It Takes.m4a
2025-10-18T17:56:55 update: removing music/Thunder.m4a
2025-10-18T17:56:55 update: removing music/Start Over.m4a
2025-10-18T17:56:55 update: removing music/Rise Up.m4a
2025-10-18T17:56:55 update: removing music/Next To Me.m4a
2025-10-18T17:56:55 update: removing music/Mouth Of The River.m4a
2025-10-18T17:56:55 update: removing music/Imagine Dragons – I Don't Know Why -Exclusive-.m4a
2025-10-18T17:56:55 update: removing music/Imagine Dragons - Walking The Wire (Audio).m4a
2025-10-18T17:56:55 update: removing music/Imagine Dragons - I'll Make It Up To You (Lyrics _ Letra).m4a
2025-10-18T17:56:55 update: removing music/Dancing In The Dark.m4a
2025-10-18T17:56:55 update: removing music/Billie Eilish - everything i wanted (Audio).m4a
2025-10-18T17:56:55 update: removing music/Unlike Pluto - Everything Black (feat. Mike Taylor) [Official Lyric Video].m4a
2025-10-18T17:56:55 update: removing music/Band of Horses - The Funeral [OFFICIAL VIDEO].m4a
2025-10-18T17:56:55 update: removing music/Damon Albarn - Lonely Press Play (Official Video).m4a
2025-10-18T17:56:55 update: removing music/Keane - Everybody's Changing.m4a
2025-10-18T17:56:55 update: removing music/K.Flay - High Enough (Official Lyric Video).mp3
2025-10-18T17:56:55 update: removing music/Milky Chance - Stolen Dance (Album Version).m4a
2025-10-18T17:56:55 update: removing music/Feid - Estoy Mejor Sin Ti (Video Oficial).m4a
2025-10-18T17:56:55 update: removing music/Fármacos - Quiero conocer tu mundo (audio).m4a
2025-10-18T17:56:55 update: removing music/Julieta Venegas - Ese Camino.m4a
2025-10-18T17:56:55 update: removing music/La Adictiva - Escondidos [Lyric Video].m4a
2025-10-18T17:56:55 update: removing music/Tiago PZK, LIT killah, Maria Becerra, Nicki Nicole - Entre Nosotros REMIX (Video.mp3
2025-10-18T17:56:55 update: removing music/Tiago PZK, LIT killah - Entre Nosotros (Video Oficial)_256k.mp3
2025-10-18T17:56:55 update: removing music/La Arrolladora Banda El Limón De René Camacho - Entre Beso Y Beso (Audio).mp3
2025-10-18T17:56:55 update: removing music/Blessd Ft Rels B- Energía (Oficial Audio).mp3
2025-10-18T17:56:55 update: removing music/Enemy (from the series Arcane League of Legends)_256k.mp3
2025-10-18T17:56:55 update: removing music/Enemy (from the series Arcane League of Legends)_256k(1).mp3
2025-10-18T17:56:55 update: removing music/The Score - Enemies (Official Lyric Video).mp3
2025-10-18T17:56:55 update: removing music/Natanael Cano __ BZRP Music Sessions @59.m4a
2025-10-18T17:56:55 update: removing music/Anxiety.m4a
2025-10-18T17:56:55 update: removing music/gravity - eden (sub español).m4a
2025-10-18T17:56:55 update: removing music/EDEN - Wake Up.m4a
2025-10-18T17:56:55 update: removing music/Justin Bieber- Let me love you.m4a
2025-10-18T17:56:55 update: removing music/Grupo Firme -  Lenin Ramírez - En Tu Perra Vida  (Video Oficial).m4a
2025-10-18T17:56:55 update: removing music/Virlan Garcia - En Donde Esta Tu Amor [Official Audio].m4a
2025-10-18T17:56:55 update: removing music/Panic! At The Disco- Emperor's New Clothes -OFFICIAL VIDEO-.m4a
2025-10-18T17:56:55 update: removing music/Run Away With Me - Carly Rae Jepsen (Traduccion en Español).m4a
2025-10-18T17:56:55 update: removing music/NATHY PELUSO, Tiago PZK - ELLA TIENE (Video Oficial).mp3
2025-10-18T17:56:55 update: removing music/Natalia Lafourcade - Ella Es Bonita.m4a
2025-10-18T17:56:55 update: removing music/The White Stripes - 'Seven Nation Army'.m4a
2025-10-18T17:56:55 update: removing music/The White Stripes - Hypnotize.m4a
2025-10-18T17:56:55 update: removing music/ELECTRO SWING - LITTLE VIOLET - SWINGING MELODIES.m4a
2025-10-18T17:56:55 update: removing music/ELECTRO SWING - CUT CAPERS - SAY WHAT (PiSK REMIX).m4a
2025-10-18T17:56:55 update: removing music/Siddhartha Ft. Caloncho - Loco (Audio).m4a
2025-10-18T17:56:55 update: removing music/Siddhartha - Ecos de Miel (Audio).m4a
2025-10-18T17:56:55 update: removing music/BAD BUNNY x JHAY CORTEZ - DÁKITI (Video Oficial).mp3
2025-10-18T17:56:55 update: removing music/Bad Bunny - Haciendo Que Me Amas (Audio).mp3
2025-10-18T17:56:55 update: removing music/Trueno - THE ROOF IS ON FIRE (Visualizer).m4a
2025-10-18T17:56:55 update: removing music/Trueno - PULL UP! (Official Video).m4a
2025-10-18T17:56:55 update: removing music/Trueno - NO CAP (Visualizer).m4a
2025-10-18T17:56:55 update: removing music/Todavía Te Alcanzo a Ver.m4a
2025-10-18T17:56:55 update: removing music/No Dejes Que....m4a
2025-10-18T17:56:55 update: removing music/Torreblanca - '1000 fantasmas' [Audio].m4a
2025-10-18T17:56:55 update: removing music/De Bruces A Mi - Llegaste A Mi.m4a
2025-10-18T17:56:55 update: removing music/De Bruces A Mi - La Luna y El Mar.m4a
2025-10-18T17:56:55 update: removing music/De Bruces a Mi - CAUTIVO..m4a
2025-10-18T17:56:55 update: removing music/Interpol - Everything Is Wrong.m4a
2025-10-18T17:56:55 update: removing music/Interpol - All The Rage Back Home.m4a
2025-10-18T17:56:55 update: removing music/Los Amigos Invisibles, 'Espérame', feat. Elastic Bond..m4a
2025-10-18T17:56:55 update: removing music/Afuera.m4a
2025-10-18T17:56:55 update: removing music/Na - Canserbero (Letra).m4a
2025-10-18T17:56:55 update: removing music/Jesse & Joy - 'El Malo' (Video con Letra).m4a
2025-10-18T17:56:55 update: removing music/Te metiste - Ariel Camacho (Letra).m4a
2025-10-18T17:56:55 update: removing music/En Algun Lugar.m4a
2025-10-18T17:56:55 update: removing music/Jósean Log - Alguien Como Tú.m4a
2025-10-18T17:56:55 update: removing music/La Arrolladora Banda El Limón De René Camacho - El Final De Nuestra Historia.m4a
2025-10-18T17:56:55 update: removing music/EL ESTRÉN - CRUDO MEANS RAW & THE COLOMBIANS - ESMERALDAS.m4a
2025-10-18T17:56:55 update: removing music/Rauw Alejandro & Chencho Corleone - El Efecto (Video Oficial).m4a
2025-10-18T17:56:55 update: removing music/Ella Me Levanto.m4a
2025-10-18T17:56:55 update: removing music/No Te Va Gustar - A las nueve.m4a
2025-10-18T17:56:55 update: removing music/Ed Sheeran - 'New man' -Subtitulado Al Español-.m4a
2025-10-18T17:56:55 update: removing music/Jesse & Joy - 'Ecos de Amor' (Video con Letra).m4a
2025-10-18T17:56:55 update: removing music/pink floyd - another brick in the wall.m4a
2025-10-18T17:56:55 update: removing music/Earned It (Fifty Shades Of Grey) (From The 'Fifty Shades Of Grey' Soundtrack) (E.m4a
2025-10-18T17:56:55 update: removing music/Circles_1169.mp3
2025-10-18T17:56:55 update: removing music/MESITA - DUBAI.m4a
2025-10-18T17:56:55 update: removing music/Drown.m4a
2025-10-18T17:56:55 update: removing music/Drones.m4a
2025-10-18T17:56:55 update: removing music/Imagine Dragons - Drive (Audio).m4a
2025-10-18T17:56:55 update: removing music/blackbear - something real - sub. español.m4a
2025-10-18T17:56:55 update: removing music/Finish Ticket - Dream Song [Official Music Video]_256k.mp3
2025-10-18T17:56:55 update: removing music/Franc Moody - Dream In Colour (Official Video)_256k.mp3
2025-10-18T17:56:55 update: removing music/Cindy Lauper- Girls just want to have fun.m4a
2025-10-18T17:56:55 update: removing music/BØRNS - American Money.m4a
2025-10-18T17:56:55 update: removing music/Talking To The Moon.m4a
2025-10-18T17:56:55 update: removing music/Bruno Mars - Count on me.mp3
2025-10-18T17:56:55 update: removing music/bitches broken hearts.m4a
2025-10-18T17:56:55 update: removing music/Billie Eilish - watch (Audio).m4a
2025-10-18T17:56:55 update: removing music/Billie Eilish - party favor (Audio).m4a
2025-10-18T17:56:55 update: removing music/Billie Eilish - my boy (Audio).m4a
2025-10-18T17:56:55 update: removing music/Billie Eilish - hostage (Audio).m4a
2025-10-18T17:56:55 update: removing music/Billie Eilish - COPYCAT (Audio).m4a
2025-10-18T17:56:55 update: removing music/Billie Eilish - Bellyache (Audio).m4a
2025-10-18T17:56:55 update: removing music/Flowklorikos - Donde duele, inspira.m4a
2025-10-18T17:56:55 update: removing music/Jaymes Young - Don't You Know _ Sub Español.m4a
2025-10-18T17:56:55 update: removing music/Maroon 5- Don't wanna know.m4a
2025-10-18T17:56:55 update: removing music/Billie Eilish - idontwannabeyouanymore _ A COLORS SHOW.m4a
2025-10-18T17:56:55 update: removing music/William Bolton - Don't Lose Your Faith.m4a
2025-10-18T17:56:55 update: removing music/Oasis - The Importance Of Being Idle - Official Video.m4a
2025-10-18T17:56:55 update: removing music/Oasis - Lyla.m4a
2025-10-18T17:56:55 update: removing music/Audioslave - Doesn't Remind Me.m4a
2025-10-18T17:56:55 update: removing music/J Balvin, Feid - Doblexxó (Official Video).m4a
2025-10-18T17:56:55 update: removing music/DJ No Pare REMIX Justin Quiles, Natti Natasha, Farruko, Zion, Dalex, Lenny Tavár.m4a
2025-10-18T17:56:55 update: removing music/Helen Corry - Divide.m4a
2025-10-18T17:56:55 update: removing music/The_Matrix.mp3
2025-10-18T17:56:55 update: removing music/Lights_(Bassnectar_Remix).mp3
2025-10-18T17:56:55 update: removing music/3AM - Distancia (Video Oficial) _ Love City.mp3
2025-10-18T17:56:55 update: removing music/Nunatak - Disonancia Perfecta (Audio Oficial).m4a
2025-10-18T17:56:55 update: removing music/Lemon Tree.m4a
2025-10-18T17:56:55 update: removing music/3AM - Disfruto (Challenge).mp3
2025-10-18T17:56:55 update: removing music/Santana - Maria Maria ft. The Product G&B.m4a
2025-10-18T17:56:55 update: removing music/Amy Winehouse - Rehab (Lyric Video).m4a
2025-10-18T17:56:55 update: removing music/Little Jesus - Los Años Maravillosos.m4a
2025-10-18T17:56:55 update: removing music/fue en un cafe - los apson..m4a
2025-10-18T17:56:55 update: removing music/Cazzu, Justin Quiles - Dime Dónde.mp3
2025-10-18T17:56:55 update: removing music/Blackbear -- i miss the old u (ESPAÑOL).m4a
2025-10-18T17:56:55 update: removing music/blackbear - do re mi ft. Gucci Mane.m4a
2025-10-18T17:56:55 update: removing music/MUSE - Dig Down -Official Music Video-.m4a
2025-10-18T17:56:55 update: removing music/Carlos Sadness - Te Quiero un Poco (lyric Video).m4a
2025-10-18T17:56:55 update: removing music/MICHL - Die Trying (Español).m4a
2025-10-18T17:56:55 update: removing music/Die Like This_256k.mp3
2025-10-18T17:56:55 update: removing music/Haddaway - What Is Love -Official-.m4a
2025-10-18T17:56:55 update: removing music/Gangsta's Paradise (feat. L.V.).m4a
2025-10-18T17:56:55 update: removing music/Samantha Barrón - Dibújame Feat. Nanpa Básico (Video Oficial).m4a
2025-10-18T17:56:55 update: removing music/Odisseo Días de Fuego (video con letra).m4a
2025-10-18T17:56:55 update: removing music/Astronaut - Apollo (Barely Alive Remix).m4a
2025-10-18T17:56:55 update: removing music/Luis Fonsi - Despacito ft. Daddy Yankee.m4a
2025-10-18T17:56:55 update: removing music/Kavvo - DESDE QUE TE FUISTE (Lyric Video).m4a
2025-10-18T17:56:55 update: removing music/Calibre 50 - Siempre te voy a querer (Letra) (Lyrics).mp3
2025-10-18T17:56:55 update: removing music/BLESSD ❌ ANUEL AA _ DEPORTIVO  💜 (VIDEO OFICIAL).m4a
2025-10-18T17:56:55 update: removing music/Gorillaz - Feel Good Inc. (Remastered).m4a
2025-10-18T17:56:55 update: removing music/Ellie Goulding - Love Me Like You Do (Official Video).m4a
2025-10-18T17:56:55 update: removing music/Carla Morrison - Tu orgullo (letra)_HD.m4a
2025-10-18T17:56:55 update: removing music/Carla Morrison - Sin Despedir -Letra - Descarga Álbum-.m4a
2025-10-18T17:56:55 update: removing music/Carla Morrison - Falta de respeto (letra).m4a
2025-10-18T17:56:55 update: removing music/Carla Morrison - Disfruto (letra).m4a
2025-10-18T17:56:55 update: removing music/Maria Becerra - Dejemos Que Pase (Video Oficial).m4a
2025-10-18T17:56:55 update: removing music/Piso 21 - Déjala Que Vuelva (feat. Manuel Turizo) -Video Oficial-.m4a
2025-10-18T17:56:55 update: removing music/BAD BUNNY - VOY A LLeVARTE PA PR (Visualizer) _ DeBÍ TiRAR MáS FOToS.m4a
2025-10-18T17:56:55 update: removing music/BAD BUNNY - KETU TeCRÉ (Visualizer) _ DeBÍ TiRAR MáS FOToS.m4a
2025-10-18T17:56:55 update: removing music/BAD BUNNY - DtMF (Visualizer) _ DeBÍ TiRAR MáS FOToS.m4a
2025-10-18T17:56:55 update: removing music/LP - Lost On You [Audio].m4a
2025-10-18T17:56:55 update: removing music/Pixies - Where is my Mind (Fight Club Soundtrack) HQ.m4a
2025-10-18T17:56:55 update: removing music/MISSIO - Sing To Me (Lyric Video).m4a
2025-10-18T17:56:55 update: removing music/Panic! At The Disco- Death Of A Bachelor -OFFICIAL VIDEO-.m4a
2025-10-18T17:56:55 update: removing music/Keaton Henson - Small Hands.m4a
2025-10-18T17:56:55 update: removing music/idfc - blackbear -- español.m4a
2025-10-18T17:56:55 update: removing music/Blackbear - Deadroses (Español).m4a
2025-10-18T17:56:55 update: removing music/Blackbear - 4u (Español).m4a
2025-10-18T17:56:55 update: removing music/Yami Safdie, Micro TDH, Rusherking - De Nada (Remix) - [Video Oficial].mp3
2025-10-18T17:56:55 update: removing music/Moon Taxi - Red Hot Lights [Audio].mp3
2025-10-18T17:56:55 update: removing music/OPUS - Live Is Life - Original Video 1985.m4a
2025-10-18T17:56:55 update: removing music/Imagine Dragons - Darkness (Audio).m4a
2025-10-18T17:56:55 update: removing music/jaymes young - moondust -- Español.m4a
2025-10-18T17:56:55 update: removing music/Jaymes Young - What Is Love _ Sub Español.m4a
2025-10-18T17:56:55 update: removing music/NLE Choppa, Imagine Dragons - Dare U (Official Lyric Video).m4a
2025-10-18T17:56:55 update: removing music/DareU.mp4
2025-10-18T17:56:55 update: removing music/Don Omar - Danza Kuduro (Lyrics) ft. Lucenzo.m4a
2025-10-18T17:56:55 update: removing music/DANI __ BZRP Music Sessions @24.mp3
2025-10-18T17:56:55 update: removing music/Encantadora.m4a
2025-10-18T17:56:55 update: removing music/Dancin (feat. Luvli).mp3
2025-10-18T17:56:55 update: removing music/blackbear (ft. FRND) - anxiety - sub. español.m4a
2025-10-18T17:56:55 update: removing music/blackbear -- santa monica & la brea; español.m4a
2025-10-18T17:56:55 update: removing music/blackbear -- e.z.; español.m4a
2025-10-18T17:56:55 update: removing music/Blackbear -  ​i hope your whole life sux (Sub Español).m4a
2025-10-18T17:56:55 update: removing music/Eminem - The Real Slim Shady (Edited).m4a
2025-10-18T17:56:55 update: removing music/Yes I'm Changing.m4a
2025-10-18T17:56:55 update: removing music/The Less I Know The Better.m4a
2025-10-18T17:56:55 update: removing music/Tame Impala - Let It Happen.m4a
2025-10-18T17:56:55 update: removing music/Alta Consigna - Culpable Tu ( Video Oficial 2016).m4a
2025-10-18T17:56:55 update: removing music/Café Tacvba - Eres.m4a
2025-10-18T17:56:55 update: removing music/Lázaro Cristóbal Comala (con Axel Catalán) - Cuando te hagan mierda.m4a
2025-10-18T17:56:55 update: removing music/Cuando No Estás Conmigo - Camilo Séptimo (video oficial).m4a
2025-10-18T17:56:55 update: removing music/Melanie Martinez - Tag, you're it (Official Music Video).m4a
2025-10-18T17:56:55 update: removing music/Melanie Martinez - Training Wheels (Official Audio).m4a
2025-10-18T17:56:55 update: removing music/Tessa Violet - Crush -- Español.m4a
2025-10-18T17:56:55 update: removing music/La La Land - City of Stars DUET - Lyrics.m4a
2025-10-18T17:56:55 update: removing music/Natti Natasha Ft. Ozuna - Criminal.m4a
2025-10-18T17:56:55 update: removing music/Reik - Creo en Ti.m4a
2025-10-18T17:56:55 update: removing music/Sidecars - Fan de Ti.m4a
2025-10-18T17:56:55 update: removing music/Crecer German Lo Que Te Amo  Video Oficial 2016.m4a
2025-10-18T17:56:55 update: removing music/Gondwana - Mi Princesa (Video Oficial).m4a
2025-10-18T17:56:55 update: removing music/Wind Of Change.m4a
2025-10-18T17:56:55 update: removing music/Crazy in Love (feat. Leah Kelly).m4a
2025-10-18T17:56:55 update: removing music/Sub Urban - Cradles [OFFICIAL MUSIC VIDEO].m4a
2025-10-18T17:56:55 update: removing music/Bazzi - Star (Sub. Español).m4a
2025-10-18T17:56:55 update: removing music/Bazzi - Myself (Sub. Español).m4a
2025-10-18T17:56:55 update: removing music/Bazzi - Fantasy [Official Audio].m4a
2025-10-18T17:56:55 update: removing music/Bazzi - Dreams (Sub. Español).m4a
2025-10-18T17:56:55 update: removing music/Bazzi - Changed [Official Audio].m4a
2025-10-18T17:56:55 update: removing music/Bazzi - BRB [Official Audio].m4a
2025-10-18T17:56:55 update: removing music/3-15.m4a
2025-10-18T17:56:55 update: removing music/Santana - Corazon Espinado (Video) ft. Mana.m4a
2025-10-18T17:56:55 update: removing music/Radioactive.m4a
2025-10-18T17:56:55 update: removing music/On Top Of The World.m4a
2025-10-18T17:56:55 update: removing music/My Fault.m4a
2025-10-18T17:56:55 update: removing music/It's Time.m4a
2025-10-18T17:56:55 update: removing music/Demons.m4a
2025-10-18T17:56:55 update: removing music/OneRepublic – Connection (Audio).m4a
2025-10-18T17:56:55 update: removing music/Russ - Congrats Freestyle (Official Audio)_256k.mp3
2025-10-18T17:56:55 update: removing music/Maria Becerra, RusherKing - Confiésalo (Official Video)_256k.mp3
2025-10-18T17:56:55 update: removing music/Confetti - Dear God (Audio).mp3
2025-10-18T17:56:55 update: removing music/The Smiths - Heaven Knows I'm Miserable Now (Official Music Video).m4a
2025-10-18T17:56:55 update: removing music/Elefant - Please, Please, Please(The Smiths Cover) (Subtitulada en español).m4a
2025-10-18T17:56:55 update: removing music/The Smiths - What Difference Does It Make_ (Official Music Video).m4a
2025-10-18T17:56:55 update: removing music/The Smiths - This Charming Man (Official Music Video).m4a
2025-10-18T17:56:55 update: removing music/The Smiths - Ask (Official Music Video).m4a
2025-10-18T17:56:55 update: removing music/Stop Me If You Think You've Heard This One Before (2011 Remastered Version).m4a
2025-10-18T17:56:55 update: removing music/I Know It's Over (2011 Remastered Version).m4a
2025-10-18T17:56:55 update: removing music/Bigmouth Strikes Again (2011 Remastered Version).m4a
2025-10-18T17:56:55 update: removing music/Asleep.m4a
2025-10-18T17:56:55 update: removing music/Gold_Dust_(Flux_Pavilion_Remix).mp3
2025-10-18T17:56:55 update: removing music/Liricistas - Estilo Libre.mp3
2025-10-18T17:56:55 update: removing music/Prototipo - Nanpa Básico.m4a
2025-10-18T17:56:55 update: removing music/Akapellah - Sin Miedo Feat Norick, Gona & Yoky Barrios (Video Oficial).m4a
2025-10-18T17:56:55 update: removing music/KODALINE - MOVING ON (TRADUCIDA AL ESPAÑOL) Love Rosie.m4a
2025-10-18T17:56:55 update: removing music/come out and play.m4a
2025-10-18T17:56:55 update: removing music/Jaymes Young - Come Back For Me (Español).m4a
2025-10-18T17:56:55 update: removing music/John Newman - Come And Get It.m4a
2025-10-18T17:56:55 update: removing music/Come A Little Closer.m4a
2025-10-18T17:56:55 update: removing music/Lennis Rodríguez & Rvfv - Te Sale Remix (Audio).mp3
2025-10-18T17:56:55 update: removing music/NICKI NICOLE - Colocao (letra- lyrics).m4a
2025-10-18T17:56:55 update: removing music/Halsey_Closer.m4a
2025-10-18T17:56:55 update: removing music/Lamento Boliviano.m4a
2025-10-18T17:56:55 update: removing music/ColBreakz - Gameboy.m4a
2025-10-18T17:56:55 update: removing music/Beabadoobee - Coffee.m4a
2025-10-18T17:56:55 update: removing music/The Black Eyed Peas - Let's Get It Started.m4a
2025-10-18T17:56:55 update: removing music/Kygo - Stay (Lyric Video) ft. Maty Noyes.m4a
2025-10-18T17:56:55 update: removing music/AUD-20150904-WA0122.mp3
2025-10-18T17:56:55 update: removing music/The Lumineers - Sleep On The Floor _ Sub Español.m4a
2025-10-18T17:56:55 update: removing music/Clean Bandit - Symphony feat. Zara Larsson -Lyrics-.m4a
2025-10-18T17:56:55 update: removing music/Feid, Young Miko - Classy 101 (Official Video).mp3
2025-10-18T17:56:55 update: removing music/Val_rate_Prod._Magnoscrito.mp3
2025-10-18T17:56:55 update: removing music/Mista_Uanteik_Prod._Afromak_Switch_.mp3
2025-10-18T17:56:55 update: removing music/City Wolf - Dead Man Walking_256k.mp3
2025-10-18T17:56:55 update: removing music/BabyJake - Cigarettes On Patios (Official Lyric Video).mp3
2025-10-18T17:56:55 update: removing music/K. - Cigarettes After Sex.m4a
2025-10-18T17:56:55 update: removing music/Apocalypse - Cigarettes After Sex.m4a
2025-10-18T17:56:55 update: removing music/Gepe - Hablar de ti (audio oficial).mp3
2025-10-18T17:56:55 update: removing music/TELEBIT - Ciegos Corazones (Video Oficial).m4a
2025-10-18T17:56:55 update: removing music/Weirdo.m4a
2025-10-18T17:56:55 update: removing music/I DONT KNOW HOW BUT THEY FOUND ME -Choke.m4a
2025-10-18T17:56:55 update: removing music/Plan B - Chica Ven Pa' Aca _ Los Matadores del Genero.m4a
2025-10-18T17:56:55 update: removing music/Two Door Cinema Club - Changing of the Seasons (LYRIC VIDEO).m4a
2025-10-18T17:56:55 update: removing music/Sia - Chandelier (Official Video).m4a
2025-10-18T17:56:55 update: removing music/Paulo Londra - Chance (Official Video).mp3
2025-10-18T17:56:55 update: removing music/The Score & AWOLNATION - Carry On (Official Video)_256k.mp3
2025-10-18T17:56:55 update: removing music/The Score - The Champion (Audio)_256k.mp3
2025-10-18T17:56:55 update: removing music/The Score - Running All Night (Official Audio)_256k.mp3
2025-10-18T17:56:55 update: removing music/The Score - Human (Audio)_256k.mp3
2025-10-18T17:56:55 update: removing music/The Score - Golden (Audio)_256k.mp3
2025-10-18T17:56:55 update: removing music/The Score - Glory (Official Audio)_256k.mp3
2025-10-18T17:56:55 update: removing music/The Score - Gallows (Audio) ft. Jamie N Commons_256k.mp3
2025-10-18T17:56:55 update: removing music/The Score - Fire (Audio)_256k.mp3
2025-10-18T17:56:55 update: removing music/The Score - Comeback (Audio)_256k.mp3
2025-10-18T17:56:55 update: removing music/The Score - Can You Hear Me Now (Audio)_256k(1).mp3
2025-10-18T17:56:55 update: removing music/The Score - Breakout (Audio)_256k.mp3
2025-10-18T17:56:55 update: removing music/The Score - Born For This (Official Audio)_256k.mp3
2025-10-18T17:56:55 update: removing music/The Score - Best Part_256k.mp3
2025-10-18T17:56:55 update: removing music/The Score - All of Me feat. Travis Barker (Official Lyric Video)_256k.mp3
2025-10-18T17:56:55 update: removing music/Born for this • The Score _ Letra en español - inglés_256k.mp3
2025-10-18T17:56:55 update: removing music/WOS - PANTANO.m4a
2025-10-18T17:56:55 update: removing music/WOS - OKUPA.mp3
2025-10-18T17:56:55 update: removing music/WOS - OKUPA.m4a
2025-10-18T17:56:55 update: removing music/WOS - NO VA A BAJAR.m4a
2025-10-18T17:56:55 update: removing music/WOS - NO VA A BAJAR_256k.mp3
2025-10-18T17:56:55 update: removing music/WOS - LUZ DELITO.m4a
2025-10-18T17:56:55 update: removing music/WOS - LUZ DELITO_256k.mp3
2025-10-18T17:56:55 update: removing music/WOS - FRESCO.mp3
2025-10-18T17:56:55 update: removing music/WOS - FRESCO.m4a
2025-10-18T17:56:55 update: removing music/Caravan Palace - Plume (Official audio).m4a
2025-10-18T17:56:55 update: removing music/Cara de Diabla.mp3
2025-10-18T17:56:55 update: removing music/Cantándote al Oído.mp3
2025-10-18T17:56:55 update: removing music/Canserbero...mp3
2025-10-18T17:56:55 update: removing music/WOS - CANGURO.m4a
2025-10-18T17:56:55 update: removing music/Canela.m4a
2025-10-18T17:56:55 update: removing music/BØRNS - Electric Love.m4a
2025-10-18T17:56:55 update: removing music/Twenty One Pilots- Cancer.m4a
2025-10-18T17:56:55 update: removing music/The Weeknd - Can't Feel My Face.m4a
2025-10-18T17:56:55 update: removing music/Ellise - 911 (Lyrics)_256k.mp3
2025-10-18T17:56:55 update: removing music/Mañana Será Otro Día.m4a
2025-10-18T17:56:55 update: removing music/De la Vida Como Película y Su Tragedia, Comedia y Ficción_HD.m4a
2025-10-18T17:56:55 update: removing music/Canserbero - Tripolar.m4a
2025-10-18T17:56:55 update: removing music/Tipling Rock - Campus Fashion [Official Audio].m4a
2025-10-18T17:56:55 update: removing music/Kar Accidents - El sol y la luna.m4a
2025-10-18T17:56:55 update: removing music/Taylor Swift - Call It What You Want (Lyric Video).m4a
2025-10-18T17:56:55 update: removing music/Red Hot Chili Peppers - Scar Tissue -Official Music Video-.m4a
2025-10-18T17:56:55 update: removing music/Red Hot Chili Peppers - Otherside -Official Music Video-.m4a
2025-10-18T17:56:55 update: removing music/Red Hot Chili Peppers - Californication -Official Music Video-.m4a
2025-10-18T17:56:55 update: removing music/NoMBe - California Girls.m4a
2025-10-18T17:56:55 update: removing music/Avionica - Desde Cero -Official Video-.m4a
2025-10-18T17:56:55 update: removing music/DNCE - Cake By The Ocean.mp3
2025-10-18T17:56:55 update: removing music/John C X Neo pistea X Bhavi X Trueno - C90 Remix (Video Oficial)_256k.mp3
2025-10-18T17:56:55 update: removing music/Red Hot Chili Peppers - Can't Stop -Official Music Video-.m4a
2025-10-18T17:56:55 update: removing music/Red Hot Chili Peppers - By The Way -Official Music Video-.m4a
2025-10-18T17:56:55 update: removing music/Butterflies and Hurricanes.m4a
2025-10-18T17:56:55 update: removing music/AJR - Burn The House Down (Official Video).mp3
2025-10-18T17:56:55 update: removing music/Burn It Down (Official Video) - Linkin Park.m4a
2025-10-18T17:56:55 update: removing music/The Score - Bulletproof (Audio) ft. XYLØ_256k.mp3
2025-10-18T17:56:55 update: removing music/Surf Curse - Freaks (Sub. Español).m4a
2025-10-18T17:56:55 update: removing music/Siddhartha - Brújula (Cover Audio)_256k.mp3
2025-10-18T17:56:55 update: removing music/The Black Keys-Howlin' For You[Brothers].m4a
2025-10-18T17:56:55 update: removing music/Soda.m4a
2025-10-18T17:56:55 update: removing music/Supermassive Black Hole.m4a
2025-10-18T17:56:55 update: removing music/Calvin Harris & Disciples - How Deep Is Your Love (Audio).m4a
2025-10-18T17:56:55 update: removing music/Logic & Rag'n'Bone Man - Broken People (from Bright- The Album) [Official Lyric .mp3
2025-10-18T17:56:55 update: removing music/Feid, Yandel - Brickell (Lyric Video).m4a
2025-10-18T17:56:55 update: removing music/BRATTY - Tu Canción (Lyric Video).m4a
2025-10-18T17:56:55 update: removing music/Paramore - Misguided Ghosts (Official Audio).m4a
2025-10-18T17:56:55 update: removing music/The National - Gospel.m4a
2025-10-18T17:56:55 update: removing music/Borralo - Lil Supa (Buena Calidad).m4a
2025-10-18T17:56:55 update: removing music/Lana Del Rey - Summertime Sadness.m4a
2025-10-18T17:56:55 update: removing music/Kygo, Imagine Dragons - Born To Be Yours.m4a
2025-10-18T17:56:55 update: removing music/Born To Be Yours.m4a
2025-10-18T17:56:55 update: removing music/SOJA - Here I Am.m4a
2025-10-18T17:56:55 update: removing music/Billie Eilish - Bored.m4a
2025-10-18T17:56:55 update: removing music/Imagine Dragons - Bones (Official Lyric Video).mp3
2025-10-18T17:56:55 update: removing music/3AM - Bombón (Video Oficial) _ Love City.mp3
2025-10-18T17:56:55 update: removing music/twenty one pilots- Stressed Out -OFFICIAL VIDEO-.m4a
2025-10-18T17:56:55 update: removing music/twenty one pilots- Goner (Audio).m4a
2025-10-18T17:56:55 update: removing music/Don Omar - Blue Zone (Lyric Video).m4a
2025-10-18T17:56:55 update: removing music/BØRNS - We Don't Care.m4a
2025-10-18T17:56:55 update: removing music/Starlight.mp3
2025-10-18T17:56:55 update: removing music/AaRON - Blouson Noir.m4a
2025-10-18T17:56:55 update: removing music/AaRON - We Cut the Night.m4a
2025-10-18T17:56:55 update: removing music/Ride On.m4a
2025-10-18T17:56:55 update: removing music/Milky Chance - Blossom (Official Audio).m4a
2025-10-18T17:56:55 update: removing music/Blossom.m4a
2025-10-18T17:56:55 update: removing music/Bloodstream (Quartet Session).m4a
2025-10-18T17:56:55 update: removing music/BLESSD ❌ OVY ON THE DRUMS - MÍRAME 💜👀 (VIDEO OFICIAL).m4a
2025-10-18T17:56:55 update: removing music/Bob Marley - A lalala long.m4a
2025-10-18T17:56:55 update: removing music/Zuli - blaze.m4a
2025-10-18T17:56:55 update: removing music/Calvin Harris - Blame (Audio) ft. John Newman.m4a
2025-10-18T17:56:55 update: removing music/princess complex - blackbear; español..m4a
2025-10-18T17:56:55 update: removing music/Black Honey - Teenager.m4a
2025-10-18T17:56:55 update: removing music/Black Honey - Sleep Forever.m4a
2025-10-18T17:56:55 update: removing music/Black Honey - Mothership.m4a
2025-10-18T17:56:55 update: removing music/Muse - Starlight -Official Music Video-.m4a
2025-10-18T17:56:55 update: removing music/Knights Of Cydonia.m4a
2025-10-18T17:56:55 update: removing music/Chris Cornell - Black Hole Sun.m4a
2025-10-18T17:56:55 update: removing music/Aaron - Embers.m4a
2025-10-18T17:56:55 update: removing music/AaRON - Arm your eyes.m4a
2025-10-18T17:56:55 update: removing music/EDEN - Drowning ☼Español☼.m4a
2025-10-18T17:56:55 update: removing music/Aerosmith - Crazy.m4a
2025-10-18T17:56:55 update: removing music/The Score - Big Dreams ft. FITZ (Official Lyric Video).mp3
2025-10-18T17:56:55 update: removing music/Trueno, Nathy Peluso - ARGENTINA (Video Oficial).mp3
2025-10-18T17:56:55 update: removing music/Trueno, J Balvin - UN PASO (Video Oficial).mp3
2025-10-18T17:56:55 update: removing music/Trueno - FUCK EL POLICE.mp3
2025-10-18T17:56:55 update: removing music/Trueno - BIEN O MAL.mp3
2025-10-18T17:56:55 update: removing music/Daddy Yankee - Lo Que Pasó, Pasó (Audio).m4a
2025-10-18T17:56:55 update: removing music/Russ - BEST ON EARTH (feat. BIA) (Official Audio).m4a
2025-10-18T17:56:55 update: removing music/Kavvo - BESOS Y TE AMOS.m4a
2025-10-18T17:56:55 update: removing music/Residente & Bad Bunny - Bellacoso (Official Video).mp3
2025-10-18T17:56:55 update: removing music/Torreblanca - Roma.m4a
2025-10-18T17:56:55 update: removing music/Torreblanca - Si.m4a
2025-10-18T17:56:55 update: removing music/Bella, Wolfine - Vídeo Oficial.m4a
2025-10-18T17:56:55 update: removing music/Believer.m4a
2025-10-18T17:56:55 update: removing music/Belanova - Rosa Pastel (Lyric Video).m4a
2025-10-18T17:56:55 update: removing music/Frankie Valli - Can't Take My Eyes Off You (Official Audio).m4a
2025-10-18T17:56:55 update: removing music/Bazzi - Beautiful (Sub. Español).m4a
2025-10-18T17:56:55 update: removing music/James Arthur - Beat The Bullies (Live).m4a
2025-10-18T17:56:55 update: removing music/TWO DOOR CINEMA CLUB _ SUN.m4a
2025-10-18T17:56:55 update: removing music/Someday.m4a
2025-10-18T17:56:55 update: removing music/Pyramid.m4a
2025-10-18T17:56:55 update: removing music/Handshake.m4a
2025-10-18T17:56:55 update: removing music/Changing Of The Seasons.m4a
2025-10-18T17:56:55 update: removing music/Marshmello, Halsey - Be Kind (Halsey Lyric Video).m4a
2025-10-18T17:56:55 update: removing music/Oasis - Don't Go Away.m4a
2025-10-18T17:56:55 update: removing music/Bazzi feat. Camila Cabello - Beautiful (Official Video).m4a
2025-10-18T17:56:55 update: removing music/Battle Cry.m4a
2025-10-18T17:56:55 update: removing music/The Killers - Here With Me.m4a
2025-10-18T17:56:55 update: removing music/The Killers - Be Still.m4a
2025-10-18T17:56:55 update: removing music/Bastille – Hangin’.m4a
2025-10-18T17:56:55 update: removing music/Bastille - Send Them Off!.m4a
2025-10-18T17:56:55 update: removing music/Bastille - Fake It.m4a
2025-10-18T17:56:55 update: removing music/Eruca Sativa - Justo al Partir.m4a
2025-10-18T17:56:55 update: removing music/Barro tal vez (Luis Alberto Spinetta)- Cande Buasso-Paulo Carrizo.m4a
2025-10-18T17:56:55 update: removing music/AJR - BANG! (Official Video).mp3
2025-10-18T17:56:55 update: removing music/Banda La Trakalosa - Borracho de amor (Video Oficial).m4a
2025-10-18T17:56:55 update: removing music/Los Caligaris - Razon (AUDIO).m4a
2025-10-18T17:56:55 update: removing music/Selena Gomez - Bad Liar.m4a
2025-10-18T17:56:55 update: removing music/The Kooks - Bad Habit.m4a
2025-10-18T17:56:55 update: removing music/No One Like You.m4a
2025-10-18T17:56:55 update: removing music/Bastille - Pompeii.m4a
2025-10-18T17:56:55 update: removing music/Alone Again (Naturally) — Gilbert O'Sullivan __ Sub. Español _ Lyrics.m4a
2025-10-18T17:56:55 update: removing music/You Know I'm No Good.m4a
2025-10-18T17:56:55 update: removing music/Wake Up Alone.m4a
2025-10-18T17:56:55 update: removing music/Me & Mr Jones.m4a
2025-10-18T17:56:55 update: removing music/He Can Only Hold Her.m4a
2025-10-18T17:56:55 update: removing music/AC-DC - Back In Black.m4a
2025-10-18T17:56:55 update: removing music/Remember Who I Was.m4a
2025-10-18T17:56:55 update: removing music/Let Me Love the Lonely.m4a
2025-10-18T17:56:55 update: removing music/James Arthur - Can I Be Him.m4a
2025-10-18T17:56:55 update: removing music/flora cash - I Wasted You (Slowed + Reverb) Lofi.mp3
2025-10-18T17:56:55 update: removing music/flora cash - I Wasted You (Audio).mp3
2025-10-18T17:56:55 update: removing music/Baby I'm Yours.m4a
2025-10-18T17:56:55 update: removing music/Azul.m4a
2025-10-18T17:56:55 update: removing music/Zoé - Hielo (Audio).m4a
2025-10-18T17:56:55 update: removing music/Ayy Macarena - Tyga.mp3
2025-10-18T17:56:55 update: removing music/Aventura - Obsesion.m4a
2025-10-18T17:56:55 update: removing music/Avenged Sevenfold - Dear God -Official Music Video-.m4a
2025-10-18T17:56:55 update: removing music/Maria Becerra - AUTOMÁTICO (Official Video).mp3
2025-10-18T17:56:55 update: removing music/Everybody Hurts.m4a
2025-10-18T17:56:55 update: removing music/10. Ka-b - Aunque me duela (Official Music Video) _ THE NEW TSUNAMI.m4a
2025-10-18T17:56:55 update: removing music/Audioslave-Getaway Car (Lyrics).m4a
2025-10-18T17:56:55 update: removing music/Audioslave-Gasoline (Lyrics).m4a
2025-10-18T17:56:55 update: removing music/Audioslave Set It Off.m4a
2025-10-18T17:56:55 update: removing music/Audioslave Light My Way.m4a
2025-10-18T17:56:55 update: removing music/AudioSlave - What You Are.m4a
2025-10-18T17:56:55 update: removing music/Audioslave - Show Me How to Live.m4a
2025-10-18T17:56:55 update: removing music/Audioslave - Be Yourself.m4a
2025-10-18T17:56:55 update: removing music/Charlie Puth - Attention -Official Video-.m4a
2025-10-18T17:56:55 update: removing music/Young Miko - curita (Official).m4a
2025-10-18T17:56:55 update: removing music/Trueno, Nicki Nicole, Bizarrap - MAMICHULA.m4a
2025-10-18T17:56:55 update: removing music/Trueno - RAIN II (Video Oficial).mp3
2025-10-18T17:56:55 update: removing music/Trueno - ÑERI (Video Oficial).mp3
2025-10-18T17:56:55 update: removing music/Trueno - ATREVIDO (Shot by Ballve).m4a
2025-10-18T17:56:55 update: removing music/The Score - Unstoppable (Lyric Video)_256k.mp3
2025-10-18T17:56:55 update: removing music/The Score - Tightrope (Official Audio)_256k.mp3
2025-10-18T17:56:55 update: removing music/The Score - Strange (Official Audio)_256k.mp3
2025-10-18T17:56:55 update: removing music/The Score - Shakedown (Audio)_256k.mp3
2025-10-18T17:56:55 update: removing music/The Score - Revolution (Official Audio)_256k.mp3
2025-10-18T17:56:55 update: removing music/The Score - Only One (Official Audio)_256k.mp3
2025-10-18T17:56:55 update: removing music/The Score - Miracle (Official Video)_256k.mp3
2025-10-18T17:56:55 update: removing music/The Score - Higher (Official Audio)_256k.mp3
2025-10-18T17:56:55 update: removing music/The Score - Believe (Official Audio)_256k.mp3
2025-10-18T17:56:55 update: removing music/As It Is - ILY, HOW ARE YOU_ (Official Music Video).mp3
2025-10-18T17:56:55 update: removing music/Queen - Don't Stop Me Now (Official Video).m4a
2025-10-18T17:56:55 update: removing music/War Flag.m4a
2025-10-18T17:56:55 update: removing music/beautiful scar ; AaRON -- lyrics.m4a
2025-10-18T17:56:55 update: removing music/Aaron O Song.m4a
2025-10-18T17:56:55 update: removing music/Aaron le tunnel d'or.m4a
2025-10-18T17:56:55 update: removing music/AaRON - U Turn (Lili) -CLIP OFFICIEL-.m4a
2025-10-18T17:56:55 update: removing music/Aaron - Strange Fruit..m4a
2025-10-18T17:56:55 update: removing music/Aaron - Mister K..m4a
2025-10-18T17:56:55 update: removing music/Aaron - Lost Highway.m4a
2025-10-18T17:56:55 update: removing music/AARON - Little Love LYRICS.m4a
2025-10-18T17:56:55 update: removing music/AaRON - Last night thoughts.m4a
2025-10-18T17:56:55 update: removing music/Aaron - Endless Song.m4a
2025-10-18T17:56:55 update: removing music/AaRON - BLOW.m4a
2025-10-18T17:56:55 update: removing music/Aaron - Angel Dust.m4a
2025-10-18T17:56:55 update: removing music/Arroba Nat - ¿Quién Se Va_ [feat. Bruses] (Audio Oficial).m4a
2025-10-18T17:56:55 update: removing music/Arreglándome y Dañándome - Nanpa Básico & Samantha Barrón (Video Oficial)_256k.mp3
2025-10-18T17:56:55 update: removing music/WOS - ARRANCARMELO (Video Oficial).mp3
2025-10-18T17:56:55 update: removing music/Beware of Darkness - Dope (Official Video)_256k.mp3
2025-10-18T17:56:55 update: removing music/LETTER - ARDE (Video Lyrics).m4a
2025-10-18T17:56:55 update: removing music/ARDE.mp4
2025-10-18T17:56:55 update: removing music/Arcangel, Duki, Bizarrap - Bottas (Visualizer) _ SR. SANTOS.m4a
2025-10-18T17:56:55 update: removing music/3AM - Aquí Sigo (Video Oficial).mp3
2025-10-18T17:56:55 update: removing music/Guns N' Roses - Welcome To The Jungle.m4a
2025-10-18T17:56:55 update: removing music/Guns N' Roses - Paradise City.m4a
2025-10-18T17:56:55 update: removing music/El Cuarteto de Nos - Invisible.m4a
2025-10-18T17:56:55 update: removing music/Apágala - Nanpa Básico (Video Oficial).m4a
2025-10-18T17:56:55 update: removing music/APA Y CAN.mp3
2025-10-18T17:56:55 update: removing music/13 - LA DEL ESTRIBO - APA Y CAN.m4a
2025-10-18T17:56:55 update: removing music/10 - INTERLUDIO - APA Y CAN.m4a
2025-10-18T17:56:55 update: removing music/08 - OUROBOROS - APA Y CAN.m4a
2025-10-18T17:56:55 update: removing music/06 - UNO POR ELLAS - APA Y CAN.m4a
2025-10-18T17:56:55 update: removing music/02 - READY - APA Y CAN.m4a
2025-10-18T17:56:55 update: removing music/Interpol - Evil (HD).m4a
2025-10-18T17:56:55 update: removing music/Rusherking, Maria Becerra - ANTES DE TI (Official Video).mp3
2025-10-18T17:56:55 update: removing music/Another One.m4a
2025-10-18T17:56:55 update: removing music/Maria Becerra, Cazzu - ANIMAL (Official Video)_256k.mp3
2025-10-18T17:56:55 update: removing music/Maria Becerra - ACARAMELAO (Official Video)_256k.mp3
2025-10-18T17:56:55 update: removing music/Maria Becerra, Becky G - WOW WOW (Official Video).mp3
2025-10-18T17:56:55 update: removing music/Maria Becerra - MI DEBILIDAD (Official Video).mp3
2025-10-18T17:56:55 update: removing music/The Strokes - Under Cover of Darkness (subtitulado).m4a
2025-10-18T17:56:55 update: removing music/The Strokes - Call Me Back.m4a
2025-10-18T17:56:55 update: removing music/WOS - ANDROMEDA (Video Oficial).mp3
2025-10-18T17:56:55 update: removing music/And That - Somewhere (Official Music Video).m4a
2025-10-18T17:56:55 update: removing music/Carla Morrison - Me encanta (letra).m4a
2025-10-18T17:56:55 update: removing music/alt-J (∆) Breezeblocks.m4a
2025-10-18T17:56:55 update: removing music/Alt-J (∆) - Matilda.m4a
2025-10-18T17:56:55 update: removing music/Amy Winehouse - Back To Black (Lyric Video).m4a
2025-10-18T17:56:55 update: removing music/Amorfoda - Bad Bunny _ Laura Naranjo cover.m4a
2025-10-18T17:56:55 update: removing music/Carla Morrison - Vez primera (letra).m4a
2025-10-18T17:56:55 update: removing music/Carla Morrison - Un beso (letra).m4a
2025-10-18T17:56:55 update: removing music/Carla Morrison - Dime mentiras (letra).m4a
2025-10-18T17:56:55 update: removing music/Carla Morrison 'No Vuelvo Jamás' (official video).m4a
2025-10-18T17:56:55 update: removing music/Carla Morrison - Todo pasa (letra).m4a
2025-10-18T17:56:55 update: removing music/Radiohead - Like Spinning Plates (Normal-Forwards).m4a
2025-10-18T17:56:55 update: removing music/Johnny Cash - Hurt HD 720p.m4a
2025-10-18T17:56:55 update: removing music/Novocaine - Fall Out Boy (Lyrics).m4a
2025-10-18T17:56:55 update: removing music/Dispute.m4a
2025-10-18T17:56:55 update: removing music/Mon Laferte - Amárrame ft. Juanes.m4a
2025-10-18T17:56:55 update: removing music/Doja Cat, Tyga - Juicy (Official Video).m4a
2025-10-18T17:56:55 update: removing music/R U Mine_.m4a
2025-10-18T17:56:55 update: removing music/Knee Socks.m4a
2025-10-18T17:56:55 update: removing music/I Wanna Be Yours.m4a
2025-10-18T17:56:55 update: removing music/Fireside.m4a
2025-10-18T17:56:55 update: removing music/Arctic Monkeys - Snap Out Of It (Official Video).m4a
2025-10-18T17:56:55 update: removing music/Arctic Monkeys - Do I Wanna Know_ (Official Video).m4a
2025-10-18T17:56:55 update: removing music/Alone - Bazzi (Español) - James.m4a
2025-10-18T17:56:55 update: removing music/Alan Walker - Alone.m4a
2025-10-18T17:56:55 update: removing music/Amargo Adiós.m4a
2025-10-18T17:56:55 update: removing music/Jeremy Zucker - all the kids are depressed (Audio).m4a
2025-10-18T17:56:55 update: removing music/Smash Mouth - All Star.m4a
2025-10-18T17:56:55 update: removing music/John Legend - All of Me.m4a
2025-10-18T17:56:55 update: removing music/Black Honey - All My Pride.m4a
2025-10-18T17:56:55 update: removing music/Ambitionz Az A Ridah.mp3
2025-10-18T17:56:55 update: removing music/Meghan Trainor - All About That Bass.m4a
2025-10-18T17:56:55 update: removing music/Alex Turner - Hiding Tonight (Submarine OST) (Sub. Español).m4a
2025-10-18T17:56:55 update: removing music/Deyco - Alas rotas (prod.bronze).mp3
2025-10-18T17:56:55 update: removing music/Feid - Alakran (Official Video).m4a
2025-10-18T17:56:55 update: removing music/Alacranes Musical - Por Tu Amor (Video Oficial).m4a
2025-10-18T17:56:55 update: removing music/Take Me Out.m4a
2025-10-18T17:56:55 update: removing music/Russ - AINT GOIN BACK (Official Audio).m4a
2025-10-18T17:56:55 update: removing music/Gera MX, Blessd - One Love.mp3
2025-10-18T17:56:55 update: removing music/Gustavo Cerati - Crimen  (Lyric Video).m4a
2025-10-18T17:56:55 update: removing music/JJD - Adventure -NCS Release-.m4a
2025-10-18T17:56:55 update: removing music/Christian Nodal - Adios Amor (Video Oficial) (2016) - 'EXCLUSIVO'.m4a
2025-10-18T17:56:55 update: removing music/Paulo Londra - Adan y Eva (Official Video).m4a
2025-10-18T17:56:55 update: removing music/Kaleo - No Good (Vinyl).m4a
2025-10-18T17:56:55 update: removing music/WC - The Streets ft. Snoop Dogg, Nate Dogg.mp3
2025-10-18T17:56:55 update: removing music/Christina Perri - A Thousand Years -Official Music Video-.m4a
2025-10-18T17:56:55 update: removing music/Tipling Rock - A Side - B Side [Visualizer].m4a
2025-10-18T17:56:55 update: removing music/Coldplay - The Scientist.m4a
2025-10-18T17:56:55 update: removing music/Coldplay - Clocks.m4a
2025-10-18T17:56:55 update: removing music/Green Eyes.m4a
2025-10-18T17:56:55 update: removing music/Queen - Bohemian Rhapsody (Official Video).m4a
2025-10-18T17:56:55 update: removing music/Radiohead - True Love Waits -Sub Español- HD.m4a
2025-10-18T17:56:55 update: removing music/Duck Fizz - Blackout Disco (Lyrics).m4a
2025-10-18T17:56:55 update: removing music/Jueves _ La Oreja de Van Gogh.m4a
2025-10-18T17:56:55 update: removing music/The Driver Era - A Kiss (Audio) _ The Driver Era_256k.mp3
2025-10-18T17:56:55 update: removing music/Coldplay - Hymn For The Weekend (Official Video).m4a
2025-10-18T17:56:55 update: removing music/Coldplay - Adventure Of A Lifetime (Official video).m4a
2025-10-18T17:56:55 update: removing music/Zafar - La Vela Puerca.m4a
2025-10-18T17:56:55 update: removing music/Quisiera Saber.m4a
2025-10-18T17:56:55 update: removing music/Keane - A Bad Dream.m4a
2025-10-18T17:56:55 update: removing music/Two Feet - You Say (Audio).m4a
2025-10-18T17:56:55 update: removing music/Two Feet - I Feel Like I'm Drowning (Official Lyric Video).m4a
2025-10-18T17:56:55 update: removing music/Kaleo - Way Down We Go (Official Video).m4a
2025-10-18T17:56:55 update: removing music/EDEN - gold (Español).m4a
2025-10-18T17:56:55 update: removing music/Lose Yourself by Eminem _ Eminem.m4a
2025-10-18T17:56:55 update: removing music/Ariana Grande - 7 rings (Official Video).mp3
2025-10-18T17:56:55 update: removing music/3AM, Babi - Tarde (Videoletra).m4a
2025-10-18T17:56:55 update: removing music/3AM - Fría (Video Oficial) .m4a
2025-10-18T17:56:55 update: removing music/half•alive - tip toes [AUDIO].m4a
2025-10-18T17:56:55 update: removing music/2Pac, Pop Smoke - Write This Down ft. Biggie, DMX, Eazy E, Ice Cube, Dr Dre,.m4a
2025-10-18T17:56:55 update: removing music/2Pac - Enemies Bleed (ft. 50 Cent & The Notorious BIG) 2019.m4a
2025-10-18T17:56:55 update: removing music/Ciro y los Persas _ ME GUSTA (Video Oficial).mp3
2025-10-18T17:56:55 update: removing music/Bruno Mars - That’s What I Like -Official Video-.m4a
2025-10-18T17:56:55 update: removing music/Maria Becerra - Dime Como Hago (Official Audio).m4a
2025-10-18T17:56:55 update: removing music/YUNGBLUD - Die For The Hype [Audio]_256k.mp3
2025-10-18T17:56:55 update: removing music/05. Elvin Bishop - Fooled Around and Fell In Love (Guardianes de la Galaxia) (Su.m4a
2025-10-18T17:56:55 update: removing music/Just The Way You Are.m4a
2025-10-18T17:56:55 update: removing music/Dr. Dre - Forgot About Dre (feat. Eminem).mp3
2025-10-18T17:56:55 update: removing music/2 - 2 = 5.m4a
2025-10-18T17:56:55 update: removing music/Mac DeMarco -- 'My Kind of Woman' (OFFICIAL VIDEO).m4a
2025-10-18T17:56:55 update: removing music/Taylor Swift - Wildest Dreams.m4a
2025-10-18T17:56:55 update: removing music/Taylor Swift- Style.m4a
2025-10-18T17:56:55 update: removing music/Taylor Swift - Shake It Off.m4a
2025-10-18T17:56:55 update: removing music/AUD-20150903-WA0022.mp3
2025-10-18T17:56:55 update: removing music/I DONT KNOW HOW BUT THEY FOUND ME - Do It All The Time (Lyric Video).m4a
2025-10-18T17:56:55 update: removing music/Every Morning - Sugar Ray.m4a
2025-10-18T17:56:55 update: removing music/Train - Hey, Soul Sister.m4a
2025-10-18T17:56:55 update: removing music/Somebody That I Used To Know_HD.m4a
2025-10-18T17:56:55 update: removing music/Russ - 10 Year Freestyle.m4a
2025-10-18T17:56:55 update: removing music/Sofia Reyes - 1, 2, 3 (feat. Jason Derulo & De La Ghetto) [Official Video].m4a
2025-10-18T17:56:55 update: removing music/Bon Jovi - It's My Life.m4a
2025-10-18T17:56:55 update: removing music/Siddhartha - 00-00 (Video Oficial).mp3
2025-10-18T17:56:55 update: removing music/Ed Sheeran - Happier -Official Audio-.m4a
2025-10-18T17:56:55 update: removing music/Ed Sheeran - Perfect [Official Lyric Video].m4a
2025-10-18T17:56:55 update: removing music/Billie Eilish, Vince Staples - &burn (Audio).m4a
2025-10-18T17:56:55 update: removing music/Louder_(Flux_Pavilion____Doctor_P_remix).mp3
2025-10-18T17:56:55 update: removing music/The Temper Traps Sweet Disposition (Dulce Disposicion) Subtitulado Español 500 D.m4a
2025-10-18T17:56:55 update: removing music/Oasis - She's Electric (Lyric Video).m4a
2025-10-18T17:56:55 update: removing music/Escape (The Pina Colada Song).m4a
2025-10-18T17:56:55 update: removing music/Emilia - Exclusive.mp3 (Visualizer).m4a
2025-10-18T17:56:55 update: removing music/Queens of the Stone Age - I Appear Missing.m4a
2025-10-18T17:56:55 update: removing music/Jesse & Joy - Corre  (Lyric Video).m4a
2025-10-18T17:56:55 update: removing music/Bee Gees - Stayin' Alive (1977).m4a
2025-10-18T17:56:55 update: removing music/SNOW PATROL-CHASING CARS SUBTITULADA EN ESPAÑOL.m4a
2025-10-18T17:56:55 update: removing music/Abstract - Neverland (ft. Ruth B) (Prod. Blulake).m4a
2025-10-18T17:56:55 update: removing music/What I've Done (Official Video) - Linkin Park.m4a
2025-10-18T17:56:55 update: removing music/-Electro House- Panda Eyes - Antipixel.m4a
2025-10-18T17:56:55 update: removing music/Russ - Our Time (Official Audio).m4a
2025-10-18T17:56:55 update: removing music/Russ - Begging You (Official Audio).m4a
2025-10-18T17:56:55 update: removing music/Imagine Dragons - Zero (Lyrics).m4a
2025-10-18T17:56:55 update: removing music/Yuna - Deeper conversation (Español).m4a
2025-10-18T17:56:55 update: removing music/Selena Gomez - Kill Em With Kindness.m4a
2025-10-18T17:56:55 update: removing music/Carly Rae Jepsen - Your Type (Audio).m4a
2025-10-18T17:56:55 update: removing music/Young Rising Sons - SAD (Clap Your Hands).mp3
2025-10-18T17:56:55 update: removing music/Young Folks.m4a
2025-10-18T17:56:55 update: removing music/Passenger- Beatiful birds.mp3
2025-10-18T17:56:55 update: removing music/The Struts - Body Talks ft. Kesha.m4a
2025-10-18T17:56:55 update: removing music/Two Feet - You_ (Audio).m4a
2025-10-18T17:56:55 update: removing music/Everyday Normal Guy 2.m4a
2025-10-18T17:56:55 update: removing music/Bad Bunny - Yonaguni (Video Oficial).mp3
2025-10-18T17:56:55 update: removing music/BAD BUNNY x DADDY YANKEE - LA SANTA _ YHLQMDLG [Visualizer].mp3
2025-10-18T17:56:55 update: removing music/BAD BUNNY - LA ZONA _ YHLQMDLG [Visualizer].mp3
2025-10-18T17:56:55 update: removing music/Murio la flor - Los Angeles Negros  ( Con Letra ).m4a
2025-10-18T17:56:55 update: removing music/Virlan Garcia - Y Cambio Mi Suerte ( Estudio 2016 ).m4a
2025-10-18T17:56:55 update: removing music/BAD BUNNY - NI BIEN NI MAL _ X100PRE [Visualizer].mp3
2025-10-18T17:56:55 update: removing music/Ed Sheeran - Thinking Out Loud -Official Video-.m4a
2025-10-18T17:56:55 update: removing music/Imagine Dragons - Wrecked (Lyric Video)_256k.mp3
2025-10-18T17:56:55 update: removing music/Post Malone - 'Wow.' (Official Music Video).m4a
2025-10-18T17:56:55 update: removing music/WOS - CONTANDO OVEJAS (Concept Video).mp3
2025-10-18T17:56:55 update: removing music/Feel It Still.m4a
2025-10-18T17:56:55 update: removing music/Oasis - Wonderwall.m4a
2025-10-18T17:56:55 update: removing music/Ain't No Mountain High Enough.m4a
2025-10-18T17:56:55 update: removing music/Phoenix - Lisztomania.m4a
2025-10-18T17:56:55 update: removing music/Halsey - Without Me (Official Audio).m4a
2025-10-18T17:56:55 update: removing music/Wish You Were Here.m4a
2025-10-18T17:56:55 update: removing music/Avril Lavigne - Wish You Were Here.m4a
2025-10-18T17:56:55 update: removing music/The Neighbourhood - Daddy Issues.m4a
2025-10-18T17:56:55 update: removing music/single - the neighbourhood -- español.m4a
2025-10-18T17:56:55 update: removing music/Prey.m4a
2025-10-18T17:56:55 update: removing music/What If This Is All The Love You Ever Get_.m4a
2025-10-18T17:56:55 update: removing music/Giant Rooks - Wild Stare.m4a
2025-10-18T17:56:55 update: removing music/Siddhartha - Los felices (Audio Oficial).m4a
2025-10-18T17:56:55 update: removing music/Telepathic - Where is my mind (Pixies cover-remix).m4a
2025-10-18T17:56:55 update: removing music/When You Smile.m4a
2025-10-18T17:56:55 update: removing music/xanny.m4a
2025-10-18T17:56:55 update: removing music/my strange addiction.m4a
2025-10-18T17:56:55 update: removing music/listen before i go.m4a
2025-10-18T17:56:55 update: removing music/ilomilo.m4a
2025-10-18T17:56:55 update: removing music/i love you.m4a
2025-10-18T17:56:55 update: removing music/goodbye.m4a
2025-10-18T17:56:55 update: removing music/Billie Eilish - wish you were gay (Audio).m4a
2025-10-18T17:56:55 update: removing music/Billie Eilish - bury a friend (Audio).m4a
2025-10-18T17:56:55 update: removing music/Billie Eilish - bad guy.m4a
2025-10-18T17:56:55 update: removing music/all the good girls go to hell.m4a
2025-10-18T17:56:55 update: removing music/8.m4a
2025-10-18T17:56:55 update: removing music/AUD-20151219-WA0021.m4a
2025-10-18T17:56:55 update: removing music/Billie Eilish - when the party's over.m4a
2025-10-18T17:56:55 update: removing music/Billie Eilish - WHEN I WAS OLDER (Music Inspired By The Film ROMA-Audio).m4a
2025-10-18T17:56:55 update: removing music/When You're Smiling (Sub Español) - Louis Armstrong.m4a
2025-10-18T17:56:55 update: removing music/Louis Armstrong What A Wonderful World Subtitulada Español Inglés.m4a
2025-10-18T17:56:55 update: removing music/La Vie En Rose (Sub Español) - Louis Armstrong.m4a
2025-10-18T17:56:55 update: removing music/Weezer - Island In The Sun (Spike Jonze Version).m4a
2025-10-18T17:56:55 update: removing music/weak when ur around - blackbear -- español.m4a
2025-10-18T17:56:55 update: removing music/Maybe on the Moon.m4a
2025-10-18T17:56:55 update: removing music/Magnetic Road.m4a
2025-10-18T17:56:55 update: removing music/AaRON - The Leftovers.m4a
2025-10-18T17:56:55 update: removing music/AaRON - Shades of Blue (Lyrics).m4a
2025-10-18T17:56:55 update: removing music/AaRON - Invisible Stains (2015).m4a
2025-10-18T17:56:55 update: removing music/AaRON - 2-22.m4a
2025-10-18T17:56:55 update: removing music/Fun.- We Are Young ft. Janelle Monáe -OFFICIAL VIDEO-.m4a
2025-10-18T17:56:55 update: removing music/Warriors.m4a
2025-10-18T17:56:55 update: removing music/Warriors 2014 Worlds Anthem _ Riot Games Collaboration with Imagine Dragons.m4a
2025-10-18T17:56:55 update: removing music/Sam Tinnesz - Bloodshot [Official Lyric Video]_256k.mp3
2025-10-18T17:56:55 update: removing music/VHS Collection - Waiting on the Summer (Audio).m4a
2025-10-18T17:56:55 update: removing music/3AM - Vuela (Video Oficial) _ Rain City.mp3
2025-10-18T17:56:55 update: removing music/Reik - Voy a Olvidarte.m4a
2025-10-18T17:56:55 update: removing music/Vázquez Sounds - Volverte a Ver ft. Marcos Menchaca (Video Oficial).m4a
2025-10-18T17:56:55 update: removing music/Micro TDH - Volver (@TweetCancion).mp3
2025-10-18T17:56:55 update: removing music/AViVA - GRRRLS (OFFICIAL VIDEO)_256k.mp3
2025-10-18T17:56:55 update: removing music/Locos.m4a
2025-10-18T17:56:55 update: removing music/León Larregui - Rue Vieille Du Temple (Lyric Video).m4a
2025-10-18T17:56:55 update: removing music/Electric Enemy - Voices (Official Audio).mp3
2025-10-18T17:56:55 update: removing music/Charlie Puth - LA Girls (Sub. Español).m4a
2025-10-18T17:56:55 update: removing music/Charlie Puth - Done For Me (feat. Kehlani) -Official Lyric Video-.m4a
2025-10-18T17:56:55 update: removing music/Dread Mar I - Tu Sin Mi   (Video oficial).m4a
2025-10-18T17:56:55 update: removing music/Dread Mar I - arbol sin hojas.m4a
2025-10-18T17:56:55 update: removing music/Viva La Vida.m4a
2025-10-18T17:56:55 update: removing music/Jamiroquai Bee Gees Mashup - Pomplamoose.m4a
2025-10-18T17:56:55 update: removing music/Y la Felicidad Qué.m4a
2025-10-18T17:56:55 update: removing music/Canserbero - Vida -Vida-.m4a
2025-10-18T17:56:55 update: removing music/Canserbero - unetenos (vida).m4a
2025-10-18T17:56:55 update: removing music/Canserbero - Pensando en ti (VIDEO OFICIAL).m4a
2025-10-18T17:56:55 update: removing music/Canserbero - Clima Tropical -Vida-.m4a
2025-10-18T17:56:55 update: removing music/17 EPILOGO - CANSERBERO -Vida-_low.m4a
2025-10-18T17:56:55 update: removing music/The Score - Victorious (Official Lyric Video)_256k.mp3
2025-10-18T17:56:55 update: removing music/Rauw Alejandro & Chencho Corleone - Desesperados (Video Oficial).m4a
2025-10-18T17:56:55 update: removing music/X Ambassadors - Unsteady.m4a
2025-10-18T17:56:55 update: removing music/Eden - Wonder (Sub. Español)_low.m4a
2025-10-18T17:56:55 update: removing music/EDEN - take care (Español).m4a
2025-10-18T17:56:55 update: removing music/EDEN - love; not wrong (brave) (Español).m4a
2025-10-18T17:56:55 update: removing music/Todo Biento.m4a
2025-10-18T17:56:55 update: removing music/A-Punk.m4a
2025-10-18T17:56:55 update: removing music/KOKO (video oficial VALIENTE ).m4a
2025-10-18T17:56:55 update: removing music/Maroon 5 - Animals (Lyric Video).m4a
2025-10-18T17:56:55 update: removing music/Guns N' Roses - November Rain.m4a
2025-10-18T17:56:55 update: removing music/Mark Ronson - Uptown Funk ft. Bruno Mars.m4a
2025-10-18T17:56:55 update: removing music/Edward Sharpe & The Magnetic Zeros - Home (Official Video).m4a
2025-10-18T17:56:55 update: removing music/Razorlight - Golden Touch.m4a
2025-10-18T17:56:55 update: removing music/Bruno Mars - Young Girls -Official Audio-.m4a
2025-10-18T17:56:55 update: removing music/Bruno Mars - When I was your man.mp3
2025-10-18T17:56:55 update: removing music/Bruno Mars - Treasure -Official Music Video-.m4a
2025-10-18T17:56:55 update: removing music/Uno para el Otro.m4a
2025-10-18T17:56:55 update: removing music/Jason Mraz - Unlonely -Official Lyric Video-.m4a
2025-10-18T17:56:55 update: removing music/Únicos.m4a
2025-10-18T17:56:55 update: removing music/Siddhartha - Una noche tranquila (Letra).m4a
2025-10-18T17:56:55 update: removing music/Siddhartha - Tarde (Video Oficial).mp3
2025-10-18T17:56:55 update: removing music/Siddhartha - Ser Parte (Lyric Video).m4a
2025-10-18T17:56:55 update: removing music/Siddhartha - El Chico.m4a
2025-10-18T17:56:55 update: removing music/Siddhartha - A la Distancia (Lyric Video).m4a
2025-10-18T17:56:55 update: removing music/Gerardo Coronel 'El Jerry'  - Te felicito  [Video Oficial 2022].m4a
2025-10-18T17:56:55 update: removing music/3AM - Vent3.mp3
2025-10-18T17:56:55 update: removing music/3AM - Tal Vez (Video Oficial).mp3
2025-10-18T17:56:55 update: removing music/3AM - Siempre (Letra).mp3
2025-10-18T17:56:55 update: removing music/3AM - Roto (Letra).mp3
2025-10-18T17:56:55 update: removing music/3AM - No Te Olvido.mp3
2025-10-18T17:56:55 update: removing music/3AM - No Soy DiCaprio (Video Oficial).mp3
2025-10-18T17:56:55 update: removing music/3AM - No La Encuentro (Video Oficial).mp3
2025-10-18T17:56:55 update: removing music/3AM - Mándame Una Foto (Letra).mp3
2025-10-18T17:56:55 update: removing music/3AM - Luna (Letra).mp3
2025-10-18T17:56:55 update: removing music/3AM - Imagina.mp3
2025-10-18T17:56:55 update: removing music/3AM - Hasta Que Lo Pierdes (Letra).mp3
2025-10-18T17:56:55 update: removing music/3AM - ALBA (Video Oficial).mp3
2025-10-18T17:56:55 update: removing music/Una loca como tú - Nanpa Básico (Video Oficial).m4a
2025-10-18T17:56:55 update: removing music/Una Lady Como Tú - MTZ Manuel Turizo _ Video Oficial.m4a
2025-10-18T17:56:55 update: removing music/Un Coco.mp3
2025-10-18T17:56:55 update: removing music/Neverita.mp3
2025-10-18T17:56:55 update: removing music/Efecto.mp3
2025-10-18T17:56:55 update: removing music/Bad Bunny (ft. Tony Dize) - La Corriente (360° Visualizer) _ Un Verano Sin Ti.mp3
2025-10-18T17:56:55 update: removing music/Bad Bunny (ft. The Marias) - Otro Atardecer (360° Visualizer) _ Un Verano Sin Ti.mp3
2025-10-18T17:56:55 update: removing music/Bad Bunny (ft. Jhay Cortez) - Tarot (360° Visualizer) _ Un Verano Sin Ti.mp3
2025-10-18T17:56:55 update: removing music/Bad Bunny (ft. Chencho Corleone) - Me Porto Bonito (Official Video) _ Un Verano .mp3
2025-10-18T17:56:55 update: removing music/Bad Bunny (ft. Bomba Estéreo) - Ojitos Lindos (360° Visualizer) _ Un Verano Sin .mp3
2025-10-18T17:56:55 update: removing music/Bad Bunny - Yo No Soy Celoso (Audio).mp3
2025-10-18T17:56:55 update: removing music/Bad Bunny - Un Ratito (360° Visualizer) _ Un Verano Sin Ti.mp3
2025-10-18T17:56:55 update: removing music/Bad Bunny - Moscow Mule (Official Video) _ Un Verano Sin Ti.mp3
2025-10-18T17:56:55 update: removing music/Bad Bunny - Dos Mil 16 (360° Visualizer) _ Un Verano Sin Ti.mp3
2025-10-18T17:56:55 update: removing music/Agosto - Bad bunny.mp3
2025-10-18T17:56:55 update: removing music/Bad Bunny - UN PREVIEW (Letra).m4a
2025-10-18T17:56:55 update: removing music/Ember Island - Umbrella (Español).m4a
2025-10-18T17:56:55 update: removing music/Pretty When You Cry.m4a
2025-10-18T17:56:55 update: removing music/Lana Del Rey - West Coast (Official Audio).m4a
2025-10-18T17:56:55 update: removing music/Nero - Nero Promises Nero Amp Skrilex Remix.mp3
2025-10-18T17:56:55 update: removing music/UB40 - Red Red Wine.m4a
2025-10-18T17:56:55 update: removing music/Two Shots (feat. gnash).mp3
2025-10-18T17:56:55 update: removing music/Two Feet - Back Of My Mind (Español).m4a
2025-10-18T17:56:55 update: removing music/In Time_256k.mp3
2025-10-18T17:56:55 update: removing music/Natalia Lafourcade - Tú sí sabes quererme (en manos de Los Macorinos).m4a
2025-10-18T17:56:55 update: removing music/BAD BUNNY - TÚ NO METES CABRA (Video Oficial).m4a
2025-10-18T17:56:55 update: removing music/Maria Becerra - Tú Me Lo Haces Fácil (Acoustic Version).m4a
2025-10-18T17:56:55 update: removing music/Tú.m4a
2025-10-18T17:56:55 update: removing music/Willian - Tú (Video Lyrics).m4a
2025-10-18T17:56:55 update: removing music/Tù.mp4
2025-10-18T17:56:55 update: removing music/TRUENO __ BZRP Freestyle Sessions @6_256k.mp3
2025-10-18T17:56:55 update: removing music/Everybody Wants To Rule The World.m4a
2025-10-18T17:56:55 update: removing music/Gera MX, LIT killah - Triste Bolero (Visualizer).m4a
2025-10-18T17:56:55 update: removing music/John Newman - Love Me Again.m4a
2025-10-18T17:56:55 update: removing music/ALMA DINAMITA_256k.mp3
2025-10-18T17:56:55 update: removing music/Santana - Into The Night (Video) ft. Chad Kroeger.m4a
2025-10-18T17:56:55 update: removing music/twenty one pilots - Smithereens (Official Audio).m4a
2025-10-18T17:56:55 update: removing music/Gata Fiera - Trebol Clan Ft. Héctor 'El Father', Joan.m4a
2025-10-18T17:56:55 update: removing music/Imagine Dragons - All For You (Audio).m4a
2025-10-18T17:56:55 update: removing music/Arctic Monkeys - Tranquility Base Hotel & Casino (Official Audio).m4a
2025-10-18T17:56:55 update: removing music/Arctic Monkeys - The World's First Ever Monster Truck Front Flip (Official Audio.m4a
2025-10-18T17:56:55 update: removing music/Arctic Monkeys - The Ultracheese (Official Audio).m4a
2025-10-18T17:56:55 update: removing music/Arctic Monkeys - She Looks Like Fun (Official Audio).m4a
2025-10-18T17:56:55 update: removing music/Arctic Monkeys - Science Fiction (Official Audio).m4a
2025-10-18T17:56:55 update: removing music/Arctic Monkeys - One Point Perspective (Official Audio).m4a
2025-10-18T17:56:55 update: removing music/Arctic Monkeys - Four Out Of Five (Official Audio).m4a
2025-10-18T17:56:55 update: removing music/Arctic Monkeys - Batphone (Official Audio).m4a
2025-10-18T17:56:55 update: removing music/Trueno - TRANKY FUNKY (Official Video).m4a
2025-10-18T17:56:55 update: removing music/System Of A Down - Toxicity.m4a
2025-10-18T17:56:55 update: removing music/Undercover Martyn.m4a
2025-10-18T17:56:55 update: removing music/TWO DOOR CINEMA CLUB _ SOMETHING GOOD CAN WORK.m4a
2025-10-18T17:56:55 update: removing music/Torreblanca - El Gran Adiós.m4a
2025-10-18T17:56:55 update: removing music/Helena Beat.m4a
2025-10-18T17:56:55 update: removing music/Dexys Midnight Runners - Come on Eileen.m4a
2025-10-18T17:56:55 update: removing music/No You Girls.m4a
2025-10-18T17:56:55 update: removing music/Rauw Alejandro - Todo De Ti.m4a
2025-10-18T17:56:55 update: removing music/The Neighbourhood - Compass (Sub Español) -- Jalyssa.m4a
2025-10-18T17:56:55 update: removing music/Meghan Trainor - Like I'm Gonna Lose You ft. John Legend.m4a
2025-10-18T17:56:55 update: removing music/Meghan Trainor - Like I'm Gonna Lose You (Official Music Video) ft. John Legend.m4a
2025-10-18T17:56:55 update: removing music/David Guetta - Titanium ft. Sia (Official Video).m4a
2025-10-18T17:56:55 update: removing music/Alan Walker ft. Gavin James - Tired _ Sub Español.m4a
2025-10-18T17:56:55 update: removing music/FKJ - So Much to Me.m4a
2025-10-18T17:56:55 update: removing music/FKJ - Instant Need.m4a
2025-10-18T17:56:55 update: removing music/Helen Corry - Time.m4a
2025-10-18T17:56:55 update: removing music/Technicolor Fabrics - Tiernos (Lyric Video Oficial).m4a
2025-10-18T17:56:55 update: removing music/Sub Urban - Isolate [Official Lyrics Video].mp3
2025-10-18T17:56:55 update: removing music/Freak (feat. REI AMI) [Official Lyric Video].m4a
2025-10-18T17:56:55 update: removing music/Dissolve.m4a
2025-10-18T17:56:55 update: removing music/Mike Stud - These Days (starring- Marcus Stroman).mp3
2025-10-18T17:56:55 update: removing music/Imagine Dragons - This Is Me (Audio).m4a
2025-10-18T17:56:55 update: removing music/DREAMERS - Sweet Disaster (Official Video)_256k.mp3
2025-10-18T17:56:55 update: removing music/The Great Shipwreck Of Life.m4a
2025-10-18T17:56:55 update: removing music/Summer's Gone (feat. Thutmose).m4a
2025-10-18T17:56:55 update: removing music/Sugar Pine 7 - These Drugs (MUSIC VIDEO).m4a
2025-10-18T17:56:55 update: removing music/Russ - Pull The Trigger.m4a
2025-10-18T17:56:55 update: removing music/Shawn Mendes - There's Nothing Holdin' Me Back.m4a
2025-10-18T17:56:55 update: removing music/San Cisco - 'The Distance'  (Official Music Video).m4a
2025-10-18T17:56:55 update: removing music/Hotel California.m4a
2025-10-18T17:56:55 update: removing music/P!nk - Try.m4a
2025-10-18T17:56:55 update: removing music/P!nk - Just Give Me A Reason ft. Nate Ruess.m4a
2025-10-18T17:56:55 update: removing music/Drops.m4a
2025-10-18T17:56:55 update: removing music/Tame Impala - Borderline (Official Audio).m4a
2025-10-18T17:56:55 update: removing music/The Score - Redemption Song (Official Visualizer).m4a
2025-10-18T17:56:55 update: removing music/The Score - Legend_256k.mp3
2025-10-18T17:56:55 update: removing music/Wiz Khalifa - Contact feat. Tyga [Official Audio].mp3
2025-10-18T17:56:55 update: removing music/The Kooks - Naive - Subtitulado HD.m4a
2025-10-18T17:56:55 update: removing music/Tiësto  Oliver Heldens ft Natalie La Rose   The Right Song Radio Edit.m4a
2025-10-18T17:56:55 update: removing music/Undisclosed Desires.m4a
2025-10-18T17:56:55 update: removing music/Muse - Uprising -Official Video-.m4a
2025-10-18T17:56:55 update: removing music/I Belong To You --Mon Coeur S'Ouvre A Ta Voix-.m4a
2025-10-18T17:56:55 update: removing music/Hoobastank - The Reason (Official Music Video).m4a
2025-10-18T17:56:55 update: removing music/The Rasmus - In the Shadows (HQ Audio).m4a
2025-10-18T17:56:55 update: removing music/Ice Cube - It Was A Good Day (Remastered).mp3
2025-10-18T17:56:55 update: removing music/The Police - Every Breath You Take.m4a
2025-10-18T17:56:55 update: removing music/Complicated.m4a
2025-10-18T17:56:55 update: removing music/Humility (feat. George Benson).m4a
2025-10-18T17:56:55 update: removing music/The Neighbourhood - Void (Audio).m4a
2025-10-18T17:56:55 update: removing music/The Neighbourhood - Too Serious (Audio).m4a
2025-10-18T17:56:55 update: removing music/The Neighbourhood - Reflections (Sub. Español).m4a
2025-10-18T17:56:55 update: removing music/The Neighbourhood - Nervous (Audio).m4a
2025-10-18T17:56:55 update: removing music/League of Legends Music- The Curse of the Sad Mummy.m4a
2025-10-18T17:56:55 update: removing music/Nina Nesbitt - The Moments I'm Missing (feat. Goody Grace).m4a
2025-10-18T17:56:55 update: removing music/The Middle.mp4
2025-10-18T17:56:55 update: removing music/The Middle - Jimmy Eat World (Subtitulado Español).m4a
2025-10-18T17:56:55 update: removing music/Oasis - Half The World Away (Official Lyric Video).m4a
2025-10-18T17:56:55 update: removing music/Just A Lil Bit.mp3
2025-10-18T17:56:55 update: removing music/Imagine Dragons - The Man In The Moon (Audio).m4a
2025-10-18T17:56:55 update: removing music/Meghan Trainor – FOOLISH (Video by Ryan Trainor).m4a
2025-10-18T17:56:55 update: removing music/Metronomy - The Look.m4a
2025-10-18T17:56:55 update: removing music/Creedence Clearwater Revival- Have You Ever Seen The Rain_.m4a
2025-10-18T17:56:55 update: removing music/Fall Out Boy - The Last Of The Real Ones.m4a
2025-10-18T17:56:55 update: removing music/Don Omar _ Dile (Video Oficial ).m4a
2025-10-18T17:56:55 update: removing music/Dale Don Dale.m4a
2025-10-18T17:56:55 update: removing music/Aventura - Dile Al Amor (Letra-Lyrics).m4a
2025-10-18T17:56:55 update: removing music/All I Want.m4a
2025-10-18T17:56:55 update: removing music/The Weeknd - Save Your Tears (Official Audio).mp3
2025-10-18T17:56:55 update: removing music/Kodaline - High Hopes (Español).m4a
2025-10-18T17:56:55 update: removing music/Selena Gomez - The Heart Wants What It Wants (Official Video).m4a
2025-10-18T17:56:55 update: removing music/Put It On Me.m4a
2025-10-18T17:56:55 update: removing music/Mini Mansions - Vertigo (Audio) ft. Alex Turner.m4a
2025-10-18T17:56:55 update: removing music/Troye Sivan - The Good Side (Official Audio).m4a
2025-10-18T17:56:55 update: removing music/The Ghost Club - Antique (Official Video)_256k.mp3
2025-10-18T17:56:55 update: removing music/Foreign Figures - The Fever (Official Music Video)_256k.mp3
2025-10-18T17:56:55 update: removing music/All Of The Stars.m4a
2025-10-18T17:56:55 update: removing music/Bandoleros.m4a
2025-10-18T17:56:55 update: removing music/Queens of the Stone Age - The Evil Has Landed (Audio).m4a
2025-10-18T17:56:55 update: removing music/Come and Get Your Love.m4a
2025-10-18T17:56:55 update: removing music/The Carpenters - [They Long To Be] Close To You [Audio].m4a
2025-10-18T17:56:55 update: removing music/Eminem - Till I Collapse (HD).m4a
2025-10-18T17:56:55 update: removing music/ELO - Mr. Blue Sky (Sub. Español) (Guardianes de la Galaxia Vol. 2).m4a
2025-10-18T17:56:55 update: removing music/Radiohead - No Surprises.m4a
2025-10-18T17:56:55 update: removing music/Radiohead - Just.m4a
2025-10-18T17:56:55 update: removing music/Radiohead - High & Dry.m4a
2025-10-18T17:56:55 update: removing music/Radiohead - Fake Plastic Trees.m4a
2025-10-18T17:56:55 update: removing music/Karma Police.m4a
2025-10-18T17:56:55 update: removing music/Talk Show Host.m4a
2025-10-18T17:56:55 update: removing music/Radiohead - My Iron Lung.m4a
2025-10-18T17:56:55 update: removing music/Somebody Told Me.m4a
2025-10-18T17:56:55 update: removing music/James Blunt - Over -Official Lyric Video-.m4a
2025-10-18T17:56:55 update: removing music/James Blunt - Lose My Number -Official Lyric Video-.m4a
2025-10-18T17:56:55 update: removing music/James Blunt - Courtney's Song.m4a
2025-10-18T17:56:55 update: removing music/James Blunt - California -Official Lyric Video-.m4a
2025-10-18T17:56:55 update: removing music/Supremacy.m4a
2025-10-18T17:56:55 update: removing music/Panic Station.m4a
2025-10-18T17:56:55 update: removing music/The 1975 - Robbers.m4a
2025-10-18T17:56:55 update: removing music/Bring Me The Horizon - Follow You (Official Video)_256k.mp3
2025-10-18T17:56:55 update: removing music/Cage The Elephant - Shake Me Down.m4a
2025-10-18T17:56:55 update: removing music/WOS - TERRAZA (Video Oficial).mp3
2025-10-18T17:56:55 update: removing music/Real 70 Crew - Lágrimas Ausentes (AUDIO).m4a
2025-10-18T17:56:55 update: removing music/Real 70 Crew. Feat El Dike - Del Amor Nadie Se Escapa (AUDIO).m4a
2025-10-18T17:56:55 update: removing music/Real 70 Crew - Guerrillera de la felicidad Feat. Danay Suarez (AUDIO).m4a
2025-10-18T17:56:55 update: removing music/Real 70 Crew - Mi Novia Platónica (AUDIO).m4a
2025-10-18T17:56:55 update: removing music/DUKI, Mora - Amor Bipolar (Visualizer).mp3
2025-10-18T17:56:55 update: removing music/DUKI, De La Ghetto, Quevedo - Si Quieren Frontear (Video Oficial).mp3
2025-10-18T17:56:55 update: removing music/DUKI - GIVENCHY (Video Oficial).mp3
2025-10-18T17:56:55 update: removing music/DUKI - Celosa (Audio).mp3
2025-10-18T17:56:55 update: removing music/Russ - Tell Me Why (Official Audio).m4a
2025-10-18T17:56:55 update: removing music/Trouble.m4a
2025-10-18T17:56:55 update: removing music/Too Late To Say Goodbye.m4a
2025-10-18T17:56:55 update: removing music/Sweetie Little Jean.m4a
2025-10-18T17:56:55 update: removing music/Cold Cold Cold.m4a
2025-10-18T17:56:55 update: removing music/twenty one pilots- Tear In My Heart [OFFICIAL VIDEO].m4a
2025-10-18T17:56:55 update: removing music/Aleman & Snow Tha Product - Te Va a Gustar (Video Oficial).mp3
2025-10-18T17:56:55 update: removing music/Carla Morrison - te regalo (letra).m4a
2025-10-18T17:56:55 update: removing music/Te la tiro pa que bailes - Plan B (Official Video).m4a
2025-10-18T17:56:55 update: removing music/Santa Fe Klan, Nanpa Basico - Te Ire A Buscar.m4a
2025-10-18T17:56:55 update: removing music/Julion Alvarez- Te hubieras ido antes.mp3
2025-10-18T17:56:55 update: removing music/Reik - Te Fuiste de Aquí.m4a
2025-10-18T17:56:55 update: removing music/MECAL - Te Deseo.mp3
2025-10-18T17:56:55 update: removing music/LIT killah - Tan Bien (Official Video) ft. Agus Padilla.m4a
2025-10-18T17:56:55 update: removing music/Imagine Dragons - Take My Heart Away (Music Video).m4a
2025-10-18T17:56:55 update: removing music/Chiiild - Pirouette (Audio).m4a
2025-10-18T17:56:55 update: removing music/Come Together.m4a
2025-10-18T17:56:55 update: removing music/Concorde  'Just Kiss Her' -- Español.m4a
2025-10-18T17:56:55 update: removing music/girl in red - summer depression -- lyrics.m4a
2025-10-18T17:56:55 update: removing music/Russ - Summer At 7 (Official Audio).m4a
2025-10-18T17:56:55 update: removing music/Calvin Harris - Summer.m4a
2025-10-18T17:56:55 update: removing music/Sultan of Schwinn.m4a
2025-10-18T17:56:55 update: removing music/Without Me.m4a
2025-10-18T17:56:55 update: removing music/Sucker for Pain (Lyrics) - Lil Wayne, Wiz Khalifa & Imagine Dragons with Logic &.m4a
2025-10-18T17:56:55 update: removing music/Stuck on the puzzle.m4a
2025-10-18T17:56:55 update: removing music/Piledriver waltz.m4a
2025-10-18T17:56:55 update: removing music/Alex Turner - Glass in the Park (Subtitulada).m4a
2025-10-18T17:56:55 update: removing music/Jagwar Twin - Loser (Official Audio).mp3
2025-10-18T17:56:55 update: removing music/Foster The People - Worst Nites (Official Audio).m4a
2025-10-18T17:56:55 update: removing music/11 - STUPID LOVE STORY - APA Y CAN.m4a
2025-10-18T17:56:55 update: removing music/Stuffers - MG.mp3
2025-10-18T17:56:55 update: removing music/Stromae, Pomme - “Ma Meilleure Ennemie” (from Arcane Season 2) [Official Vis.m4a
2025-10-18T17:56:55 update: removing music/Blackbear - Strangers -- Español.m4a
2025-10-18T17:56:55 update: removing music/Lord Huron - The Night We Met.m4a
2025-10-18T17:56:55 update: removing music/Avicii - Waiting For Love.m4a
2025-10-18T17:56:55 update: removing music/Oasis - Don't Look Back In Anger (Official Video).m4a
2025-10-18T17:56:55 update: removing music/Oasis - Stop Crying Your Heart Out.m4a
2025-10-18T17:56:55 update: removing music/Jaymes Young - Stone _ Sub Español.m4a
2025-10-18T17:56:55 update: removing music/Paramore- Still Into You -OFFICIAL VIDEO-.m4a
2025-10-18T17:56:55 update: removing music/half•alive - still feel. [VIDEO].m4a
2025-10-18T17:56:55 update: removing music/Frank Carter & The Rattlesnakes - Cupid's Arrow (Visualiser).mp3
2025-10-18T17:56:55 update: removing music/TheFatRat - Monody (Audio) ft. Laura Brehm.m4a
2025-10-18T17:56:55 update: removing music/The Score - Stay_256k.mp3
2025-10-18T17:56:55 update: removing music/The Score - Rush (Lyric Video)_256k.mp3
2025-10-18T17:56:55 update: removing music/The Score - Rush -- Sub Español _HD__256k.mp3
2025-10-18T17:56:55 update: removing music/Stateless - Bloodstream (Official lyrics).m4a
2025-10-18T17:56:55 update: removing music/Selena Gomez - Slow Down (Official).m4a
2025-10-18T17:56:55 update: removing music/Tipling Rock - Staring -Visualizer-.m4a
2025-10-18T17:56:55 update: removing music/Kygo - This Town ft. Sasha Sloan.m4a
2025-10-18T17:56:55 update: removing music/Red Hot Chili Peppers - Snow (Hey Oh) (Official Music Video).m4a
2025-10-18T17:56:55 update: removing music/Sr. Tigre (French Braids Rework).mp3
2025-10-18T17:56:55 update: removing music/En la Punta de la Lengua.m4a
2025-10-18T17:56:55 update: removing music/Imagine Dragons - Speechless (Audio).m4a
2025-10-18T17:56:55 update: removing music/Queen - Another One Bites the Dust (Official Video).m4a
2025-10-18T17:56:55 update: removing music/Taylor Swift Dear John Audio.mp3
2025-10-18T17:56:55 update: removing music/Don Omar - 'Soy Yo' feat. Wisin & Gente De Zona.mp3
2025-10-18T17:56:55 update: removing music/Eminem - Kings Never Die (Lyric Video) ft. Gwen Stefani.m4a
2025-10-18T17:56:55 update: removing music/Los Pericos- Anónimos ft. Carla Morrison.mp3
2025-10-18T17:56:55 update: removing music/Alabama Shakes - Don't Wanna Fight (Official Audio).m4a
2025-10-18T17:56:55 update: removing music/KURT- Sonreir (Video Oficial).m4a
2025-10-18T17:56:55 update: removing music/Queens Of The Stone Age - No One Knows.m4a
2025-10-18T17:56:55 update: removing music/06.10cc - I'm Not In Love (Guardianes de la Galaxia) (Sub. Español).m4a
2025-10-18T17:56:55 update: removing music/Somewhere in Between.m4a
2025-10-18T17:56:55 update: removing music/TALLEST MAN ON EARTH -- the dreamer.m4a
2025-10-18T17:56:55 update: removing music/The Chainsmokers & Coldplay - Something Just Like This (Lyric).m4a
2025-10-18T17:56:55 update: removing music/Beach Fossils - Down the Line (Official Video).m4a
2025-10-18T17:56:55 update: removing music/Nina Nesbitt - Somebody Special (Official Audio).m4a
2025-10-18T17:56:55 update: removing music/Black Honey - Somebody Better.m4a
2025-10-18T17:56:55 update: removing music/James Blunt - Into The Dark (Sub Español).m4a
2025-10-18T17:56:55 update: removing music/Land Of Talk - It's Okay.m4a
2025-10-18T17:56:55 update: removing music/W Sound 01 'Soltera' - Blessd, Westcol, Ovy On The Drums (Official Video).m4a
2025-10-18T17:56:55 update: removing music/León Larregui - Brillas.m4a
2025-10-18T17:56:55 update: removing music/Como Tú (Magic Music Box).m4a
2025-10-18T17:56:55 update: removing music/Brillas.m4a
2025-10-18T17:56:55 update: removing music/Bombai - Solo si es Contigo feat. Bebe (Lyric video).m4a
2025-10-18T17:56:55 update: removing music/SOLO POR VOS.mp3
2025-10-18T17:56:55 update: removing music/Banda MS- Solo con verte.m4a
2025-10-18T17:56:55 update: removing music/Capital Cities - Drop Everything (Audio).m4a
2025-10-18T17:56:55 update: removing music/Santa Fe Klan, Gera MX - Último Adiós (Video Oficial).mp3
2025-10-18T17:56:55 update: removing music/Cage The Elephant - Social Cues (Audio).m4a
2025-10-18T17:56:55 update: removing music/Cage the Elephant - Ready To Let Go (lyrics).m4a
2025-10-18T17:56:55 update: removing music/P!nk - So What.m4a
2025-10-18T17:56:55 update: removing music/Snow Tha Product __ BZRP Music Sessions @39.mp3
2025-10-18T17:56:55 update: removing music/The Fall.m4a
2025-10-18T17:56:55 update: removing music/Second Chances.m4a
2025-10-18T17:56:55 update: removing music/Who We Are.m4a
2025-10-18T17:56:55 update: removing music/Trouble - Imagine Dragons (Audio).m4a
2025-10-18T17:56:55 update: removing music/Thief - Imagine Dragons (Audio).m4a
2025-10-18T17:56:55 update: removing music/Summer.m4a
2025-10-18T17:56:55 update: removing music/Smoke And Mirrors.m4a
2025-10-18T17:56:55 update: removing music/Smoke And Mirrors - Imagine Dragons (Audio).m4a
2025-10-18T17:56:55 update: removing music/Shots.m4a
2025-10-18T17:56:55 update: removing music/Release - Imagine Dragons (Audio).m4a
2025-10-18T17:56:55 update: removing music/Polaroid.m4a
2025-10-18T17:56:55 update: removing music/Polaroid - Imagine Dragons (Audio).m4a
2025-10-18T17:56:55 update: removing music/It Comes Back To You.m4a
2025-10-18T17:56:55 update: removing music/Imagine Dragons - The Unknown (Audio)(1).m4a
2025-10-18T17:56:55 update: removing music/I’m So Sorry(1).m4a
2025-10-18T17:56:55 update: removing music/Hopeless Opus.m4a
2025-10-18T17:56:55 update: removing music/Gold.m4a
2025-10-18T17:56:55 update: removing music/Friction.m4a
2025-10-18T17:56:55 update: removing music/Dream.m4a
2025-10-18T17:56:55 update: removing music/Stolen Dance -  Imagine Dragons (Lyrics).m4a
2025-10-18T17:56:55 update: removing music/Nirvana - Smells Like Teen Spirit.m4a
2025-10-18T17:56:55 update: removing music/SLOW DANCING IN THE DARK.m4a
2025-10-18T17:56:55 update: removing music/Bon Jovi - Living on a Prayer (Lyrics).m4a
2025-10-18T17:56:55 update: removing music/Sleeping Wolf - Freaks Like Us - Official Lyric Video.mp3
2025-10-18T17:56:55 update: removing music/Sleep Alone.m4a
2025-10-18T17:56:55 update: removing music/Skins - Wild World.m4a
2025-10-18T17:56:55 update: removing music/Billie Eilish - Six Feet Under.m4a
2025-10-18T17:56:55 update: removing music/Quiero ver - Café Tacuba.m4a
2025-10-18T17:56:55 update: removing music/This Love.m4a
2025-10-18T17:56:55 update: removing music/She Will Be Loved.m4a
2025-10-18T17:56:55 update: removing music/One_More_Night_♫_♪.mp3
2025-10-18T17:56:55 update: removing music/Maroon 5 - Maps (Explicit).m4a
2025-10-18T17:56:55 update: removing music/Imagine Dragons - Uptight (Audio).m4a
2025-10-18T17:56:55 update: removing music/Imagine Dragons - Rocks (Audio).m4a
2025-10-18T17:56:55 update: removing music/Imagine Dragons - I Need A Minute (Audio).m4a
2025-10-18T17:56:55 update: removing music/Imagine Dragons - Fade (Audio).m4a
2025-10-18T17:56:55 update: removing music/Imagine Dragons - Emma (Audio).m4a
2025-10-18T17:56:55 update: removing music/Imagine Dragons - Destination (Audio).m4a
2025-10-18T17:56:55 update: removing music/Imagine Dragons - Curse (Audio).m4a
2025-10-18T17:56:55 update: removing music/Imagine Dragons - Boots (Audio).m4a
2025-10-18T17:56:55 update: removing music/Sin ti estoy bien - Nanpa Básico (Audio).m4a
2025-10-18T17:56:55 update: removing music/Lasso - Te Veo (Letra-Lyrics).m4a
2025-10-18T17:56:55 update: removing music/SFDK con GREEN VALLEY- CANTANDO BAJO LA VIDA  (LYRIC VIDEO).m4a
2025-10-18T17:56:55 update: removing music/SFDK - MANOS EN EL AIRE con MALA JUNTERA & SHABU (LYRIC VIDEO).m4a
2025-10-18T17:56:55 update: removing music/Thought Contagion.m4a
2025-10-18T17:56:55 update: removing music/The Dark Side.m4a
2025-10-18T17:56:55 update: removing music/Something Human.m4a
2025-10-18T17:56:55 update: removing music/Propaganda.m4a
2025-10-18T17:56:55 update: removing music/Pressure.m4a
2025-10-18T17:56:55 update: removing music/Break it to Me.m4a
2025-10-18T17:56:55 update: removing music/Algorithm.m4a
2025-10-18T17:56:55 update: removing music/How You Remind Me.m4a
2025-10-18T17:56:55 update: removing music/Siempre Te Voy A Querer - Calibre 50.m4a
2025-10-18T17:56:55 update: removing music/Calibre 50 - Si Te Pudiera Mentir (LETRA).m4a
2025-10-18T17:56:55 update: removing music/BLESSD  FEID - SI SABE FERXXO  (VIDEO OFICIAL).m4a
2025-10-18T17:56:55 update: removing music/3AM - Si Caigo (Video Oficial) _ Flow City.mp3
2025-10-18T17:56:55 update: removing music/Andar Conmigo.m4a
2025-10-18T17:56:55 update: removing music/She Moves In Her Own Way (Acoustic).m4a
2025-10-18T17:56:55 update: removing music/Shawn Mendes - Why -- Español.m4a
2025-10-18T17:56:55 update: removing music/Sharks - Imagine Dragons (Subtitulada al Español - Lyrics ).mp3
2025-10-18T17:56:55 update: removing music/Ed Sheeran - Shape Of You -Official Lyric Video-.m4a
2025-10-18T17:56:55 update: removing music/Shakira - La Tortura (Official HD Video) ft. Alejandro Sanz.m4a
2025-10-18T17:56:55 update: removing music/Shake, Shake, Shake - SHAKE! SHAKE! SHAKE! - Bronze Radio Return.mp3
2025-10-18T17:56:55 update: removing music/Russ - ALL TO YOU (Official Audio) ft. Kiana Ledé.m4a
2025-10-18T17:56:55 update: removing music/Mansionair - Easier.m4a
2025-10-18T17:56:55 update: removing music/El liricista en el tejado.m4a
2025-10-18T17:56:55 update: removing music/Twenty One Pilots- Ride.m4a
2025-10-18T17:56:55 update: removing music/Tommy Torres- Querido Tommy.m4a
2025-10-18T17:56:55 update: removing music/The Weekend- Starboy ft. Daft Punk.m4a
2025-10-18T17:56:55 update: removing music/Sofia Reyes- How to love ft. Cash Cash.m4a
2025-10-18T17:56:55 update: removing music/Rachel Plattel- Stand by you.m4a
2025-10-18T17:56:55 update: removing music/Pharrell Wiliams- Happy.m4a
2025-10-18T17:56:55 update: removing music/Los Pericos-Pupilas lejanas.m4a
2025-10-18T17:56:55 update: removing music/Los Pericos-Cuidame bien.m4a
2025-10-18T17:56:55 update: removing music/Kiss- I was made for loving you.m4a
2025-10-18T17:56:55 update: removing music/Gowana- Pienso en ti.m4a
2025-10-18T17:56:55 update: removing music/Galantis- Pillow figth.m4a
2025-10-18T17:56:55 update: removing music/Speak Now - Taylor Swift -Traducción al Español-_low.m4a
2025-10-18T17:56:55 update: removing music/4 Non Blondes - What's Up.m4a
2025-10-18T17:56:55 update: removing music/Wisin, Young Miko - Señorita (Official Video).m4a
2025-10-18T17:56:55 update: removing music/Shawn Mendes, Camila Cabello - Señorita (Lyric Video).m4a
2025-10-18T17:56:55 update: removing music/Eladio Carrión - Paz Mental (Video Oficial).mp3
2025-10-18T17:56:55 update: removing music/Según Tus Labios.m4a
2025-10-18T17:56:55 update: removing music/Ya Para Que - Nanpa Básico.m4a
2025-10-18T17:56:55 update: removing music/Seafret - Oceans (Traducida al Español).m4a
2025-10-18T17:56:55 update: removing music/Gera MX, Rels B - Se Me Olvidó (Video Oficial).mp3
2025-10-18T17:56:55 update: removing music/Feid, Maisak - SE ME OLVIDA (Official Video).m4a
2025-10-18T17:56:55 update: removing music/scary love - the neighbourhood -- español.m4a
2025-10-18T17:56:55 update: removing music/Twenty One Pilots - Shy Away (Lyric Video).mp3
2025-10-18T17:56:55 update: removing music/The Phoenix - Fall Out Boy - (fan lyric video).m4a
2025-10-18T17:56:55 update: removing music/Hey, Soul Sister.m4a
2025-10-18T17:56:55 update: removing music/Me Gustas Natural.mp3
2025-10-18T17:56:55 update: removing music/Eladio Carrión Ft. Arcangel - Como Sea (Visualizer) _ Sauce Boyz 2.mp3
2025-10-18T17:56:55 update: removing music/Eladio Carrión, Smokepurpp - Huh_ (Visualizer) _ Sauce Boyz.mp3
2025-10-18T17:56:55 update: removing music/You Should Be Dancing.m4a
2025-10-18T17:56:55 update: removing music/San Cisco - Fred Astaire.m4a
2025-10-18T17:56:55 update: removing music/San Cisco - Awkward.m4a
2025-10-18T17:56:55 update: removing music/Selena Gomez - Same Old Love (Audio).m4a
2025-10-18T17:56:55 update: removing music/The Killers - Read My Mind.m4a
2025-10-18T17:56:55 update: removing music/La M.O.D.A. -- Una canción para no decir te quiero.m4a
2025-10-18T17:56:55 update: removing music/Tash Sultana - 'SALVATION' (Official Video).m4a
2025-10-18T17:56:55 update: removing music/Ruth B. - Mixed Signals (Audio).m4a
2025-10-18T17:56:55 update: removing music/Sweet Sun.m4a
2025-10-18T17:56:55 update: removing music/Stolen Dance.m4a
2025-10-18T17:56:55 update: removing music/Rvssian x Rauw Alejandro x Ayra Starr - SANTA (Letra-Lyrics).m4a
2025-10-18T17:56:55 update: removing music/Blackbear - Runnin´Low (Sub Español).m4a
2025-10-18T17:56:55 update: removing music/Galantis - Runaway (U & I) Audio.m4a
2025-10-18T17:56:55 update: removing music/Joji - Run (Official Video).mp3
2025-10-18T17:56:55 update: removing music/Joji - Gimme Love (Official Video).mp3
2025-10-18T17:56:55 update: removing music/Lollypop Lorry - I Won't Let You Go (live at Octopus, 8-05-2016).m4a
2025-10-18T17:56:55 update: removing music/MAGIC! - Rude (Official Lyric Video).m4a
2025-10-18T17:56:55 update: removing music/Roots.m4a
2025-10-18T17:56:55 update: removing music/Low Hum - Comatose.m4a
2025-10-18T17:56:55 update: removing music/The Strokes - Reptilia.m4a
2025-10-18T17:56:55 update: removing music/Rompe.m4a
2025-10-18T17:56:55 update: removing music/Camila Cabello - Used to This (Audio).mp3
2025-10-18T17:56:55 update: removing music/Camila Cabello - My Oh My (Audio) ft. DaBaby.m4a
2025-10-18T17:56:55 update: removing music/-I Can���t Get No- Satisfaction.m4a
2025-10-18T17:56:55 update: removing music/Post Malone - rockstar ft. 21 Savage (Official Audio).m4a
2025-10-18T17:56:55 update: removing music/Clean Bandit - Rockabye ft. Sean Paul & Anne-Marie -Official Video-.m4a
2025-10-18T17:56:55 update: removing music/TheFatRat - Rise Up.m4a
2025-10-18T17:56:55 update: removing music/TQM (Ft Elsa y Elmar & Ximena Sariñana) - Little Jesus (Letra).m4a
2025-10-18T17:56:55 update: removing music/Little Jesus - La Magia.m4a
2025-10-18T17:56:55 update: removing music/La Magia - Little Jesus (Letra).m4a
2025-10-18T17:56:55 update: removing music/Ride or Die (Remix Extended Parte 1 y 2) - Sevdaliza, Villano Antillano ft. .m4a
2025-10-18T17:56:55 update: removing music/AUD-20151101-WA0027.mp3
2025-10-18T17:56:55 update: removing music/Selena Gomez - Sober (Official Audio).m4a
2025-10-18T17:56:55 update: removing music/Selena Gomez - Me & The Rhythm (Audio).m4a
2025-10-18T17:56:55 update: removing music/Selena Gomez - Good For You.m4a
2025-10-18T17:56:55 update: removing music/Audioslave - Wide Awake.m4a
2025-10-18T17:56:55 update: removing music/Audioslave - Revelations.m4a
2025-10-18T17:56:55 update: removing music/Gondwana - Aire De Jah.mp3
2025-10-18T17:56:55 update: removing music/Residente - Desencuentro (Official Video) ft. Soko.m4a
2025-10-18T17:56:55 update: removing music/Taylor Swift - Gorgeous (Lyric Video).m4a
2025-10-18T17:56:55 update: removing music/Russ - RENT FREE (Official Audio).m4a
2025-10-18T17:56:55 update: removing music/QUE CARO ESTOY PAGANDO - Los Plebes del Rancho de Ariel Camacho (Video Oficial) .m4a
2025-10-18T17:56:55 update: removing music/NO LO HICE BIEN - Los Plebes del Rancho de Ariel Camacho (Video Oficial) _ DEL R.m4a
2025-10-18T17:56:55 update: removing music/DEL NEGOCIANTE - Los Plebes del Rancho de Ariel Camacho (Video Oficial) _ DEL Re.m4a
2025-10-18T17:56:55 update: removing music/Eminem - Not Afraid.m4a
2025-10-18T17:56:55 update: removing music/Reapers.m4a
2025-10-18T17:56:55 update: removing music/Roots, Rock, Reggae.m4a
2025-10-18T17:56:55 update: removing music/Yendo a la Casa de Damián.m4a
2025-10-18T17:56:55 update: removing music/Ya no sé qué hacer conmigo.m4a
2025-10-18T17:56:55 update: removing music/Rapsusklei & Canserbero- Dando Y Perdiendo (letra).m4a
2025-10-18T17:56:55 update: removing music/Emilia, Tiago PZK - Rápido Lento (Official Video)_256k.mp3
2025-10-18T17:56:55 update: removing music/Eminem - Rap God (Explicit).m4a
2025-10-18T17:56:55 update: removing music/Daft Punk - Lose Yourself to Dance (Official Version).m4a
2025-10-18T17:56:55 update: removing music/Daft Punk - Instant Crush ft. Julian Casablancas.m4a
2025-10-18T17:56:55 update: removing music/3AM - Una Rosa (Letra).mp3
2025-10-18T17:56:55 update: removing music/3AM - Tu me encantas (Video Oficial) _ Rain City ️.mp3
2025-10-18T17:56:55 update: removing music/3AM - LQND (Letra) _ Rain City ️.mp3
2025-10-18T17:56:55 update: removing music/3AM - Endaño (Letra) _ Rain City.mp3
2025-10-18T17:56:55 update: removing music/3AM - Dime (Letra) _ Rain City ️.mp3
2025-10-18T17:56:55 update: removing music/Dinamita - Rafa Arreguín.mp3
2025-10-18T17:56:55 update: removing music/Radiohead - 2-2=5 -Piano Cover-.m4a
2025-10-18T17:56:55 update: removing music/El Canto del Loco - Contigo ft. Natalia Lafourcade.m4a
2025-10-18T17:56:55 update: removing music/Crecer Germán - Quién Te Entiende.m4a
2025-10-18T17:56:55 update: removing music/Rauw Alejandro, Bad Bunny - Qué Pasaría... (Official Lyric Video).m4a
2025-10-18T17:56:55 update: removing music/Grupo Firme - Gerardo Coronel 'El Jerry' - Qué Onda Perdida (Video Oficial).m4a
2025-10-18T17:56:55 update: removing music/J. Balvin, Maria Becerra - Qué Más Pues_ (Official Video)_256k.mp3
2025-10-18T17:56:55 update: removing music/Banda MS- Me vas a a extrañar.mp3
2025-10-18T17:56:55 update: removing music/Justin Bieber - Sorry (Dance Video).m4a
2025-10-18T17:56:55 update: removing music/AUD-20151219-WA0014.m4a
2025-10-18T17:56:55 update: removing music/El Cuarteto de Nos - Punta Cana (Official Video).m4a
2025-10-18T17:56:55 update: removing music/Foster The People - Pumped up Kicks.m4a
2025-10-18T17:56:55 update: removing music/Pulso & Sudor.m4a
2025-10-18T17:56:55 update: removing music/Russ - Psycho (Pt. 2) (Official Video)_256k.mp3
2025-10-18T17:56:55 update: removing music/Manu Chao - Me Gustas Tu.m4a
2025-10-18T17:56:55 update: removing music/Christian Nodal - Probablemente (Letra).m4a
2025-10-18T17:56:55 update: removing music/The Score - Under The Pressure (Audio)_256k.mp3
2025-10-18T17:56:55 update: removing music/The Score - The Fear (Audio)_256k.mp3
2025-10-18T17:56:55 update: removing music/The Score - Stronger (Audio).m4a
2025-10-18T17:56:55 update: removing music/High Hopes_256k.mp3
2025-10-18T17:56:55 update: removing music/The Drums - Days.m4a
2025-10-18T17:56:55 update: removing music/Tiago PZK, Myke Towers - Traductor (Video Oficial).mp3
2025-10-18T17:56:55 update: removing music/Tiago PZK - Borracho (Visualizer Oficial).mp3
2025-10-18T17:56:55 update: removing music/Enamorado tuyo.m4a
2025-10-18T17:56:55 update: removing music/Cuarteto de Nos - Lo malo de ser bueno ( con letra ).m4a
2025-10-18T17:56:55 update: removing music/Por Ti.mp3
2025-10-18T17:56:55 update: removing music/Plan B - Por Que Te Demoras_  [Official Audio].m4a
2025-10-18T17:56:55 update: removing music/Buttercup.m4a
2025-10-18T17:56:55 update: removing music/Julión Álvarez Y Su Norteño Banda - Pongámonos De Acuerdo  (Letra-Lyrics).m4a
2025-10-18T17:56:55 update: removing music/Kodaline - Hell Froze Over (Official Audio)_256k.mp3
2025-10-18T17:56:55 update: removing music/Don Omar - Pobre Diabla (Original Version).m4a
2025-10-18T17:56:55 update: removing music/mxmtoon - please don't (Sub. Español).m4a
2025-10-18T17:56:55 update: removing music/Pilot - Magic (Subtítulos español).m4a
2025-10-18T17:56:55 update: removing music/Rauw Alejandro x Jowell & Randy - PONTE NASTY (Visualizer).m4a
2025-10-18T17:56:55 update: removing music/Rauw Alejandro - DILUVIO (Visualizer).m4a
2025-10-18T17:56:55 update: removing music/Your Love.m4a
2025-10-18T17:56:55 update: removing music/Gorillaz - On Melancholy Hill (Official Video).m4a
2025-10-18T17:56:55 update: removing music/Russ - Goodbye (Official Video)_256k.mp3
2025-10-18T17:56:55 update: removing music/Two Feet - Pink Reprise (Audio).m4a
2025-10-18T17:56:55 update: removing music/Two Feet - Lost The Game (Lyric Video).m4a
2025-10-18T17:56:55 update: removing music/Two Feet - Call Me, I Still Love You (Audio).m4a
2025-10-18T17:56:55 update: removing music/ØRKA - phantom.m4a
2025-10-18T17:56:55 update: removing music/Hazme una Señal (Gimme Little Sign).m4a
2025-10-18T17:56:55 update: removing music/Spag Heddy - Permanent.m4a
2025-10-18T17:56:55 update: removing music/HA-ASH - Perdón, Perdón (Audio).m4a
2025-10-18T17:56:55 update: removing music/Farruko - Pepas (Audio).mp3
2025-10-18T17:56:55 update: removing music/Residente - Pecador (Official Video).m4a
2025-10-18T17:56:55 update: removing music/Payphone.mp3
2025-10-18T17:56:55 update: removing music/Paul Anka - Put Your Head On My Shoulder (1959) HQ Audio.m4a
2025-10-18T17:56:55 update: removing music/'Pase lo que Pase' - Rapper School - Videoclip (Oficial).m4a
2025-10-18T17:56:55 update: removing music/Paulo Londra - Party Ft. A Boogie Wit da Hoodie (official Video).m4a
2025-10-18T17:56:55 update: removing music/Nicki Nicole, Trueno, Bizarrap - Dangerous (Official Video).mp3
2025-10-18T17:56:55 update: removing music/Nicki Nicole, Tiago PZK - Dame (Official Lyric Video).mp3
2025-10-18T17:56:55 update: removing music/Nicki Nicole, Rauw Alejandro - Sabe (Official Video).mp3
2025-10-18T17:56:55 update: removing music/Nicki Nicole, Ptazeta, Snow Tha Product - Tengo To (Official Lyric Video).mp3
2025-10-18T17:56:55 update: removing music/Nicki Nicole - Perdido (Official Lyric Video).mp3
2025-10-18T17:56:55 update: removing music/Nicki Nicole - Baby (Official Video).mp3
2025-10-18T17:56:55 update: removing music/Siddhartha - Paraíso Lunar (Letra-Lyrics).mp3
2025-10-18T17:56:55 update: removing music/Paraíso Lunar_256k.mp3
2025-10-18T17:56:55 update: removing music/Coldplay - Paradise (Official Video).m4a
2025-10-18T17:56:55 update: removing music/Funkytown- Lipps Inc (original).m4a
2025-10-18T17:56:55 update: removing music/Yellow.m4a
2025-10-18T17:56:55 update: removing music/We Never Change.m4a
2025-10-18T17:56:55 update: removing music/RVFV, DUKI - PANTERA (Video Oficial).mp3
2025-10-18T17:56:55 update: removing music/Caravan Palace - Rock It For Me.m4a
2025-10-18T17:56:55 update: removing music/Trueno, Duki - PANAMÁ (Video Oficial).mp3
2025-10-18T17:56:55 update: removing music/los pericos - RUNAWAY (- cuidame bien -).m4a
2025-10-18T17:56:55 update: removing music/Pablos Hippos.m4a
2025-10-18T17:56:55 update: removing music/Audioslave - Your Time Has Come.m4a
2025-10-18T17:56:55 update: removing music/Interpol - Rest My Chemistry.m4a
2025-10-18T17:56:55 update: removing music/Interpol - No I In Threesome.m4a
2025-10-18T17:56:55 update: removing music/TWO DOOR CINEMA CLUB  _ WHAT YOU KNOW.m4a
2025-10-18T17:56:55 update: removing music/Intoxicados - 03 Nunca Quise (Otro día en el planeta Tierra).m4a
2025-10-18T17:56:55 update: removing music/Río Roma - Mi Persona Favorita (Lyric Video).m4a
2025-10-18T17:56:55 update: removing music/WOS ft Ricardo Mollo - CULPA (Video Oficial).mp3
2025-10-18T17:56:55 update: removing music/WOS ft Nicki Nicole - CAMBIANDO LA PIEL (Concept Video).mp3
2025-10-18T17:56:55 update: removing music/WOS ft CA7RIEL - NIÑO GORDO FLACO (Concept Video).mp3
2025-10-18T17:56:55 update: removing music/WOS - MUGRE (Video Oficial).mp3
2025-10-18T17:56:55 update: removing music/WOS - GATO NEGRO (Concept Video).mp3
2025-10-18T17:56:55 update: removing music/Oscar Maydon x Fuerza Regida - Tu Boda.m4a
2025-10-18T17:56:55 update: removing music/Real Life.m4a
2025-10-18T17:56:55 update: removing music/Burn Out.m4a
2025-10-18T17:56:55 update: removing music/Birds.m4a
2025-10-18T17:56:55 update: removing music/West Coast.m4a
2025-10-18T17:56:55 update: removing music/Stuck.m4a
2025-10-18T17:56:55 update: removing music/Only.m4a
2025-10-18T17:56:55 update: removing music/Love.m4a
2025-10-18T17:56:55 update: removing music/Imagine Dragons - Machine (Audio).m4a
2025-10-18T17:56:55 update: removing music/Digital.m4a
2025-10-18T17:56:55 update: removing music/Cool Out.m4a
2025-10-18T17:56:55 update: removing music/Bullet In A Gun.m4a
2025-10-18T17:56:55 update: removing music/Boomerang.m4a
2025-10-18T17:56:55 update: removing music/Bad Liar.m4a
2025-10-18T17:56:55 update: removing music/Apache ft Lil Supa' - Aquí Estamos.m4a
2025-10-18T17:56:55 update: removing music/Plug In Baby.m4a
2025-10-18T17:56:55 update: removing music/New Born.m4a
2025-10-18T17:56:55 update: removing music/MESITA - ORANGUTAN.m4a
2025-10-18T17:56:55 update: removing music/MGMT - Time To Pretend.m4a
2025-10-18T17:56:55 update: removing music/Kids.m4a
2025-10-18T17:56:55 update: removing music/Electric Feel.m4a
2025-10-18T17:56:55 update: removing music/Isaac Dunbar - onion boy_256k.mp3
2025-10-18T17:56:55 update: removing music/Boys Like Girls - The Great Escape (Lyrics).m4a
2025-10-18T17:56:55 update: removing music/Once Monsters - On Fire (Official Lyric Video)_256k.mp3
2025-10-18T17:56:55 update: removing music/AaRON - Onassis.m4a
2025-10-18T17:56:55 update: removing music/Russ - ON 10 (Official Audio) ft. Rexx Life Raj.m4a
2025-10-18T17:56:55 update: removing music/Vicio (letra) - Camilo Séptimo.m4a
2025-10-18T17:56:55 update: removing music/No Te Puedo Olvidar (letra) - Camilo Séptimo.m4a
2025-10-18T17:56:55 update: removing music/Miénteme (letra) - Camilo Séptimo.m4a
2025-10-18T17:56:55 update: removing music/Eres (letra) - Camilo Séptimo.m4a
2025-10-18T17:56:55 update: removing music/Eres (letra) -  Camilo Séptimo.m4a
2025-10-18T17:56:55 update: removing music/Russ - OLD DAYS (Official Audio).m4a
2025-10-18T17:56:55 update: removing music/Radiohead - I Promise.m4a
2025-10-18T17:56:55 update: removing music/Radiohead - The Tourist.m4a
2025-10-18T17:56:55 update: removing music/Santa Fe Klan, Dharius, Gera MX, Neto Peña, TiroLoko - Ojos Tumbados (Video Ofic.mp3
2025-10-18T17:56:55 update: removing music/Avionica, Andrea Echeverri - Ojos de Miel (Video Oficial).m4a
2025-10-18T17:56:55 update: removing music/Ojos Verdes.m4a
2025-10-18T17:56:55 update: removing music/Maria Becerra - OJALA (Official Video).mp3
2025-10-18T17:56:55 update: removing music/Beret - Ojalá (LETRA).m4a
2025-10-18T17:56:55 update: removing music/Ok Go- Get Over It Lyric Video.m4a
2025-10-18T17:56:55 update: removing music/OneRepublic- Let's Hurt Tonight.m4a
2025-10-18T17:56:55 update: removing music/OneRepublic - Let’s Hurt Tonight (Official Video).m4a
2025-10-18T17:56:55 update: removing music/Síguelo Bailando.m4a
2025-10-18T17:56:55 update: removing music/Se Preparo.m4a
2025-10-18T17:56:55 update: removing music/Billie Eilish - Ocean Eyes (Dance Performance Video).m4a
2025-10-18T17:56:55 update: removing music/MESITA - OBAMA.m4a
2025-10-18T17:56:55 update: removing music/J Balvin, Bad Bunny - UN PESO ft. Marciano Cantero (Audio).mp3
2025-10-18T17:56:55 update: removing music/Natalia Lafourcade - Nunca Es Suficiente.m4a
2025-10-18T17:56:55 update: removing music/Nunatak Feat Carlos Sadness - Disonancia perfecta (Acústico).m4a
2025-10-18T17:56:55 update: removing music/Oscu x Nobeat - Numero 1 (Video Oficial).mp3
2025-10-18T17:56:55 update: removing music/Mr. Brightside.m4a
2025-10-18T17:56:55 update: removing music/Radiohead - Creep -Subtitulado Español-.m4a
2025-10-18T17:56:55 update: removing music/Sia - Cheap Thrills (Audio).m4a
2025-10-18T17:56:55 update: removing music/The Unlikely Candidates - Novocaine (Audio).m4a
2025-10-18T17:56:55 update: removing music/All About That Bass.m4a
2025-10-18T17:56:55 update: removing music/Tash Sultana - Notion (Official Audio).m4a
2025-10-18T17:56:55 update: removing music/nothing like us - jungkook; español..m4a
2025-10-18T17:56:55 update: removing music/flora cash - You're Somebody Else (Lyric Video).m4a
2025-10-18T17:56:55 update: removing music/Nothing In My Way.m4a
2025-10-18T17:56:55 update: removing music/Frank Sinatra - Strangers In The Night (Subtitulada Inglés-Español).m4a
2025-10-18T17:56:55 update: removing music/That's Life (Remastered 2008).m4a
2025-10-18T17:56:55 update: removing music/Eladio Carrión, Nicki Nicole - Nota ( Audio Oficial).mp3
2025-10-18T17:56:55 update: removing music/Little Jesus - Azul ( Video con Letra ).m4a
2025-10-18T17:56:55 update: removing music/The Four Owls - Coming Home.m4a
2025-10-18T17:56:55 update: removing music/nobody likes the opening band -- I DON'T KNOW HOW BUT THEY FOUND ME (lyrics).m4a
2025-10-18T17:56:55 update: removing music/Nicki Nicole - Nobody Like Yo (Official Video).mp3
2025-10-18T17:56:55 update: removing music/No te Apures (Remix) Caliajah Ft. Nanpa Básico.m4a
2025-10-18T17:56:55 update: removing music/MESITA - NO SOY YO.m4a
2025-10-18T17:56:55 update: removing music/Pepe Aguilar - Miedo De Sentirme Solo.m4a
2025-10-18T17:56:55 update: removing music/NO ME PIDAS PERDON BANDA MS ''LETRA''.m4a
2025-10-18T17:56:55 update: removing music/Hablame De Ti.m4a
2025-10-18T17:56:55 update: removing music/A Lo Mejor - Banda Sinaloense MS de Sergio Lizárraga (A Lo Mejor - Single).m4a
2025-10-18T17:56:55 update: removing music/Sean Paul - No Lie ft. Dua Lipa.mp3
2025-10-18T17:56:55 update: removing music/3AM - BENIHANA (Video Oficial) (Session).mp3
2025-10-18T17:56:55 update: removing music/Nanpa Básico - No Es Mía (Video Oficial).mp3
2025-10-18T17:56:55 update: removing music/NO COPIO - CRUDO-THE COLOMBIANS-U&D - ESMERALDAS.m4a
2025-10-18T17:56:55 update: removing music/Meghan Trainor - NO.m4a
2025-10-18T17:56:55 update: removing music/Nirvana - Come As You Are.m4a
2025-10-18T17:56:55 update: removing music/Charlie Puth - We Don't Talk Anymore (feat. Selena Gomez) -Official Video-.m4a
2025-10-18T17:56:55 update: removing music/Charlie Puth - One Call Away -Official Video-.m4a
2025-10-18T17:56:55 update: removing music/Charlie Puth - Marvin Gaye ft. Meghan Trainor -Official Video-.m4a
2025-10-18T17:56:55 update: removing music/Charlie Puth - Dangerously -Official Video-.m4a
2025-10-18T17:56:55 update: removing music/Halsey - Nightmare.m4a
2025-10-18T17:56:55 update: removing music/Avenged Sevenfold - So Far Away -Official Music Video-.m4a
2025-10-18T17:56:55 update: removing music/Imagine Dragons - Bubble (Lyric Video).mp3
2025-10-18T17:56:55 update: removing music/Imagine Dragons - Fallen.m4a
2025-10-18T17:56:55 update: removing music/Underdog.m4a
2025-10-18T17:56:55 update: removing music/Tiptoe.m4a
2025-10-18T17:56:55 update: removing music/Selene.m4a
2025-10-18T17:56:55 update: removing music/Round And Round.m4a
2025-10-18T17:56:55 update: removing music/Nothing Left To Say - Rocks.m4a
2025-10-18T17:56:55 update: removing music/Imagine Dragons - Working Man (Audio).m4a
2025-10-18T17:56:55 update: removing music/I Don't Mind.m4a
2025-10-18T17:56:55 update: removing music/Hear Me __  Imagine Dragons -Traducida al Español-.m4a
2025-10-18T17:56:55 update: removing music/Every Night.m4a
2025-10-18T17:56:55 update: removing music/Cover Up.m4a
2025-10-18T17:56:55 update: removing music/Cha-Ching (Till We Grow Older).m4a
2025-10-18T17:56:55 update: removing music/Bleeding Out.m4a
2025-10-18T17:56:55 update: removing music/Amsterdam.m4a
2025-10-18T17:56:55 update: removing music/Giant Rooks - New Estate.m4a
2025-10-18T17:56:55 update: removing music/New Divide (Official Video) - Linkin Park.m4a
2025-10-18T17:56:55 update: removing music/Toploader - Dancing in the Moonlight.m4a
2025-10-18T17:56:55 update: removing music/The Score - Never Going Back (Official Audio)_256k.mp3
2025-10-18T17:56:55 update: removing music/Elliott Smith - Needle In The Hay (Lyrics).m4a
2025-10-18T17:56:55 update: removing music/Lady Antebellum - Need You Now.m4a
2025-10-18T17:56:55 update: removing music/Luz De Dia.m4a
2025-10-18T17:56:55 update: removing music/Joji & Diplo - Daylight (Official Music Video).mp3
2025-10-18T17:56:55 update: removing music/Joji & BENEE - Afterthought (Official Audio).mp3
2025-10-18T17:56:55 update: removing music/Joji - Upgrade (Official Video).mp3
2025-10-18T17:56:55 update: removing music/Joji - Tick Tock (Official Video).mp3
2025-10-18T17:56:55 update: removing music/Joji - Normal People (ft. rei brown) (Official Audio).mp3
2025-10-18T17:56:55 update: removing music/Joji - NITROUS (Official Audio).mp3
2025-10-18T17:56:55 update: removing music/Joji - Mr. Hollywood (Official Audio).mp3
2025-10-18T17:56:55 update: removing music/Joji - Like You Do (Official Audio).mp3
2025-10-18T17:56:55 update: removing music/Joji - High Hopes (ft. Omar Apollo) (Official Audio).mp3
2025-10-18T17:56:55 update: removing music/Joji - Ew (Official Audio).mp3
2025-10-18T17:56:55 update: removing music/Paralelo (Letra) - Camilo Séptimo.m4a
2025-10-18T17:56:55 update: removing music/SIddhartha - Náufrago (Audio Oficial).m4a
2025-10-18T17:56:55 update: removing music/Siddhartha - Extraños (Audio Oficial).m4a
2025-10-18T17:56:55 update: removing music/Siddhartha - El poema y la caja (Audio Oficial).m4a
2025-10-18T17:56:55 update: removing music/Siddhartha - Domingo (Video Oficial) HD.mp3
2025-10-18T17:56:55 update: removing music/Nunca es Nunca.mp3
2025-10-18T17:56:55 update: removing music/The Man Who - Natural Villain (Official Audio).mp3
2025-10-18T17:56:55 update: removing music/The Four Owls - Assassination Feat. Dirty Dike (OFFICIAL VIDEO).m4a
2025-10-18T17:56:55 update: removing music/Natural.m4a
2025-10-18T17:56:55 update: removing music/OneRepublic - Counting Stars.m4a
2025-10-18T17:56:55 update: removing music/Natalia Lafourcade & Leon Larregui - Imposible.m4a
2025-10-18T17:56:55 update: removing music/RVFV - Yo Aprendí (Video Oficial).mp3
2025-10-18T17:56:55 update: removing music/RVFV - Mi Luz ft. Rels B.mp3
2025-10-18T17:56:55 update: removing music/Water Fountain.m4a
2025-10-18T17:56:55 update: removing music/Nanpa Básico - Cuando Vienes.m4a
2025-10-18T17:56:55 update: removing music/James Arthur - Naked.m4a
2025-10-18T17:56:55 update: removing music/BAD BUNNY ft. FEID - PERRO NEGRO (Visualizer) _ nadie sabe lo que va a pasar.m4a
2025-10-18T17:56:55 update: removing music/Sufjan Stevens - Mystery of Love (From 'Call Me By Your Name' Soundtrack).m4a
2025-10-18T17:56:55 update: removing music/Myke Towers & Benny Blanco - Degenere.m4a
2025-10-18T17:56:55 update: removing music/Different Heaven & EH!DE - My Heart.m4a
2025-10-18T17:56:55 update: removing music/TRUENO X C.TERRIBLE X SHAOLIN MONKEY - MY DOG IS - Produce OSKARKLAP (SOCIO EJEC.m4a
2025-10-18T17:56:55 update: removing music/Russ - My Baby (Ruby Rose).m4a
2025-10-18T17:56:55 update: removing music/Mutemath - Typical (Video).m4a
2025-10-18T17:56:55 update: removing music/Canserbero - Mundo De Piedra (Video Oficial).m4a
2025-10-18T17:56:55 update: removing music/Canserbero - Maquiavélico (VIDEO OFICIAL).m4a
2025-10-18T17:56:55 update: removing music/Canserbero - Jeremías 17-5 (VIDEO OFICIAL).m4a
2025-10-18T17:56:55 update: removing music/Canserbero - Es épico (Video subtitulado -- Letra en pantalla).m4a
2025-10-18T17:56:55 update: removing music/Canserbero - C'est la Mort (VIDEO OFICIAL).m4a
2025-10-18T17:56:55 update: removing music/Canserbero - Aceptas_.m4a
2025-10-18T17:56:55 update: removing music/Canserbero - 09. Llovía (Muerte).m4a
2025-10-18T17:56:55 update: removing music/Canserbero - 08. Un día en el barrio (Muerte).m4a
2025-10-18T17:56:55 update: removing music/Canserbero - 03 Ser vero (Muerte).m4a
2025-10-18T17:56:55 update: removing music/Culpables - MTZ Manuel Turizo (Video con Letra).m4a
2025-10-18T17:56:55 update: removing music/Luna.mp3
2025-10-18T17:56:55 update: removing music/KAKTOV - MORMON (Videolyric Oficial).mp3
2025-10-18T17:56:55 update: removing music/Taylor Swift - The Last Time (Traducida al español).m4a
2025-10-18T17:56:55 update: removing music/Simplex - Let Go -Dubstep-.m4a
2025-10-18T17:56:55 update: removing music/Por Fumar - Fyahbwoy A.k.a El Chico De Fuego.m4a
2025-10-18T17:56:55 update: removing music/Morodo - Mas yama.m4a
2025-10-18T17:56:55 update: removing music/Guns N' Roses - Sweet Child O' Mine.m4a
2025-10-18T17:56:55 update: removing music/EMINEM   Never Enough feat 50 Cent & Nate Dogg.m4a
2025-10-18T17:56:55 update: removing music/Bob Marley - Is this Love -HQ-.m4a
2025-10-18T17:56:55 update: removing music/Billie Eilish - Watch (Acoustic) _ Up Next.m4a
2025-10-18T17:56:55 update: removing music/SAINT MOTEL - 'Move' (Official Video).m4a
2025-10-18T17:56:55 update: removing music/ROSALÍA, Chencho Corleone - CANDY (Remix - Official Audio).mp3
2025-10-18T17:56:55 update: removing music/Stairway To Heaven.m4a
2025-10-18T17:56:55 update: removing music/BorderLine - No era un Niño Normal (Morir Joven).m4a
2025-10-18T17:56:55 update: removing music/Contigo.m4a
2025-10-18T17:56:55 update: removing music/Cami - Funeral ft. WOS.mp3
2025-10-18T17:56:55 update: removing music/All Time Low- Monsters (feat. Demi Lovato and blackbear) (LYRIC VIDEO).mp3
2025-10-18T17:56:55 update: removing music/Monster.m4a
2025-10-18T17:56:55 update: removing music/Mon Laferte - Amor Completo.m4a
2025-10-18T17:56:55 update: removing music/Mon Laferte - Tu Falta De Querer.m4a
2025-10-18T17:56:55 update: removing music/ZAYDE WOLF - RULE THE WORLD (Official Audio)_256k.mp3
2025-10-18T17:56:55 update: removing music/LP - Lost On You -Official Video-.m4a
2025-10-18T17:56:55 update: removing music/Miranda!, Maria Becerra, FMK - Perfecta (Versión 2023) (Official Video).m4a
2025-10-18T17:56:55 update: removing music/Miranda! - Perfecta (Video Oficial).m4a
2025-10-18T17:56:55 update: removing music/Bleed It Out (Official Video) - Linkin Park.m4a
2025-10-18T17:56:55 update: removing music/Electro Swing - Pisk - Minnie The Moocher (ft Cab Calloway) Cotton Club Cover -A.m4a
2025-10-18T17:56:55 update: removing music/Milky Chance - The Game (Official Video).m4a
2025-10-18T17:56:55 update: removing music/Milky Chance - Rush feat. Témé Tan (Official Video).m4a
2025-10-18T17:56:55 update: removing music/MILO J - SINCERA TE (Video Oficial).m4a
2025-10-18T17:56:55 update: removing music/Lobo Hombre En Paris.m4a
2025-10-18T17:56:55 update: removing music/Carla Morrison - Compartir -VIDEO OFICIAL-.m4a
2025-10-18T17:56:55 update: removing music/BLANKO X YUBEILI - Mientes Tan Bien Remix (Official Music Video).m4a
2025-10-18T17:56:55 update: removing music/TINI, Maria Becerra - Miénteme (Official Video)_256k.mp3
2025-10-18T17:56:55 update: removing music/M83 'Midnight City' Official video.m4a
2025-10-18T17:56:55 update: removing music/The Neighbourhood - Middle of Somewhere.m4a
2025-10-18T17:56:55 update: removing music/Bohnes - Middle Finger_256k.mp3
2025-10-18T17:56:55 update: removing music/Michl - Gone _ Sub Español.m4a
2025-10-18T17:56:55 update: removing music/Kill Our Way to Heaven.m4a
2025-10-18T17:56:55 update: removing music/Banda MS- Mi razón de ser.mp3
2025-10-18T17:56:55 update: removing music/Remmy Valenzuela -- Mi Princesa..mp3
2025-10-18T17:56:55 update: removing music/Rue Vieille Du Temple - León Larregui ft. Mon Laferte (Subtítulos).m4a
2025-10-18T17:56:55 update: removing music/Method Man, 2Pac, Ice Cube, Eazy E - Built For This feat Freddie Gibbs (NEW 2019.m4a
2025-10-18T17:56:55 update: removing music/Somewhere I Belong (Official Video) - Linkin Park.m4a
2025-10-18T17:56:55 update: removing music/Linkin Park - Numb (Official Video).m4a
2025-10-18T17:56:55 update: removing music/From The Inside (Official Video) - Linkin Park.m4a
2025-10-18T17:56:55 update: removing music/Faint (Official Video) - Linkin Park.m4a
2025-10-18T17:56:55 update: removing music/Imagine Dragons - Younger (Official Lyric Video).mp3
2025-10-18T17:56:55 update: removing music/Imagine Dragons - Waves (Official Lyric Video).mp3
2025-10-18T17:56:55 update: removing music/Imagine Dragons - Tied (Official Lyric Video).mp3
2025-10-18T17:56:55 update: removing music/Imagine Dragons - They Don't Know You Like I Do (Official Lyric Video).mp3
2025-10-18T17:56:55 update: removing music/Imagine Dragons - Take It Easy (Official Lyric Video).mp3
2025-10-18T17:56:55 update: removing music/Imagine Dragons - Symphony (Official Lyric Video).mp3
2025-10-18T17:56:55 update: removing music/Imagine Dragons - Sirens (Official Lyric Video).mp3
2025-10-18T17:56:55 update: removing music/Imagine Dragons - Peace of Mind (Official Lyric Video).mp3
2025-10-18T17:56:55 update: removing music/Imagine Dragons - I'm Happy (Official Lyric Video).mp3
2025-10-18T17:56:55 update: removing music/Imagine Dragons - I Wish (Official Lyric Video).mp3
2025-10-18T17:56:55 update: removing music/Imagine Dragons - I Don't Like Myself (Official Lyric Video).mp3
2025-10-18T17:56:55 update: removing music/Imagine Dragons - Higher Ground (Official Lyric Video).mp3
2025-10-18T17:56:55 update: removing music/Imagine Dragons - Ferris Wheel (Official Lyric Video).mp3
2025-10-18T17:56:55 update: removing music/Imagine Dragons - Crushed (Official Lyric Video).mp3
2025-10-18T17:56:55 update: removing music/Imagine Dragons - Continual (Official Lyric Video) ft. Cory Henry.mp3
2025-10-18T17:56:55 update: removing music/Imagine Dragons - Blur (Official Lyric Video).mp3
2025-10-18T17:56:55 update: removing music/One Day_256k.mp3
2025-10-18T17:56:55 update: removing music/No Time For Toxic People_256k.mp3
2025-10-18T17:56:55 update: removing music/My Life_256k.mp3
2025-10-18T17:56:55 update: removing music/Lonely_256k.mp3
2025-10-18T17:56:55 update: removing music/It's Ok_256k.mp3
2025-10-18T17:56:55 update: removing music/Imagine Dragons - Monday (Official Lyric Video)_256k.mp3
2025-10-18T17:56:55 update: removing music/Imagine Dragons - Easy Come Easy Go (Official Lyric Video)_256k.mp3
2025-10-18T17:56:55 update: removing music/Giants_256k.mp3
2025-10-18T17:56:55 update: removing music/Dull Knives_256k.mp3
2025-10-18T17:56:55 update: removing music/@1_256k.mp3
2025-10-18T17:56:55 update: removing music/Maroon 5 - Memories (Audio).m4a
2025-10-18T17:56:55 update: removing music/Vida (Cap. 9).m4a
2025-10-18T17:56:55 update: removing music/Siddhartha - Película (Letra) Cap. 3.m4a
2025-10-18T17:56:55 update: removing music/Siddhartha - Me Hace Falta (Cap. 2 [Audio]).m4a
2025-10-18T17:56:55 update: removing music/Siddhartha - Cada Vez Que Vuelvas (Cap. 4 [Audio]).m4a
2025-10-18T17:56:55 update: removing music/Siddhartha - Buscándote (Letra) Cap. 7.m4a
2025-10-18T17:56:55 update: removing music/Siddhartha - Aves del Tiempo (Cap. 5 [Audio]).m4a
2025-10-18T17:56:55 update: removing music/Siddhartha - Algún día.m4a
2025-10-18T17:56:55 update: removing music/Respiro (Cap. 8).m4a
2025-10-18T17:56:55 update: removing music/Memoria Futuro (Cap. 10).m4a
2025-10-18T17:56:55 update: removing music/La Ciudad (Cap. 6).m4a
2025-10-18T17:56:55 update: removing music/Telescope.m4a
2025-10-18T17:56:55 update: removing music/Spiderhead.m4a
2025-10-18T17:56:55 update: removing music/It's Just Forever.m4a
2025-10-18T17:56:55 update: removing music/Cigarette Daydreams.m4a
2025-10-18T17:56:55 update: removing music/WOS - MELON VINO (Video Oficial)_256k.mp3
2025-10-18T17:56:55 update: removing music/BANDA MS - MEJOR ME ALEJO (LETRA).m4a
2025-10-18T17:56:55 update: removing music/Don Omar _ ️Hasta Abajo ️.m4a
2025-10-18T17:56:55 update: removing music/bbno$ - meant to be (Lyrics).m4a
2025-10-18T17:56:55 update: removing music/Soda Stereo - De Música Ligera.m4a
2025-10-18T17:56:55 update: removing music/Soda Stereo - Cuando pase el temblor.m4a
2025-10-18T17:56:55 update: removing music/Me Pones en Tension.m4a
2025-10-18T17:56:55 update: removing music/Reik - Me Niego ft. Ozuna, Wisin.mp3
2025-10-18T17:56:55 update: removing music/Me Llamas (feat. Maluma) (Remix).m4a
2025-10-18T17:56:55 update: removing music/Ingratax - Paris (Official Video).mp3
2025-10-18T17:56:55 update: removing music/Me Before You - X Ambassadors 'Unsteady' (Erich Lee Gravity Remix).m4a
2025-10-18T17:56:55 update: removing music/Imagine Dragons - Not Today (Audio).m4a
2025-10-18T17:56:55 update: removing music/Rixton - Me and My Broken Heart.m4a
2025-10-18T17:56:55 update: removing music/No Confíes En Mí.m4a
2025-10-18T17:56:55 update: removing music/Noche De Entierro.m4a
2025-10-18T17:56:55 update: removing music/Eso Y Mas_HD.m4a
2025-10-18T17:56:55 update: removing music/Maná - Mariposa Traicionera (Video Oficial).m4a
2025-10-18T17:56:55 update: removing music/Maria Becerra x TINI x Lola Indigo - High Remix (Official Video).m4a
2025-10-18T17:56:55 update: removing music/Maria Becerra - High (Video Oficial).m4a
2025-10-18T17:56:55 update: removing music/Siddhartha, Ana Torroja - Mapa (Letra-Lyrics)_256k.mp3
2025-10-18T17:56:55 update: removing music/Halsey, Alanis Morissette - Alanis' Interlude (Visualizer).m4a
2025-10-18T17:56:55 update: removing music/Halsey - Finally -- beautiful stranger (Lyric Video).m4a
2025-10-18T17:56:55 update: removing music/clementine.m4a
2025-10-18T17:56:55 update: removing music/Cazzu - Maldade$ (Audio Oficial).m4a
2025-10-18T17:56:55 update: removing music/Nanpa Básico & Blessd - Mal Mal Mal (Video Oficial)_256k.mp3
2025-10-18T17:56:55 update: removing music/Muse - Madness.m4a
2025-10-18T17:56:55 update: removing music/Somewhere Only We Know.m4a
2025-10-18T17:56:55 update: removing music/No Te Va Gustar, Nicki Nicole - Venganza (Video oficial).mp3
2025-10-18T17:56:55 update: removing music/Lupe Fiasco - Daydreamin' feat. Jill Scott -Mr. Robot-.m4a
2025-10-18T17:56:55 update: removing music/Come With Me Now - Kongos (High Audio Quality).m4a
2025-10-18T17:56:55 update: removing music/Queens Of The Stone Age - Little Sister.m4a
2025-10-18T17:56:55 update: removing music/Queens Of The Stone Age - In My Head.m4a
2025-10-18T17:56:55 update: removing music/Paulo Londra - Luces (Official Video).mp3
2025-10-18T17:56:55 update: removing music/That Poppy - Lowlife (Official Audio)_256k.mp3
2025-10-18T17:56:55 update: removing music/Billie Eilish - lovely (with Khalid) Audio.m4a
2025-10-18T17:56:55 update: removing music/Selena Gomez & The Scene - Love You Like A Love Song (Audio).m4a
2025-10-18T17:56:55 update: removing music/RASPUTIN - Vladimir Putin - Love The Way You Move (Funk Overload) @slocband.m4a
2025-10-18T17:56:55 update: removing music/Maty Noyes - New Friends (Audio).mp3
2025-10-18T17:56:55 update: removing music/Two Feet - Love Is A Bitch _ Sub Español.m4a
2025-10-18T17:56:55 update: removing music/Still Loving You.m4a
2025-10-18T17:56:55 update: removing music/Plan B - Candy [Official Audio].m4a
2025-10-18T17:56:55 update: removing music/Lana Del Rey - Love.m4a
2025-10-18T17:56:55 update: removing music/The Mind & the Matter.m4a
2025-10-18T17:56:55 update: removing music/Lost Cause - Imagine Dragons (Audio).m4a
2025-10-18T17:56:55 update: removing music/Russ - Losin Control (Official Video).m4a
2025-10-18T17:56:55 update: removing music/Losemyhead_256k.mp3
2025-10-18T17:56:55 update: removing music/Loco (Tu Forma De Ser) (Remasterized 2001).m4a
2025-10-18T17:56:55 update: removing music/Arcángel, Miky Woodz, Jay Wheeler - Si Te Veo (Video Oficial).mp3
2025-10-18T17:56:55 update: removing music/Los Del Espacio - LIT killah, Duki, Emilia, Tiago PZK, FMK, Rusherking, Maria Be.mp3
2025-10-18T17:56:55 update: removing music/Aldo (los aldeanos)  a veces.m4a
2025-10-18T17:56:55 update: removing music/Reik, Rauw Alejandro - Loquita (Video Oficial).mp3
2025-10-18T17:56:55 update: removing music/Imagine Dragons - Wake Up (Official Lyric Video).m4a
2025-10-18T17:56:55 update: removing music/Imagine Dragons - Take Me To The Beach (Official Lyric Video).m4a
2025-10-18T17:56:55 update: removing music/Imagine Dragons - In Your Corner (Official Lyric Video).m4a
2025-10-18T17:56:55 update: removing music/Gods Don´t Pray - Imagine Dragons (Subtitulada al Español).m4a
2025-10-18T17:56:55 update: removing music/Taylor Swift - Look What You Made Me Do (Lyric Video).m4a
2025-10-18T17:56:55 update: removing music/Imagine Dragons - Look How Far We've Come (Audio).m4a
2025-10-18T17:56:55 update: removing music/Tom Odell - Can't Pretend (Audio).m4a
2025-10-18T17:56:55 update: removing music/Tame Impala - Feels Like We Only Go Backwards.m4a
2025-10-18T17:56:55 update: removing music/MISSIO - Twisted (Audio).mp3
2025-10-18T17:56:55 update: removing music/Justin Bieber & benny blanco - Lonely (Official Music Video).mp3
2025-10-18T17:56:55 update: removing music/Caravan Palace - Lone Digger (album version).m4a
2025-10-18T17:56:55 update: removing music/Stand Up.mp3
2025-10-18T17:56:55 update: removing music/Khea Ft. Duki  Cazzu - Loca (Audio).mp3
2025-10-18T17:56:55 update: removing music/rosas ; la oreja de van gogh -- letra.m4a
2025-10-18T17:56:55 update: removing music/Banda Carnaval- Lo Que Pienso de Ti.m4a
2025-10-18T17:56:55 update: removing music/Mientes tan bien.mp3
2025-10-18T17:56:55 update: removing music/Sin Bandera - Que Lloro (Video).m4a
2025-10-18T17:56:55 update: removing music/Julieta Venegas - Me Voy.m4a
2025-10-18T17:56:55 update: removing music/FREESTYLE (Live Set).mp3
2025-10-18T17:56:55 update: removing music/Radiohead - All I Need -Sub Español- HD.m4a
2025-10-18T17:56:55 update: removing music/Bob Marley- No woman no cry.mp3
2025-10-18T17:56:55 update: removing music/AC-DC - Highway to Hell.m4a
2025-10-18T17:56:55 update: removing music/Louis The Child, Quinn XCII, Chelsea Cutler - Little Things (Lyric Video).m4a
2025-10-18T17:56:55 update: removing music/TSLAMP.mp3
2025-10-18T17:56:55 update: removing music/Oasis - Little By Little.m4a
2025-10-18T17:56:55 update: removing music/LIT killah, Tiago PZK, Big One - LuXxX (Official Video).mp3
2025-10-18T17:56:55 update: removing music/Between The Cheats.m4a
2025-10-18T17:56:55 update: removing music/I_Can_t_Stop.mp3
2025-10-18T17:56:55 update: removing music/Julieta Venegas - Limon Y Sal (Video).m4a
2025-10-18T17:56:55 update: removing music/[Electro Swing] LITTLE VIOLET - LIMITS - OFFICIAL AUDIO.m4a
2025-10-18T17:56:55 update: removing music/Lil Supa' - Mención Honorífica rmx (Prod. Ríal Guawankó).m4a
2025-10-18T17:56:55 update: removing music/Lil Supa - Untitled ( Prod. By Backbeat ) - TCE Mic Check -.m4a
2025-10-18T17:56:55 update: removing music/Audioslave - Like a Stone (Official Video).m4a
2025-10-18T17:56:55 update: removing music/Rack 'Em Up.m4a
2025-10-18T17:56:55 update: removing music/Darker Side.m4a
2025-10-18T17:56:55 update: removing music/Imagine Dragons - Levitate (Audio).m4a
2025-10-18T17:56:55 update: removing music/Letting In.m4a
2025-10-18T17:56:55 update: removing music/-Electro Swing- Jazzotron - Let's Go - Jamie Berry Remix - feat. Sofija Knezevic.m4a
2025-10-18T17:56:55 update: removing music/The Kooks - All The Time.m4a
2025-10-18T17:56:55 update: removing music/Des Rocs - Let Me Live - Let Me Die (Audio).m4a
2025-10-18T17:56:55 update: removing music/Avril Lavigne - Let Me Go ft. Chad Kroeger.m4a
2025-10-18T17:56:55 update: removing music/Passenger _ Let Her Go (Official Video).m4a
2025-10-18T17:56:55 update: removing music/AaRON - LYF.m4a
2025-10-18T17:56:55 update: removing music/Bob Marley - Could you be loved - Lyrics.m4a
2025-10-18T17:56:55 update: removing music/Legendary' (Official Audio) - Welshly Arms_256k.mp3
2025-10-18T17:56:55 update: removing music/Daddy Yankee x Bad Bunny - X Última Vez (Official Video).mp3
2025-10-18T17:56:55 update: removing music/FKJ - Leave My Home (Official Audio).m4a
2025-10-18T17:56:55 update: removing music/Leave Me_256k.mp3
2025-10-18T17:56:55 update: removing music/Lavender.m4a
2025-10-18T17:56:55 update: removing music/Sebastián Yatra - Traicionera (Official Video).m4a
2025-10-18T17:56:55 update: removing music/Lil Supa' - Fe de Errata (Vídeo Oficial).m4a
2025-10-18T17:56:55 update: removing music/Julieta Venegas - Eres para Mí.m4a
2025-10-18T17:56:55 update: removing music/Porter - Bandera (Lyric Video).m4a
2025-10-18T17:56:55 update: removing music/Perfume De Gardenias.m4a
2025-10-18T17:56:55 update: removing music/Snowmine - Let Me In  - [Official] [HD]_256k.mp3
2025-10-18T17:56:55 update: removing music/Xavi - La Víctima (Official Video).m4a
2025-10-18T17:56:55 update: removing music/Si Estas Pensando Mal de Mi - Los Bunkers.m4a
2025-10-18T17:56:55 update: removing music/Bailando Solo - Los Bunkers.m4a
2025-10-18T17:56:55 update: removing music/Rels B - LA ÚLTIMA CANCIÓN (Lyric Video).m4a
2025-10-18T17:56:55 update: removing music/Mon Laferte- FLACO (Letra).m4a
2025-10-18T17:56:55 update: removing music/Mon Laferte - Que Sí (Audio).m4a
2025-10-18T17:56:55 update: removing music/Mon Laferte - Mi Buen Amor (Audio) ft. Enrique Bunbury.m4a
2025-10-18T17:56:55 update: removing music/LIT killah - La Trampa es Ley (Official Video).mp3
2025-10-18T17:56:55 update: removing music/Kurt - La Mujer Perfecta (Lyric Video).m4a
2025-10-18T17:56:55 update: removing music/BANDA MS - EL COLOR DE TUS OJOS (VIDEO OFICIAL).mp3
2025-10-18T17:56:55 update: removing music/Santana - La Flaca ft. Juanes.m4a
2025-10-18T17:56:55 update: removing music/Xavi - La Diabla (Official Video).m4a
2025-10-18T17:56:55 update: removing music/La Combi Completa - Daddy Yankee Letra.m4a
2025-10-18T17:56:55 update: removing music/La Célula Que Explota.m4a
2025-10-18T17:56:55 update: removing music/Neto Peña - Sería un Placer (Letra).m4a
2025-10-18T17:56:55 update: removing music/La Bachata - MTZ Manuel Turizo _ Video Oficial.mp3
2025-10-18T17:56:55 update: removing music/La Arrolladora Banda El Limón De René Camacho - Ya No Te Buscaré (Lyric Vide.m4a
2025-10-18T17:56:55 update: removing music/Time Is Running Out.m4a
2025-10-18T17:56:55 update: removing music/Frank Sinatra - L.O.V.E. (lyrics).m4a
2025-10-18T17:56:55 update: removing music/Salió El Sol (Remastered 2016).m4a
2025-10-18T17:56:55 update: removing music/Elliott Smith - Between The Bars (Lyrics).m4a
2025-10-18T17:56:55 update: removing music/Conan Gray - Heather (Lyric Video).m4a
2025-10-18T17:56:55 update: removing music/Melanie Martinez - Wheels On the Bus [Official Audio].m4a
2025-10-18T17:56:55 update: removing music/K-Paz De La Sierra - Mi Credo.m4a
2025-10-18T17:56:55 update: removing music/Santana - Smooth ft. Rob Thomas.m4a
2025-10-18T17:56:55 update: removing music/Santana - Just Feel Better ft. Steven Tyler.m4a
2025-10-18T17:56:55 update: removing music/The Kooks - Junk Of The Heart (Happy).m4a
2025-10-18T17:56:55 update: removing music/TASH SULTANA - JUNGLE (OFFICIAL AUDIO).m4a
2025-10-18T17:56:55 update: removing music/Trueno, Randy, Bizarrap - JUNGLE (Video Oficial).mp3
2025-10-18T17:56:55 update: removing music/Julión Álvarez y su Norteño Banda - Cero Empatía (Video Lyric).m4a
2025-10-18T17:56:55 update: removing music/Paulo Londra - Julieta (Official Video).mp3
2025-10-18T17:56:55 update: removing music/Julianno Sosa -Cochinae X King Savagge (Video official).m4a
2025-10-18T17:56:55 update: removing music/The House of the Rising Sun (Remastered).m4a
2025-10-18T17:56:55 update: removing music/Joji - MODUS (Official Audio).mp3
2025-10-18T17:56:55 update: removing music/Joji - 777 (Official Audio).mp3
2025-10-18T17:56:55 update: removing music/UN MILLON DE PRIMAVERAS LYRIC VIDEO OFICIAL.m4a
2025-10-18T17:56:55 update: removing music/MESITA, REI - JET LAG (Video Oficial).mp3
2025-10-18T17:56:55 update: removing music/Zaz - Je veux (Official Music Video).m4a
2025-10-18T17:56:55 update: removing music/Cheek to cheek Joan Chamorro quartet & Rita Payés , Andrea Motis, Luigi Grasso.m4a
2025-10-18T17:56:55 update: removing music/Jamming Sin Fronteras   Mcklopedia Rapsusklei Canserbero y Cesar Lopez.m4a
2025-10-18T17:56:55 update: removing music/James E. Gray - The Rhapsody of Rapture (Official Music Video).m4a
2025-10-18T17:56:55 update: removing music/James E. Gray - Mirage (Official Music Video).m4a
2025-10-18T17:56:55 update: removing music/Imagine Dragons - Thirty Lives (Audio).m4a
2025-10-18T17:56:55 update: removing music/Russ - ITALY (Official Audio)_256k.mp3
2025-10-18T17:56:55 update: removing music/Pantomime_256k.mp3
2025-10-18T17:56:55 update: removing music/Imagine Dragons - Tokyo (Audio).m4a
2025-10-18T17:56:55 update: removing music/The River - Imagine Dragons.m4a
2025-10-18T17:56:55 update: removing music/Dolphins_256k.mp3
2025-10-18T17:56:55 update: removing music/America.m4a
2025-10-18T17:56:55 update: removing music/Bruno Mars - It Will Rain -OFFICIAL VIDEO-.m4a
2025-10-18T17:56:55 update: removing music/Kygo, Selena Gomez - It Ain't Me (with Selena Gomez) (Audio).m4a
2025-10-18T17:56:55 update: removing music/The strokes - someday subtitulado en español & lyrics.m4a
2025-10-18T17:56:55 update: removing music/The Strokes - Hard To Explain.m4a
2025-10-18T17:56:55 update: removing music/Ready Aim Fire - Imagine Dragons (Audio).m4a
2025-10-18T17:56:55 update: removing music/Iridescent (Official Video) - Linkin Park.m4a
2025-10-18T17:56:55 update: removing music/Invitation (feat. Kodie Shane)_256k.mp3
2025-10-18T17:56:55 update: removing music/Interstellar Main Theme - Extra Extended - Soundtrack by  Hans Zimmer.m4a
2025-10-18T17:56:55 update: removing music/Justin Bieber - Intentions (Official Video (Short Version)) ft. Quavo.m4a
2025-10-18T17:56:55 update: removing music/The Kooks - Seaside.m4a
2025-10-18T17:56:55 update: removing music/SWAN A.k.a FYAHBWOY (El Chico de Fuego) - INNADIFLAMES - VIDEOCLIP OFICIAL HD In.m4a
2025-10-18T17:56:55 update: removing music/Reggae liphe-Swan Fyahbwoy (Letra).m4a
2025-10-18T17:56:55 update: removing music/Tienes el Don (Rels B).mp3
2025-10-18T17:56:55 update: removing music/Soundgarden   Black Hole Sun With Lyrics.m4a
2025-10-18T17:56:55 update: removing music/Los Pericos - Inalcanzable.m4a
2025-10-18T17:56:55 update: removing music/P.L - In The Zone.m4a
2025-10-18T17:56:55 update: removing music/Martin Garrix & Bebe Rexha - In The Name Of Love (Official Audio).m4a
2025-10-18T17:56:55 update: removing music/Portugal. The Man - Sleep Forever [Album Playlist].mp3
2025-10-18T17:56:55 update: removing music/Sam Smith - I'm Not The Only One.m4a
2025-10-18T17:56:55 update: removing music/Radiohead – Go Slowly.m4a
2025-10-18T17:56:55 update: removing music/Bring Me To Life.m4a
2025-10-18T17:56:55 update: removing music/ELEPHANZ - Imperfection (official audio)_256k.mp3
2025-10-18T17:56:55 update: removing music/Fade - Imagine Dragons & Egyptian (Audio).m4a
2025-10-18T17:56:55 update: removing music/Ragged Insomnia - Imagine Dragons (Audio)_256k.mp3
2025-10-18T17:56:55 update: removing music/Imagine Dragons - Lovesong (Audio).m4a
2025-10-18T17:56:55 update: removing music/Foster The People - Imagination (Official Audio).m4a
2025-10-18T17:56:55 update: removing music/Treat You Better.m4a
2025-10-18T17:56:55 update: removing music/Bad Reputation.m4a
2025-10-18T17:56:55 update: removing music/dvbbs & blackbear - idwk - sub. español.m4a
2025-10-18T17:56:55 update: removing music/The White Stripes - I'm Slowly Turning Into You.m4a
2025-10-18T17:56:55 update: removing music/Jason Mraz - I'm Yours -Official Music Video-.m4a
2025-10-18T17:56:55 update: removing music/I Won't Give Up.m4a
2025-10-18T17:56:55 update: removing music/I Was Me.m4a
2025-10-18T17:56:55 update: removing music/i wanna be your girlfriend.m4a
2025-10-18T17:56:55 update: removing music/EDEN - drugs (Español).m4a
2025-10-18T17:56:55 update: removing music/EDEN - circles -- español.m4a
2025-10-18T17:56:55 update: removing music/The Neighbourhood - Sweater Weather.m4a
2025-10-18T17:56:55 update: removing music/The Neighbourhood - Say My Name - Cry Me A River.m4a
2025-10-18T17:56:55 update: removing music/I Love You All The Time - Imagine Dragons (Audio).m4a
2025-10-18T17:56:55 update: removing music/I Kissed a Girl, and She Kissed Me.m4a
2025-10-18T17:56:55 update: removing music/Taylor Swift- I don't wanna live forever.m4a
2025-10-18T17:56:55 update: removing music/Imagine Dragons - I Bet My Life (Audio).m4a
2025-10-18T17:56:55 update: removing music/Hysteria.m4a
2025-10-18T17:56:55 update: removing music/System Of A Down - Lonely Day.m4a
2025-10-18T17:56:55 update: removing music/In The End (Official Video) - Linkin Park.m4a
2025-10-18T17:56:55 update: removing music/Crawling (Official Video) - Linkin Park.m4a
2025-10-18T17:56:55 update: removing music/Two Feet - Hurt People (feat. Madison Love) (Español).m4a
2025-10-18T17:56:55 update: removing music/Alemán ft Rels B - Mírame Ma (Video Oficial).mp3
2025-10-18T17:56:55 update: removing music/She.m4a
2025-10-18T17:56:55 update: removing music/Human.m4a
2025-10-18T17:56:55 update: removing music/Christina Perri - Human -Official Video-.m4a
2025-10-18T17:56:55 update: removing music/Hozier - Take Me To Church (Official Video).m4a
2025-10-18T17:56:55 update: removing music/How You Like Me Now (Original).m4a
2025-10-18T17:56:55 update: removing music/Friends.m4a
2025-10-18T17:56:55 update: removing music/The Other Side Of Paradise_256k.mp3
2025-10-18T17:56:55 update: removing music/Charlie Puth – How Long -Official Audio-.m4a
2025-10-18T17:56:55 update: removing music/blackbear - hot girl bummer [official music video].m4a
2025-10-18T17:56:55 update: removing music/Sorry.m4a
2025-10-18T17:56:55 update: removing music/Halsey - Strangers (Audio) ft. Lauren Jauregui.m4a
2025-10-18T17:56:55 update: removing music/Halsey - Bad At Love (Audio).m4a
2025-10-18T17:56:55 update: removing music/Hooked on a Feeling.m4a
2025-10-18T17:56:55 update: removing music/Paulo Londra ft Lenny Tavarez - Nena Maldicion (Official Video).mp3
2025-10-18T17:56:55 update: removing music/Paulo Londra - No Puedo (Official Video).m4a
2025-10-18T17:56:55 update: removing music/k a m a i t a c h i - Cabelos Arco-íris.m4a
2025-10-18T17:56:55 update: removing music/Silvertongue_256k.mp3
2025-10-18T17:56:55 update: removing music/Te Deseo Lo Mejor.m4a
2025-10-18T17:56:55 update: removing music/Sunflower (Spider-Man- Into the Spider-Verse)_256k.mp3
2025-10-18T17:56:55 update: removing music/Hole Inside Our Chests_256k.mp3
2025-10-18T17:56:55 update: removing music/twenty one pilots- Can't Help Falling In Love (Cover).m4a
2025-10-18T17:56:55 update: removing music/A Great Big World - Hold Each Other (Lyric Video) ft. Futuristic.m4a
2025-10-18T17:56:55 update: removing music/Hoje Eu Quero Me Perder.m4a
2025-10-18T17:56:55 update: removing music/Macaco - Coincidir (Audio).m4a
2025-10-18T17:56:55 update: removing music/Te quiero - Canserbero feat Liana Malva.m4a
2025-10-18T17:56:55 update: removing music/CANSERBERO FT LIL SUPA Y DANNIGGAZ - T.A.L.K..m4a
2025-10-18T17:56:55 update: removing music/Canserbero - Cuando Vayas Conmigo.m4a
2025-10-18T17:56:55 update: removing music/Apache- Fin de mundo.mp3
2025-10-18T17:56:55 update: removing music/Spag Heddy & Anna Yvette - Hide.m4a
2025-10-18T17:56:55 update: removing music/HEYYEYAAEYAAAEYAEYAA.m4a
2025-10-18T17:56:55 update: removing music/Unholy - Hey Violet (Lyrics).mp3
2025-10-18T17:56:55 update: removing music/Drugstore Perfume.m4a
2025-10-18T17:56:55 update: removing music/David Bowie - Heroes.m4a
2025-10-18T17:56:55 update: removing music/Spag Heddy - Here We Go -Drumstep-.m4a
2025-10-18T17:56:55 update: removing music/La de Roberto - Hemisferios.m4a
2025-10-18T17:56:55 update: removing music/Black Honey - Ghost.m4a
2025-10-18T17:56:55 update: removing music/OMFG - Hello.m4a
2025-10-18T17:56:55 update: removing music/Easy_256k.mp3
2025-10-18T17:56:55 update: removing music/All Eyes - Imagine Dragons (With Lyrics).m4a
2025-10-18T17:56:55 update: removing music/Paradise Circus.m4a
2025-10-18T17:56:55 update: removing music/Spag Heddy - Heddy Bitsh.m4a
2025-10-18T17:56:55 update: removing music/POWERS - Heavy (Visualizer).m4a
2025-10-18T17:56:55 update: removing music/twenty one pilots- Heathens (from Suicide Squad- The Album) -OFFICIAL VIDEO-.m4a
2025-10-18T17:56:55 update: removing music/Black Honey - Headspin.m4a
2025-10-18T17:56:55 update: removing music/Amp Live - Penny Nickel Dime (Dirt Monkey Remix).m4a
2025-10-18T17:56:55 update: removing music/The Score - Head Up (Official Lyric Video)_256k.mp3
2025-10-18T17:56:55 update: removing music/Christian French - head first.mp3
2025-10-18T17:56:55 update: removing music/Jason Mraz  - Have It All -Official Video-.m4a
2025-10-18T17:56:55 update: removing music/Camila Cabello - Havana (Audio) ft. Young Thug.mp3
2025-10-18T17:56:55 update: removing music/Natalia Lafourcade - Mi Lugar Favorito (Official Lyric Video).m4a
2025-10-18T17:56:55 update: removing music/Natalia Lafourcade - Lo Que Construimos.m4a
2025-10-18T17:56:55 update: removing music/AUD-20150924-WA0081.mp3
2025-10-18T17:56:55 update: removing music/Russ - Hard For Me (Official Audio)_256k.mp3
2025-10-18T17:56:55 update: removing music/The Neighbourhood - You Get Me So High (Audio).m4a
2025-10-18T17:56:55 update: removing music/The Neighbourhood - Sadderdaze (Español).m4a
2025-10-18T17:56:55 update: removing music/Happy Together - Turtles.m4a
2025-10-18T17:56:55 update: removing music/Halsey - 'Magnum Ice Cream' Live Show (FULL HD).m4a
2025-10-18T17:56:55 update: removing music/Hallelujah.m4a
2025-10-18T17:56:55 update: removing music/Tom Brady _ New England Patriots Highlights _ Tom Terrific _ HD.m4a
2025-10-18T17:56:55 update: removing music/Ellie Goulding- How Long Will I Love You.m4a
2025-10-18T17:56:55 update: removing music/La Franela - Hacer un puente (video oficial) HD.m4a
2025-10-18T17:56:55 update: removing music/Jósean Log - La Luna (Lyric Video).m4a
2025-10-18T17:56:55 update: removing music/Jósean Log - Chachachá (Lyric Video).m4a
2025-10-18T17:56:55 update: removing music/Jósean Log - Beso (Lyric Video).m4a
2025-10-18T17:56:55 update: removing music/No Quise - Jósean Log.m4a
2025-10-18T17:56:55 update: removing music/Contento de Contento - Jósean Log.m4a
2025-10-18T17:56:55 update: removing music/Combustión - Jósean Log.m4a
2025-10-18T17:56:55 update: removing music/Como pasa el tiempo _ El Cuarteto de Nos (VIDEOCLIP).m4a
2025-10-18T17:56:55 update: removing music/Jaymes Young - I'll Be Good _ Sub Español.m4a
2025-10-18T17:56:55 update: removing music/Jaymes Young - Habits Of My Heart _ Sub Español.m4a
2025-10-18T17:56:55 update: removing music/Tove Lo - Habits (Stay High).m4a
2025-10-18T17:56:55 update: removing music/HA-ASH - Ex de Verdad (HA-ASH Primera Fila - Hecho Realidad -Acústico En Vivo-).m4a
2025-10-18T17:56:55 update: removing music/Don Omar - Guaya Guaya (Audio).m4a
2025-10-18T17:56:55 update: removing music/Bruno Mars - Grenade -OFFICIAL VIDEO-.m4a
2025-10-18T17:56:55 update: removing music/Green Day - 21 Guns -Official Music Video-.m4a
2025-10-18T17:56:55 update: removing music/Green A - Carta a dios.m4a
2025-10-18T17:56:55 update: removing music/Iris.m4a
2025-10-18T17:56:55 update: removing music/Queen - Killer Queen (Lyrics).m4a
2025-10-18T17:56:55 update: removing music/Queen - I Want To Break Free (Official Video).m4a
2025-10-18T17:56:55 update: removing music/Lupillo Rivera, Alemán, Santa Fe Klan, B-Real, Snoop Dogg - Grandes Ligas (Audio.mp3
2025-10-18T17:56:55 update: removing music/San Cisco - Magic (Official Music Video).m4a
2025-10-18T17:56:55 update: removing music/Russ - Got It Good.m4a
2025-10-18T17:56:55 update: removing music/Gorillaz - Tomorrow Comes Today (Official Video).m4a
2025-10-18T17:56:55 update: removing music/Gorillaz - Clint Eastwood.m4a
2025-10-18T17:56:55 update: removing music/Float On.m4a
2025-10-18T17:57:04 ffmpeg/sami: Format sami detected only with low score of 1, misdetection possible!
2025-10-18T17:57:04 ffmpeg/sami: Format sami detected only with low score of 1, misdetection possible!
2025-10-18T17:57:04 ffmpeg/sami: Format sami detected only with low score of 1, misdetection possible!
2025-10-18T17:57:04 ffmpeg/sami: Format sami detected only with low score of 1, misdetection possible!
2025-10-18T17:57:04 ffmpeg/sami: Format sami detected only with low score of 1, misdetection possible!
2025-10-18T17:57:04 ffmpeg/sami: Format sami detected only with low score of 1, misdetection possible!
2025-10-18T17:57:04 ffmpeg/sami: Format sami detected only with low score of 1, misdetection possible!
2025-10-18T17:57:04 ffmpeg/mov,mp4,m4a,3gp,3g2,mj2: Format mov,mp4,m4a,3gp,3g2,mj2 detected only with low score of 1, misdetection possible!
2025-10-18T17:57:04 ffmpeg/mov,mp4,m4a,3gp,3g2,mj2: moov atom not found
2025-10-18T17:57:04 ffmpeg/sami: Format sami detected only with low score of 1, misdetection possible!
2025-10-18T17:57:04 ffmpeg/sami: Format sami detected only with low score of 1, misdetection possible!
2025-10-18T17:57:04 ffmpeg/sami: Format sami detected only with low score of 1, misdetection possible!
2025-10-18T17:57:04 ffmpeg/sami: Format sami detected only with low score of 1, misdetection possible!
2025-10-18T17:57:04 ffmpeg/sami: Format sami detected only with low score of 1, misdetection possible!
2025-10-18T17:57:04 ffmpeg/sami: Format sami detected only with low score of 1, misdetection possible!
2025-10-18T17:57:04 ffmpeg/mov,mp4,m4a,3gp,3g2,mj2: Format mov,mp4,m4a,3gp,3g2,mj2 detected only with low score of 1, misdetection possible!
2025-10-18T17:57:04 ffmpeg/mov,mp4,m4a,3gp,3g2,mj2: moov atom not found
2025-10-18T17:57:04 ffmpeg/sami: Format sami detected only with low score of 1, misdetection possible!
2025-10-18T17:57:04 ffmpeg/sami: Format sami detected only with low score of 1, misdetection possible!
2025-10-18T17:57:04 ffmpeg/sami: Format sami detected only with low score of 1, misdetection possible!
2025-10-18T17:57:04 ffmpeg/sami: Format sami detected only with low score of 1, misdetection possible!
2025-10-18T17:57:04 ffmpeg/sami: Format sami detected only with low score of 1, misdetection possible!
2025-10-18T17:57:04 ffmpeg/sami: Format sami detected only with low score of 1, misdetection possible!
2025-10-18T18:02:15 player: played "CENOB1TE - Hyperion (Original Mix) HD.m4a"
2025-10-18T18:05:00 ffmpeg/sami: Format sami detected only with low score of 1, misdetection possible!
2025-10-18T18:05:00 ffmpeg/sami: Format sami detected only with low score of 1, misdetection possible!
2025-10-18T18:05:00 ffmpeg/sami: Format sami detected only with low score of 1, misdetection possible!
2025-10-18T18:05:00 ffmpeg/sami: Format sami detected only with low score of 1, misdetection possible!
2025-10-18T18:05:00 ffmpeg/sami: Format sami detected only with low score of 1, misdetection possible!
2025-10-18T18:05:00 ffmpeg/sami: Format sami detected only with low score of 1, misdetection possible!
2025-10-18T18:05:00 ffmpeg/sami: Format sami detected only with low score of 1, misdetection possible!
2025-10-18T18:05:00 ffmpeg/mov,mp4,m4a,3gp,3g2,mj2: Format mov,mp4,m4a,3gp,3g2,mj2 detected only with low score of 1, misdetection possible!
2025-10-18T18:05:00 ffmpeg/mov,mp4,m4a,3gp,3g2,mj2: moov atom not found
2025-10-18T18:05:00 ffmpeg/sami: Format sami detected only with low score of 1, misdetection possible!
2025-10-18T18:05:00 ffmpeg/sami: Format sami detected only with low score of 1, misdetection possible!
2025-10-18T18:05:00 ffmpeg/sami: Format sami detected only with low score of 1, misdetection possible!
2025-10-18T18:05:00 ffmpeg/sami: Format sami detected only with low score of 1, misdetection possible!
2025-10-18T18:05:00 ffmpeg/sami: Format sami detected only with low score of 1, misdetection possible!
2025-10-18T18:05:00 ffmpeg/sami: Format sami detected only with low score of 1, misdetection possible!
2025-10-18T18:05:00 ffmpeg/mov,mp4,m4a,3gp,3g2,mj2: Format mov,mp4,m4a,3gp,3g2,mj2 detected only with low score of 1, misdetection possible!
2025-10-18T18:05:00 ffmpeg/mov,mp4,m4a,3gp,3g2,mj2: moov atom not found
2025-10-18T18:05:00 ffmpeg/sami: Format sami detected only with low score of 1, misdetection possible!
2025-10-18T18:05:00 ffmpeg/sami: Format sami detected only with low score of 1, misdetection possible!
2025-10-18T18:05:00 ffmpeg/sami: Format sami detected only with low score of 1, misdetection possible!
2025-10-18T18:05:00 ffmpeg/sami: Format sami detected only with low score of 1, misdetection possible!
2025-10-18T18:05:00 ffmpeg/sami: Format sami detected only with low score of 1, misdetection possible!
2025-10-18T18:05:00 ffmpeg/sami: Format sami detected only with low score of 1, misdetection possible!
2025-10-18T18:07:12 player: played "EL CHICO INVISIBLE _ RAP _ ZARCORT Y TOWN.m4a"
2025-10-18T18:07:30 player: played "EL CHICO INVISIBLE _ RAP _ ZARCORT Y TOWN.m4a"
2025-10-18T18:08:27 ffmpeg/mov,mp4,m4a,3gp,3g2,mj2: moov atom not found
2025-10-18T18:08:27 exception: Failed to decode "/home/adriangln11/music/CENOB1TE - Hyperion (Original Mix) HD.m4a"; avformat_open_input() failed: Invalid data found when processing input
2025-10-18T18:08:55 player: played "CENOB1TE - Hyperion (Original Mix) HD.m4a"
2025-10-18T18:11:09 player: played "CENOB1TE - Hyperion (Original Mix) HD.m4a"
2025-10-18T18:11:46 ffmpeg/sami: Format sami detected only with low score of 1, misdetection possible!
2025-10-18T18:11:46 ffmpeg/sami: Format sami detected only with low score of 1, misdetection possible!
2025-10-18T18:11:46 ffmpeg/sami: Format sami detected only with low score of 1, misdetection possible!
2025-10-18T18:11:46 ffmpeg/sami: Format sami detected only with low score of 1, misdetection possible!
2025-10-18T18:11:46 ffmpeg/sami: Format sami detected only with low score of 1, misdetection possible!
2025-10-18T18:11:46 ffmpeg/sami: Format sami detected only with low score of 1, misdetection possible!
2025-10-18T18:11:46 ffmpeg/sami: Format sami detected only with low score of 1, misdetection possible!
2025-10-18T18:11:46 ffmpeg/mov,mp4,m4a,3gp,3g2,mj2: Format mov,mp4,m4a,3gp,3g2,mj2 detected only with low score of 1, misdetection possible!
2025-10-18T18:11:46 ffmpeg/mov,mp4,m4a,3gp,3g2,mj2: moov atom not found
2025-10-18T18:11:46 ffmpeg/sami: Format sami detected only with low score of 1, misdetection possible!
2025-10-18T18:11:46 ffmpeg/sami: Format sami detected only with low score of 1, misdetection possible!
2025-10-18T18:11:46 ffmpeg/sami: Format sami detected only with low score of 1, misdetection possible!
2025-10-18T18:11:46 ffmpeg/sami: Format sami detected only with low score of 1, misdetection possible!
2025-10-18T18:11:46 ffmpeg/sami: Format sami detected only with low score of 1, misdetection possible!
2025-10-18T18:11:46 ffmpeg/sami: Format sami detected only with low score of 1, misdetection possible!
2025-10-18T18:11:46 ffmpeg/mov,mp4,m4a,3gp,3g2,mj2: Format mov,mp4,m4a,3gp,3g2,mj2 detected only with low score of 1, misdetection possible!
2025-10-18T18:11:46 ffmpeg/mov,mp4,m4a,3gp,3g2,mj2: moov atom not found
2025-10-18T18:11:46 ffmpeg/sami: Format sami detected only with low score of 1, misdetection possible!
2025-10-18T18:11:46 ffmpeg/sami: Format sami detected only with low score of 1, misdetection possible!
2025-10-18T18:11:46 ffmpeg/sami: Format sami detected only with low score of 1, misdetection possible!
2025-10-18T18:11:46 ffmpeg/sami: Format sami detected only with low score of 1, misdetection possible!
2025-10-18T18:11:46 ffmpeg/sami: Format sami detected only with low score of 1, misdetection possible!
2025-10-18T18:11:46 ffmpeg/sami: Format sami detected only with low score of 1, misdetection possible!
2025-10-18T18:14:34 player: played "Calle 13 - Muerte En Hawaii (Audio).m4a"
2025-10-18T18:14:56 player: played "Calle 13 - Muerte En Hawaii (Audio).m4a"
2025-10-18T18:15:07 player: played "CENOB1TE - Hyperion (Original Mix) HD.m4a"
2025-10-18T18:19:33 output: Failed to play on "PulseAudio" (pulse): suspended
2025-10-18T18:20:26 ffmpeg/sami: Format sami detected only with low score of 1, misdetection possible!
2025-10-18T18:20:26 ffmpeg/sami: Format sami detected only with low score of 1, misdetection possible!
2025-10-18T18:20:26 ffmpeg/sami: Format sami detected only with low score of 1, misdetection possible!
2025-10-18T18:20:26 ffmpeg/sami: Format sami detected only with low score of 1, misdetection possible!
2025-10-18T18:20:26 ffmpeg/sami: Format sami detected only with low score of 1, misdetection possible!
2025-10-18T18:20:26 ffmpeg/sami: Format sami detected only with low score of 1, misdetection possible!
2025-10-18T18:20:26 ffmpeg/sami: Format sami detected only with low score of 1, misdetection possible!
2025-10-18T18:20:26 ffmpeg/mov,mp4,m4a,3gp,3g2,mj2: Format mov,mp4,m4a,3gp,3g2,mj2 detected only with low score of 1, misdetection possible!
2025-10-18T18:20:26 ffmpeg/mov,mp4,m4a,3gp,3g2,mj2: moov atom not found
2025-10-18T18:20:26 ffmpeg/sami: Format sami detected only with low score of 1, misdetection possible!
2025-10-18T18:20:26 ffmpeg/sami: Format sami detected only with low score of 1, misdetection possible!
2025-10-18T18:20:26 ffmpeg/sami: Format sami detected only with low score of 1, misdetection possible!
2025-10-18T18:20:26 ffmpeg/sami: Format sami detected only with low score of 1, misdetection possible!
2025-10-18T18:20:26 ffmpeg/sami: Format sami detected only with low score of 1, misdetection possible!
2025-10-18T18:20:26 ffmpeg/sami: Format sami detected only with low score of 1, misdetection possible!
2025-10-18T18:20:26 ffmpeg/mov,mp4,m4a,3gp,3g2,mj2: Format mov,mp4,m4a,3gp,3g2,mj2 detected only with low score of 1, misdetection possible!
2025-10-18T18:20:26 ffmpeg/mov,mp4,m4a,3gp,3g2,mj2: moov atom not found
2025-10-18T18:20:26 ffmpeg/sami: Format sami detected only with low score of 1, misdetection possible!
2025-10-18T18:20:26 ffmpeg/sami: Format sami detected only with low score of 1, misdetection possible!
2025-10-18T18:20:26 ffmpeg/sami: Format sami detected only with low score of 1, misdetection possible!
2025-10-18T18:20:26 ffmpeg/sami: Format sami detected only with low score of 1, misdetection possible!
2025-10-18T18:20:26 ffmpeg/sami: Format sami detected only with low score of 1, misdetection possible!
2025-10-18T18:20:26 ffmpeg/sami: Format sami detected only with low score of 1, misdetection possible!
2025-10-18T18:20:30 ffmpeg/sami: Format sami detected only with low score of 1, misdetection possible!
2025-10-18T18:20:30 ffmpeg/sami: Format sami detected only with low score of 1, misdetection possible!
2025-10-18T18:20:30 ffmpeg/sami: Format sami detected only with low score of 1, misdetection possible!
2025-10-18T18:20:30 ffmpeg/sami: Format sami detected only with low score of 1, misdetection possible!
2025-10-18T18:20:30 ffmpeg/sami: Format sami detected only with low score of 1, misdetection possible!
2025-10-18T18:20:30 ffmpeg/sami: Format sami detected only with low score of 1, misdetection possible!
2025-10-18T18:20:30 ffmpeg/sami: Format sami detected only with low score of 1, misdetection possible!
2025-10-18T18:20:30 ffmpeg/mov,mp4,m4a,3gp,3g2,mj2: Format mov,mp4,m4a,3gp,3g2,mj2 detected only with low score of 1, misdetection possible!
2025-10-18T18:20:30 ffmpeg/mov,mp4,m4a,3gp,3g2,mj2: moov atom not found
2025-10-18T18:20:30 ffmpeg/sami: Format sami detected only with low score of 1, misdetection possible!
2025-10-18T18:20:30 ffmpeg/sami: Format sami detected only with low score of 1, misdetection possible!
2025-10-18T18:20:30 ffmpeg/sami: Format sami detected only with low score of 1, misdetection possible!
2025-10-18T18:20:30 ffmpeg/sami: Format sami detected only with low score of 1, misdetection possible!
2025-10-18T18:20:30 ffmpeg/sami: Format sami detected only with low score of 1, misdetection possible!
2025-10-18T18:20:30 ffmpeg/sami: Format sami detected only with low score of 1, misdetection possible!
2025-10-18T18:20:30 ffmpeg/mov,mp4,m4a,3gp,3g2,mj2: Format mov,mp4,m4a,3gp,3g2,mj2 detected only with low score of 1, misdetection possible!
2025-10-18T18:20:30 ffmpeg/mov,mp4,m4a,3gp,3g2,mj2: moov atom not found
2025-10-18T18:20:30 ffmpeg/sami: Format sami detected only with low score of 1, misdetection possible!
2025-10-18T18:20:30 ffmpeg/sami: Format sami detected only with low score of 1, misdetection possible!
2025-10-18T18:20:30 ffmpeg/sami: Format sami detected only with low score of 1, misdetection possible!
2025-10-18T18:20:30 ffmpeg/sami: Format sami detected only with low score of 1, misdetection possible!
2025-10-18T18:20:30 ffmpeg/sami: Format sami detected only with low score of 1, misdetection possible!
2025-10-18T18:20:30 ffmpeg/sami: Format sami detected only with low score of 1, misdetection possible!
2025-10-18T18:24:12 player: played "CENOB1TE - Hyperion (Original Mix) HD.m4a"
2025-10-18T18:24:12 output: Failed to play on "PulseAudio" (pulse): suspended
2025-10-18T18:28:25 player: played "CENOB1TE & Midnight Conspiracy - Sentinel (Original Mix) HD.m4a"
2025-10-18T18:29:34 player: played "Digital_Controller.mp3"
2025-10-18T18:31:07 ffmpeg/mov,mp4,m4a,3gp,3g2,mj2: stream 0, timescale not set
2025-10-18T18:35:26 ffmpeg/mov,mp4,m4a,3gp,3g2,mj2: stream 0, timescale not set
2025-10-18T18:35:26 ffmpeg/mov,mp4,m4a,3gp,3g2,mj2: stream 0, timescale not set
2025-10-18T18:35:26 ffmpeg/mov,mp4,m4a,3gp,3g2,mj2: stream 0, timescale not set
2025-10-18T18:36:13 ffmpeg/mov,mp4,m4a,3gp,3g2,mj2: stream 0, timescale not set
2025-10-18T18:36:33 player: played "Canserbero - Jeremías 17-5 (VIDEO OFICIAL).m4a"
2025-10-18T18:36:33 ffmpeg/mov,mp4,m4a,3gp,3g2,mj2: stream 0, timescale not set
2025-10-18T18:36:33 ffmpeg/mov,mp4,m4a,3gp,3g2,mj2: stream 0, timescale not set
2025-10-18T18:39:23 player: played "Roderick Porter - ghost (ft. Ivri) [prod. ocean].m4a"
2025-10-18T18:42:21 ffmpeg/mp3float: Could not update timestamps for skipped samples.
2025-10-18T18:43:03 player: played "Bad Bunny - Haciendo Que Me Amas (Audio).mp3"
2025-10-18T18:47:15 ffmpeg/mov,mp4,m4a,3gp,3g2,mj2: stream 0, timescale not set
2025-10-18T18:47:37 player: played "Kiss- I was made for loving you.m4a"
2025-10-18T18:47:37 ffmpeg/mov,mp4,m4a,3gp,3g2,mj2: stream 0, timescale not set
2025-10-18T18:47:37 ffmpeg/mov,mp4,m4a,3gp,3g2,mj2: stream 0, timescale not set
2025-10-18T18:47:37 ffmpeg/mov,mp4,m4a,3gp,3g2,mj2: stream 0, timescale not set
2025-10-18T18:47:37 ffmpeg/mov,mp4,m4a,3gp,3g2,mj2: stream 0, timescale not set
2025-10-18T18:49:05 ffmpeg/mov,mp4,m4a,3gp,3g2,mj2: stream 0, timescale not set
2025-10-18T18:49:05 ffmpeg/mov,mp4,m4a,3gp,3g2,mj2: stream 0, timescale not set
2025-10-18T18:50:24 ffmpeg/mov,mp4,m4a,3gp,3g2,mj2: stream 0, timescale not set
2025-10-18T18:50:45 player: played "All About That Bass.m4a"
2025-10-18T18:50:45 ffmpeg/mov,mp4,m4a,3gp,3g2,mj2: stream 0, timescale not set
2025-10-18T18:50:45 ffmpeg/mov,mp4,m4a,3gp,3g2,mj2: stream 0, timescale not set
2025-10-18T18:50:45 ffmpeg/mov,mp4,m4a,3gp,3g2,mj2: stream 0, timescale not set
2025-10-18T18:50:45 ffmpeg/mov,mp4,m4a,3gp,3g2,mj2: stream 0, timescale not set
2025-10-18T18:51:07 ffmpeg/mov,mp4,m4a,3gp,3g2,mj2: stream 0, timescale not set
2025-10-18T18:51:07 ffmpeg/mov,mp4,m4a,3gp,3g2,mj2: stream 0, timescale not set
2025-10-18T18:51:07 ffmpeg/mov,mp4,m4a,3gp,3g2,mj2: stream 0, timescale not set
2025-10-18T18:51:07 ffmpeg/mov,mp4,m4a,3gp,3g2,mj2: stream 0, timescale not set
2025-10-18T18:51:10 ffmpeg/mov,mp4,m4a,3gp,3g2,mj2: stream 0, timescale not set
2025-10-18T18:51:10 ffmpeg/mov,mp4,m4a,3gp,3g2,mj2: stream 0, timescale not set
2025-10-18T18:51:28 ffmpeg/mov,mp4,m4a,3gp,3g2,mj2: stream 0, timescale not set
2025-10-18T18:51:28 ffmpeg/mov,mp4,m4a,3gp,3g2,mj2: stream 0, timescale not set
2025-10-18T18:51:29 ffmpeg/mov,mp4,m4a,3gp,3g2,mj2: stream 0, timescale not set
2025-10-18T18:51:29 ffmpeg/mov,mp4,m4a,3gp,3g2,mj2: stream 0, timescale not set
2025-10-18T18:52:10 ffmpeg/mov,mp4,m4a,3gp,3g2,mj2: stream 0, timescale not set
2025-10-18T18:52:10 ffmpeg/mov,mp4,m4a,3gp,3g2,mj2: stream 0, timescale not set
2025-10-18T18:52:10 ffmpeg/mov,mp4,m4a,3gp,3g2,mj2: stream 0, timescale not set
2025-10-18T18:52:10 ffmpeg/mov,mp4,m4a,3gp,3g2,mj2: stream 0, timescale not set
2025-10-18T18:52:47 ffmpeg/mov,mp4,m4a,3gp,3g2,mj2: stream 0, timescale not set
2025-10-18T18:52:47 ffmpeg/mov,mp4,m4a,3gp,3g2,mj2: stream 0, timescale not set
2025-10-18T18:54:07 player: played "Frankie Valli - Can't Take My Eyes Off You (Official Audio).m4a"
2025-10-18T18:56:38 player: played "One Day_256k.mp3"
2025-10-18T18:58:55 ffmpeg/mov,mp4,m4a,3gp,3g2,mj2: stream 0, timescale not set
2025-10-18T18:59:32 player: played "Enemy (from the series Arcane League of Legends)_256k.mp3"
2025-10-18T18:59:32 ffmpeg/mov,mp4,m4a,3gp,3g2,mj2: stream 0, timescale not set
2025-10-18T18:59:32 ffmpeg/mov,mp4,m4a,3gp,3g2,mj2: stream 0, timescale not set
2025-10-18T18:59:32 ffmpeg/mov,mp4,m4a,3gp,3g2,mj2: stream 0, timescale not set
2025-10-18T18:59:32 ffmpeg/mov,mp4,m4a,3gp,3g2,mj2: stream 0, timescale not set
2025-10-18T19:03:41 ffmpeg/mov,mp4,m4a,3gp,3g2,mj2: stream 0, timescale not set
2025-10-18T19:04:02 player: played "blackbear -- addiction -traducida al español-.m4a"
2025-10-18T19:04:02 ffmpeg/mov,mp4,m4a,3gp,3g2,mj2: stream 0, timescale not set
2025-10-18T19:04:02 ffmpeg/mov,mp4,m4a,3gp,3g2,mj2: stream 0, timescale not set
2025-10-18T19:04:02 ffmpeg/mov,mp4,m4a,3gp,3g2,mj2: stream 0, timescale not set
2025-10-18T19:04:02 ffmpeg/mov,mp4,m4a,3gp,3g2,mj2: stream 0, timescale not set
2025-10-18T19:05:17 ffmpeg/mov,mp4,m4a,3gp,3g2,mj2: stream 0, timescale not set
2025-10-18T19:05:17 ffmpeg/mov,mp4,m4a,3gp,3g2,mj2: stream 0, timescale not set
2025-10-18T19:06:30 ffmpeg/mov,mp4,m4a,3gp,3g2,mj2: stream 0, timescale not set
2025-10-18T19:06:53 player: played "bbno$ - meant to be (Lyrics).m4a"
2025-10-18T19:06:53 ffmpeg/mov,mp4,m4a,3gp,3g2,mj2: stream 0, timescale not set
2025-10-18T19:06:53 ffmpeg/mov,mp4,m4a,3gp,3g2,mj2: stream 0, timescale not set
2025-10-18T19:06:53 ffmpeg/mov,mp4,m4a,3gp,3g2,mj2: stream 0, timescale not set
2025-10-18T19:06:53 ffmpeg/mov,mp4,m4a,3gp,3g2,mj2: stream 0, timescale not set
2025-10-18T19:06:53 ffmpeg/mov,mp4,m4a,3gp,3g2,mj2: stream 0, timescale not set
2025-10-18T19:06:53 ffmpeg/mov,mp4,m4a,3gp,3g2,mj2: stream 0, timescale not set
2025-10-18T19:08:09 ffmpeg/mov,mp4,m4a,3gp,3g2,mj2: stream 0, timescale not set
2025-10-18T19:08:09 ffmpeg/mov,mp4,m4a,3gp,3g2,mj2: stream 0, timescale not set
2025-10-18T19:08:10 ffmpeg/mov,mp4,m4a,3gp,3g2,mj2: stream 0, timescale not set
2025-10-18T19:08:10 ffmpeg/mov,mp4,m4a,3gp,3g2,mj2: stream 0, timescale not set
2025-10-18T19:08:10 ffmpeg/mov,mp4,m4a,3gp,3g2,mj2: stream 0, timescale not set
2025-10-18T19:08:10 ffmpeg/mov,mp4,m4a,3gp,3g2,mj2: stream 0, timescale not set
2025-10-18T19:08:10 ffmpeg/mov,mp4,m4a,3gp,3g2,mj2: stream 0, timescale not set
2025-10-18T19:08:11 ffmpeg/mov,mp4,m4a,3gp,3g2,mj2: stream 0, timescale not set
2025-10-18T19:08:11 ffmpeg/mov,mp4,m4a,3gp,3g2,mj2: stream 0, timescale not set
2025-10-18T19:08:11 ffmpeg/mov,mp4,m4a,3gp,3g2,mj2: stream 0, timescale not set
2025-10-18T19:08:11 ffmpeg/mov,mp4,m4a,3gp,3g2,mj2: stream 0, timescale not set
2025-10-18T19:08:11 ffmpeg/mov,mp4,m4a,3gp,3g2,mj2: stream 0, timescale not set
2025-10-18T19:08:11 ffmpeg/mov,mp4,m4a,3gp,3g2,mj2: stream 0, timescale not set
2025-10-18T19:08:11 ffmpeg/mov,mp4,m4a,3gp,3g2,mj2: stream 0, timescale not set
2025-10-18T19:13:19 ffmpeg/mov,mp4,m4a,3gp,3g2,mj2: stream 0, timescale not set
2025-10-18T19:13:57 player: played "Bring Me The Horizon - Follow You (Official Video)_256k.mp3"
2025-10-18T19:13:57 ffmpeg/mov,mp4,m4a,3gp,3g2,mj2: stream 0, timescale not set
2025-10-18T19:13:57 ffmpeg/mov,mp4,m4a,3gp,3g2,mj2: stream 0, timescale not set
2025-10-18T19:13:57 ffmpeg/mov,mp4,m4a,3gp,3g2,mj2: stream 0, timescale not set
2025-10-18T19:13:57 ffmpeg/mov,mp4,m4a,3gp,3g2,mj2: stream 0, timescale not set
2025-10-18T19:13:57 ffmpeg/mov,mp4,m4a,3gp,3g2,mj2: stream 0, timescale not set
2025-10-18T19:13:57 ffmpeg/mov,mp4,m4a,3gp,3g2,mj2: stream 0, timescale not set
2025-10-18T19:14:32 ffmpeg/mov,mp4,m4a,3gp,3g2,mj2: stream 0, timescale not set
2025-10-18T19:14:32 ffmpeg/mov,mp4,m4a,3gp,3g2,mj2: stream 0, timescale not set
2025-10-18T19:14:32 ffmpeg/mov,mp4,m4a,3gp,3g2,mj2: stream 0, timescale not set
2025-10-18T19:14:32 ffmpeg/mov,mp4,m4a,3gp,3g2,mj2: stream 0, timescale not set
2025-10-18T19:14:32 ffmpeg/mov,mp4,m4a,3gp,3g2,mj2: stream 0, timescale not set
2025-10-18T19:14:32 ffmpeg/mov,mp4,m4a,3gp,3g2,mj2: stream 0, timescale not set
2025-10-18T19:15:17 ffmpeg/mov,mp4,m4a,3gp,3g2,mj2: stream 0, timescale not set
2025-10-18T19:15:17 ffmpeg/mov,mp4,m4a,3gp,3g2,mj2: stream 0, timescale not set
2025-10-18T19:15:17 ffmpeg/mov,mp4,m4a,3gp,3g2,mj2: stream 0, timescale not set
2025-10-18T19:15:17 ffmpeg/mov,mp4,m4a,3gp,3g2,mj2: stream 0, timescale not set
2025-10-18T19:15:17 ffmpeg/mov,mp4,m4a,3gp,3g2,mj2: stream 0, timescale not set
2025-10-18T19:15:17 ffmpeg/mov,mp4,m4a,3gp,3g2,mj2: stream 0, timescale not set
2025-10-18T19:17:01 ffmpeg/mov,mp4,m4a,3gp,3g2,mj2: stream 0, timescale not set
2025-10-18T19:17:23 player: played "Underdog.m4a"
2025-10-18T19:17:23 ffmpeg/mov,mp4,m4a,3gp,3g2,mj2: stream 0, timescale not set
2025-10-18T19:17:23 ffmpeg/mov,mp4,m4a,3gp,3g2,mj2: stream 0, timescale not set
2025-10-18T19:17:23 ffmpeg/mov,mp4,m4a,3gp,3g2,mj2: stream 0, timescale not set
2025-10-18T19:17:23 ffmpeg/mov,mp4,m4a,3gp,3g2,mj2: stream 0, timescale not set
2025-10-18T19:17:24 ffmpeg/mov,mp4,m4a,3gp,3g2,mj2: stream 0, timescale not set
2025-10-18T19:17:24 ffmpeg/mov,mp4,m4a,3gp,3g2,mj2: stream 0, timescale not set
2025-10-18T19:17:31 ffmpeg/mov,mp4,m4a,3gp,3g2,mj2: stream 0, timescale not set
2025-10-18T19:17:31 ffmpeg/mov,mp4,m4a,3gp,3g2,mj2: stream 0, timescale not set
2025-10-18T19:17:31 ffmpeg/mov,mp4,m4a,3gp,3g2,mj2: stream 0, timescale not set
2025-10-18T19:17:31 ffmpeg/mov,mp4,m4a,3gp,3g2,mj2: stream 0, timescale not set
2025-10-18T19:17:31 ffmpeg/mov,mp4,m4a,3gp,3g2,mj2: stream 0, timescale not set
2025-10-18T19:17:31 ffmpeg/mov,mp4,m4a,3gp,3g2,mj2: stream 0, timescale not set
2025-10-18T19:17:31 ffmpeg/mov,mp4,m4a,3gp,3g2,mj2: stream 0, timescale not set
2025-10-18T19:17:32 ffmpeg/mov,mp4,m4a,3gp,3g2,mj2: stream 0, timescale not set
2025-10-18T19:17:32 ffmpeg/mov,mp4,m4a,3gp,3g2,mj2: stream 0, timescale not set
2025-10-18T19:17:32 ffmpeg/mov,mp4,m4a,3gp,3g2,mj2: stream 0, timescale not set
2025-10-18T19:17:32 ffmpeg/mov,mp4,m4a,3gp,3g2,mj2: stream 0, timescale not set
2025-10-18T19:17:32 ffmpeg/mov,mp4,m4a,3gp,3g2,mj2: stream 0, timescale not set
2025-10-18T19:17:32 ffmpeg/mov,mp4,m4a,3gp,3g2,mj2: stream 0, timescale not set
2025-10-18T19:17:32 ffmpeg/mov,mp4,m4a,3gp,3g2,mj2: stream 0, timescale not set
2025-10-18T19:17:32 ffmpeg/mov,mp4,m4a,3gp,3g2,mj2: stream 0, timescale not set
2025-10-18T19:17:32 ffmpeg/mov,mp4,m4a,3gp,3g2,mj2: stream 0, timescale not set
2025-10-18T19:17:32 ffmpeg/mov,mp4,m4a,3gp,3g2,mj2: stream 0, timescale not set
2025-10-18T19:17:35 ffmpeg/mov,mp4,m4a,3gp,3g2,mj2: stream 0, timescale not set
2025-10-18T19:17:35 ffmpeg/mov,mp4,m4a,3gp,3g2,mj2: stream 0, timescale not set
2025-10-18T19:17:35 ffmpeg/mov,mp4,m4a,3gp,3g2,mj2: stream 0, timescale not set
2025-10-18T19:17:35 ffmpeg/mov,mp4,m4a,3gp,3g2,mj2: stream 0, timescale not set
2025-10-18T19:17:35 ffmpeg/mov,mp4,m4a,3gp,3g2,mj2: stream 0, timescale not set
2025-10-18T19:17:35 ffmpeg/mov,mp4,m4a,3gp,3g2,mj2: stream 0, timescale not set
2025-10-18T19:17:35 ffmpeg/mov,mp4,m4a,3gp,3g2,mj2: stream 0, timescale not set
2025-10-18T19:17:36 ffmpeg/mov,mp4,m4a,3gp,3g2,mj2: stream 0, timescale not set
2025-10-18T19:17:36 ffmpeg/mov,mp4,m4a,3gp,3g2,mj2: stream 0, timescale not set
2025-10-18T19:17:36 ffmpeg/mov,mp4,m4a,3gp,3g2,mj2: stream 0, timescale not set
2025-10-18T19:17:36 ffmpeg/mov,mp4,m4a,3gp,3g2,mj2: stream 0, timescale not set
2025-10-18T19:17:36 ffmpeg/mov,mp4,m4a,3gp,3g2,mj2: stream 0, timescale not set
2025-10-18T19:17:36 ffmpeg/mov,mp4,m4a,3gp,3g2,mj2: stream 0, timescale not set
2025-10-18T19:17:36 ffmpeg/mov,mp4,m4a,3gp,3g2,mj2: stream 0, timescale not set
2025-10-18T19:17:36 ffmpeg/mov,mp4,m4a,3gp,3g2,mj2: stream 0, timescale not set
2025-10-18T19:17:36 ffmpeg/mov,mp4,m4a,3gp,3g2,mj2: stream 0, timescale not set
2025-10-18T19:17:36 ffmpeg/mov,mp4,m4a,3gp,3g2,mj2: stream 0, timescale not set
2025-10-18T19:17:36 ffmpeg/mov,mp4,m4a,3gp,3g2,mj2: stream 0, timescale not set
2025-10-18T19:17:36 ffmpeg/mov,mp4,m4a,3gp,3g2,mj2: stream 0, timescale not set
2025-10-18T19:17:36 ffmpeg/mov,mp4,m4a,3gp,3g2,mj2: stream 0, timescale not set
2025-10-18T19:17:36 ffmpeg/mov,mp4,m4a,3gp,3g2,mj2: stream 0, timescale not set
2025-10-18T19:17:38 ffmpeg/mov,mp4,m4a,3gp,3g2,mj2: stream 0, timescale not set
2025-10-18T19:17:38 ffmpeg/mov,mp4,m4a,3gp,3g2,mj2: stream 0, timescale not set
2025-10-18T19:17:38 ffmpeg/mov,mp4,m4a,3gp,3g2,mj2: stream 0, timescale not set
2025-10-18T19:17:38 ffmpeg/mov,mp4,m4a,3gp,3g2,mj2: stream 0, timescale not set
2025-10-18T19:17:38 ffmpeg/mov,mp4,m4a,3gp,3g2,mj2: stream 0, timescale not set
2025-10-18T19:17:38 ffmpeg/mov,mp4,m4a,3gp,3g2,mj2: stream 0, timescale not set
2025-10-18T19:17:38 ffmpeg/mov,mp4,m4a,3gp,3g2,mj2: stream 0, timescale not set
2025-10-18T19:17:38 ffmpeg/mov,mp4,m4a,3gp,3g2,mj2: stream 0, timescale not set
2025-10-18T19:17:38 ffmpeg/mov,mp4,m4a,3gp,3g2,mj2: stream 0, timescale not set
2025-10-18T19:17:38 ffmpeg/mov,mp4,m4a,3gp,3g2,mj2: stream 0, timescale not set
2025-10-18T19:17:39 ffmpeg/mov,mp4,m4a,3gp,3g2,mj2: stream 0, timescale not set
2025-10-18T19:17:39 ffmpeg/mov,mp4,m4a,3gp,3g2,mj2: stream 0, timescale not set
2025-10-18T19:17:39 ffmpeg/mov,mp4,m4a,3gp,3g2,mj2: stream 0, timescale not set
2025-10-18T19:17:39 ffmpeg/mov,mp4,m4a,3gp,3g2,mj2: stream 0, timescale not set
2025-10-18T19:17:39 ffmpeg/mov,mp4,m4a,3gp,3g2,mj2: stream 0, timescale not set
2025-10-18T19:17:39 ffmpeg/mov,mp4,m4a,3gp,3g2,mj2: stream 0, timescale not set
2025-10-18T19:17:39 ffmpeg/mov,mp4,m4a,3gp,3g2,mj2: stream 0, timescale not set
2025-10-18T19:17:40 ffmpeg/mov,mp4,m4a,3gp,3g2,mj2: stream 0, timescale not set
2025-10-18T19:17:40 ffmpeg/mov,mp4,m4a,3gp,3g2,mj2: stream 0, timescale not set
2025-10-18T19:17:40 ffmpeg/mov,mp4,m4a,3gp,3g2,mj2: stream 0, timescale not set
2025-10-18T19:17:40 ffmpeg/mov,mp4,m4a,3gp,3g2,mj2: stream 0, timescale not set
2025-10-18T19:17:40 ffmpeg/mov,mp4,m4a,3gp,3g2,mj2: stream 0, timescale not set
2025-10-18T19:17:40 ffmpeg/mov,mp4,m4a,3gp,3g2,mj2: stream 0, timescale not set
2025-10-18T19:17:40 ffmpeg/mov,mp4,m4a,3gp,3g2,mj2: stream 0, timescale not set
2025-10-18T19:17:43 ffmpeg/mov,mp4,m4a,3gp,3g2,mj2: stream 0, timescale not set
2025-10-18T19:17:43 ffmpeg/mov,mp4,m4a,3gp,3g2,mj2: stream 0, timescale not set
2025-10-18T19:17:43 ffmpeg/mov,mp4,m4a,3gp,3g2,mj2: stream 0, timescale not set
2025-10-18T19:17:43 ffmpeg/mov,mp4,m4a,3gp,3g2,mj2: stream 0, timescale not set
2025-10-18T19:17:43 ffmpeg/mov,mp4,m4a,3gp,3g2,mj2: stream 0, timescale not set
2025-10-18T19:17:43 ffmpeg/mov,mp4,m4a,3gp,3g2,mj2: stream 0, timescale not set
2025-10-18T19:17:43 ffmpeg/mov,mp4,m4a,3gp,3g2,mj2: stream 0, timescale not set
2025-10-18T19:17:43 ffmpeg/mov,mp4,m4a,3gp,3g2,mj2: stream 0, timescale not set
2025-10-18T19:17:43 ffmpeg/mov,mp4,m4a,3gp,3g2,mj2: stream 0, timescale not set
2025-10-18T19:17:43 ffmpeg/mov,mp4,m4a,3gp,3g2,mj2: stream 0, timescale not set
2025-10-18T19:20:52 ffmpeg/mov,mp4,m4a,3gp,3g2,mj2: stream 0, timescale not set
2025-10-18T19:21:34 player: played "AViVA - GRRRLS (OFFICIAL VIDEO)_256k.mp3"
2025-10-18T19:21:34 ffmpeg/mov,mp4,m4a,3gp,3g2,mj2: stream 0, timescale not set
2025-10-18T19:21:34 ffmpeg/mov,mp4,m4a,3gp,3g2,mj2: stream 0, timescale not set
2025-10-18T19:21:34 ffmpeg/mov,mp4,m4a,3gp,3g2,mj2: stream 0, timescale not set
2025-10-18T19:21:34 ffmpeg/mov,mp4,m4a,3gp,3g2,mj2: stream 0, timescale not set
2025-10-18T19:21:34 ffmpeg/mov,mp4,m4a,3gp,3g2,mj2: stream 0, timescale not set
2025-10-18T19:21:34 ffmpeg/mov,mp4,m4a,3gp,3g2,mj2: stream 0, timescale not set
2025-10-18T19:21:34 ffmpeg/mov,mp4,m4a,3gp,3g2,mj2: stream 0, timescale not set
2025-10-18T19:21:34 ffmpeg/mov,mp4,m4a,3gp,3g2,mj2: stream 0, timescale not set
2025-10-18T19:21:34 ffmpeg/mov,mp4,m4a,3gp,3g2,mj2: stream 0, timescale not set
2025-10-18T19:21:34 ffmpeg/mov,mp4,m4a,3gp,3g2,mj2: stream 0, timescale not set
2025-10-18T19:21:52 ffmpeg/mov,mp4,m4a,3gp,3g2,mj2: stream 0, timescale not set
2025-10-18T19:21:52 ffmpeg/mov,mp4,m4a,3gp,3g2,mj2: stream 0, timescale not set
2025-10-18T19:21:52 ffmpeg/mov,mp4,m4a,3gp,3g2,mj2: stream 0, timescale not set
2025-10-18T19:21:52 ffmpeg/mov,mp4,m4a,3gp,3g2,mj2: stream 0, timescale not set
2025-10-18T19:21:52 ffmpeg/mov,mp4,m4a,3gp,3g2,mj2: stream 0, timescale not set
2025-10-18T19:21:52 ffmpeg/mov,mp4,m4a,3gp,3g2,mj2: stream 0, timescale not set
2025-10-18T19:21:52 ffmpeg/mov,mp4,m4a,3gp,3g2,mj2: stream 0, timescale not set
2025-10-18T19:21:52 ffmpeg/mov,mp4,m4a,3gp,3g2,mj2: stream 0, timescale not set
2025-10-18T19:21:52 ffmpeg/mov,mp4,m4a,3gp,3g2,mj2: stream 0, timescale not set
2025-10-18T19:21:52 ffmpeg/mov,mp4,m4a,3gp,3g2,mj2: stream 0, timescale not set
2025-10-18T19:21:55 ffmpeg/mov,mp4,m4a,3gp,3g2,mj2: stream 0, timescale not set
2025-10-18T19:21:55 ffmpeg/mov,mp4,m4a,3gp,3g2,mj2: stream 0, timescale not set
2025-10-18T19:21:55 ffmpeg/mov,mp4,m4a,3gp,3g2,mj2: stream 0, timescale not set
2025-10-18T19:21:55 ffmpeg/mov,mp4,m4a,3gp,3g2,mj2: stream 0, timescale not set
2025-10-18T19:21:55 ffmpeg/mov,mp4,m4a,3gp,3g2,mj2: stream 0, timescale not set
2025-10-18T19:21:55 ffmpeg/mov,mp4,m4a,3gp,3g2,mj2: stream 0, timescale not set
2025-10-18T19:21:55 ffmpeg/mov,mp4,m4a,3gp,3g2,mj2: stream 0, timescale not set
2025-10-18T19:23:53 ffmpeg/mov,mp4,m4a,3gp,3g2,mj2: stream 0, timescale not set
2025-10-18T19:24:12 player: played "A-Punk.m4a"
2025-10-18T19:24:12 ffmpeg/mov,mp4,m4a,3gp,3g2,mj2: stream 0, timescale not set
2025-10-18T19:24:12 ffmpeg/mov,mp4,m4a,3gp,3g2,mj2: stream 0, timescale not set
2025-10-18T19:24:12 ffmpeg/mov,mp4,m4a,3gp,3g2,mj2: stream 0, timescale not set
2025-10-18T19:24:12 ffmpeg/mov,mp4,m4a,3gp,3g2,mj2: stream 0, timescale not set
2025-10-18T19:24:12 ffmpeg/mov,mp4,m4a,3gp,3g2,mj2: stream 0, timescale not set
2025-10-18T19:24:12 ffmpeg/mov,mp4,m4a,3gp,3g2,mj2: stream 0, timescale not set
2025-10-18T19:25:14 ffmpeg/mov,mp4,m4a,3gp,3g2,mj2: stream 0, timescale not set
2025-10-18T19:25:14 ffmpeg/mov,mp4,m4a,3gp,3g2,mj2: stream 0, timescale not set
2025-10-18T19:25:14 ffmpeg/mov,mp4,m4a,3gp,3g2,mj2: stream 0, timescale not set
2025-10-18T19:25:14 ffmpeg/mov,mp4,m4a,3gp,3g2,mj2: stream 0, timescale not set
2025-10-18T19:25:14 ffmpeg/mov,mp4,m4a,3gp,3g2,mj2: stream 0, timescale not set
2025-10-18T19:25:14 ffmpeg/mov,mp4,m4a,3gp,3g2,mj2: stream 0, timescale not set
2025-10-18T19:25:35 ffmpeg/mov,mp4,m4a,3gp,3g2,mj2: stream 0, timescale not set
2025-10-18T19:25:35 ffmpeg/mov,mp4,m4a,3gp,3g2,mj2: stream 0, timescale not set
2025-10-18T19:25:37 ffmpeg/mov,mp4,m4a,3gp,3g2,mj2: stream 0, timescale not set
2025-10-18T19:25:37 ffmpeg/mov,mp4,m4a,3gp,3g2,mj2: stream 0, timescale not set
2025-10-18T19:25:41 ffmpeg/mov,mp4,m4a,3gp,3g2,mj2: stream 0, timescale not set
2025-10-18T19:25:41 ffmpeg/mov,mp4,m4a,3gp,3g2,mj2: stream 0, timescale not set
2025-10-18T19:26:26 ffmpeg/mov,mp4,m4a,3gp,3g2,mj2: stream 0, timescale not set
2025-10-18T19:26:26 ffmpeg/mov,mp4,m4a,3gp,3g2,mj2: stream 0, timescale not set
2025-10-18T19:26:26 ffmpeg/mov,mp4,m4a,3gp,3g2,mj2: stream 0, timescale not set
2025-10-18T19:26:26 ffmpeg/mov,mp4,m4a,3gp,3g2,mj2: stream 0, timescale not set
2025-10-18T19:26:26 ffmpeg/mov,mp4,m4a,3gp,3g2,mj2: stream 0, timescale not set
2025-10-18T19:26:26 ffmpeg/mov,mp4,m4a,3gp,3g2,mj2: stream 0, timescale not set
2025-10-18T19:27:39 ffmpeg/mov,mp4,m4a,3gp,3g2,mj2: stream 0, timescale not set
2025-10-18T19:27:39 ffmpeg/mov,mp4,m4a,3gp,3g2,mj2: stream 0, timescale not set
2025-10-18T19:27:39 ffmpeg/mov,mp4,m4a,3gp,3g2,mj2: stream 0, timescale not set
2025-10-18T19:27:39 ffmpeg/mov,mp4,m4a,3gp,3g2,mj2: stream 0, timescale not set
2025-10-18T19:27:39 ffmpeg/mov,mp4,m4a,3gp,3g2,mj2: stream 0, timescale not set
2025-10-18T19:27:39 ffmpeg/mov,mp4,m4a,3gp,3g2,mj2: stream 0, timescale not set
2025-10-18T19:28:02 ffmpeg/mov,mp4,m4a,3gp,3g2,mj2: stream 0, timescale not set
2025-10-18T19:28:20 ffmpeg/mov,mp4,m4a,3gp,3g2,mj2: stream 0, timescale not set
2025-10-18T19:28:20 ffmpeg/mov,mp4,m4a,3gp,3g2,mj2: stream 0, timescale not set
2025-10-18T19:28:20 ffmpeg/mov,mp4,m4a,3gp,3g2,mj2: stream 0, timescale not set
2025-10-18T19:28:20 ffmpeg/mov,mp4,m4a,3gp,3g2,mj2: stream 0, timescale not set
2025-10-18T19:28:20 ffmpeg/mov,mp4,m4a,3gp,3g2,mj2: stream 0, timescale not set
2025-10-18T19:28:20 ffmpeg/mov,mp4,m4a,3gp,3g2,mj2: stream 0, timescale not set
2025-10-18T19:28:21 player: played "Jaymes Young - Don't You Know _ Sub Español.m4a"
2025-10-18T19:28:21 ffmpeg/mov,mp4,m4a,3gp,3g2,mj2: stream 0, timescale not set
2025-10-18T19:28:21 ffmpeg/mov,mp4,m4a,3gp,3g2,mj2: stream 0, timescale not set
2025-10-18T19:28:21 ffmpeg/mov,mp4,m4a,3gp,3g2,mj2: stream 0, timescale not set
2025-10-18T19:28:21 ffmpeg/mov,mp4,m4a,3gp,3g2,mj2: stream 0, timescale not set
2025-10-18T19:28:21 ffmpeg/mov,mp4,m4a,3gp,3g2,mj2: stream 0, timescale not set
2025-10-18T19:28:21 ffmpeg/mov,mp4,m4a,3gp,3g2,mj2: stream 0, timescale not set
2025-10-18T19:28:41 ffmpeg/mov,mp4,m4a,3gp,3g2,mj2: stream 0, timescale not set
2025-10-18T19:28:41 ffmpeg/mov,mp4,m4a,3gp,3g2,mj2: stream 0, timescale not set
2025-10-18T19:28:41 ffmpeg/mov,mp4,m4a,3gp,3g2,mj2: stream 0, timescale not set
2025-10-18T19:28:41 ffmpeg/mov,mp4,m4a,3gp,3g2,mj2: stream 0, timescale not set
2025-10-18T19:28:41 ffmpeg/mov,mp4,m4a,3gp,3g2,mj2: stream 0, timescale not set
2025-10-18T19:28:41 ffmpeg/mov,mp4,m4a,3gp,3g2,mj2: stream 0, timescale not set
2025-10-18T19:28:41 ffmpeg/mov,mp4,m4a,3gp,3g2,mj2: stream 0, timescale not set
2025-10-18T19:29:08 ffmpeg/mov,mp4,m4a,3gp,3g2,mj2: stream 0, timescale not set
2025-10-18T19:29:08 ffmpeg/mov,mp4,m4a,3gp,3g2,mj2: stream 0, timescale not set
2025-10-18T19:29:08 ffmpeg/mov,mp4,m4a,3gp,3g2,mj2: stream 0, timescale not set
2025-10-18T19:29:08 ffmpeg/mov,mp4,m4a,3gp,3g2,mj2: stream 0, timescale not set
2025-10-18T19:29:08 ffmpeg/mov,mp4,m4a,3gp,3g2,mj2: stream 0, timescale not set
2025-10-18T19:29:08 ffmpeg/mov,mp4,m4a,3gp,3g2,mj2: stream 0, timescale not set
2025-10-18T19:29:44 ffmpeg/mov,mp4,m4a,3gp,3g2,mj2: stream 0, timescale not set
2025-10-18T19:29:44 ffmpeg/mov,mp4,m4a,3gp,3g2,mj2: stream 0, timescale not set
2025-10-18T19:29:44 ffmpeg/mov,mp4,m4a,3gp,3g2,mj2: stream 0, timescale not set
2025-10-18T19:29:44 ffmpeg/mov,mp4,m4a,3gp,3g2,mj2: stream 0, timescale not set
2025-10-18T19:29:44 ffmpeg/mov,mp4,m4a,3gp,3g2,mj2: stream 0, timescale not set
2025-10-18T19:29:44 ffmpeg/mov,mp4,m4a,3gp,3g2,mj2: stream 0, timescale not set
2025-10-18T19:30:14 ffmpeg/mov,mp4,m4a,3gp,3g2,mj2: stream 0, timescale not set
2025-10-18T19:30:14 ffmpeg/mov,mp4,m4a,3gp,3g2,mj2: stream 0, timescale not set
2025-10-18T19:30:14 ffmpeg/mov,mp4,m4a,3gp,3g2,mj2: stream 0, timescale not set
2025-10-18T19:30:14 ffmpeg/mov,mp4,m4a,3gp,3g2,mj2: stream 0, timescale not set
2025-10-18T19:30:14 ffmpeg/mov,mp4,m4a,3gp,3g2,mj2: stream 0, timescale not set
2025-10-18T19:30:14 ffmpeg/mov,mp4,m4a,3gp,3g2,mj2: stream 0, timescale not set
2025-10-18T19:30:26 ffmpeg/mov,mp4,m4a,3gp,3g2,mj2: stream 0, timescale not set
2025-10-18T19:30:26 ffmpeg/mov,mp4,m4a,3gp,3g2,mj2: stream 0, timescale not set
2025-10-18T19:30:26 ffmpeg/mov,mp4,m4a,3gp,3g2,mj2: stream 0, timescale not set
2025-10-18T19:30:26 ffmpeg/mov,mp4,m4a,3gp,3g2,mj2: stream 0, timescale not set
2025-10-18T19:30:26 ffmpeg/mov,mp4,m4a,3gp,3g2,mj2: stream 0, timescale not set
2025-10-18T19:30:26 ffmpeg/mov,mp4,m4a,3gp,3g2,mj2: stream 0, timescale not set
2025-10-18T19:31:03 ffmpeg/mov,mp4,m4a,3gp,3g2,mj2: stream 0, timescale not set
2025-10-18T19:31:03 ffmpeg/mov,mp4,m4a,3gp,3g2,mj2: stream 0, timescale not set
2025-10-18T19:31:03 ffmpeg/mov,mp4,m4a,3gp,3g2,mj2: stream 0, timescale not set
2025-10-18T19:31:03 ffmpeg/mov,mp4,m4a,3gp,3g2,mj2: stream 0, timescale not set
2025-10-18T19:31:03 ffmpeg/mov,mp4,m4a,3gp,3g2,mj2: stream 0, timescale not set
2025-10-18T19:31:03 ffmpeg/mov,mp4,m4a,3gp,3g2,mj2: stream 0, timescale not set
2025-10-18T19:32:01 ffmpeg/mov,mp4,m4a,3gp,3g2,mj2: stream 0, timescale not set
2025-10-18T19:32:07 ffmpeg/mov,mp4,m4a,3gp,3g2,mj2: stream 0, timescale not set
2025-10-18T19:32:07 ffmpeg/mov,mp4,m4a,3gp,3g2,mj2: stream 0, timescale not set
2025-10-18T19:32:07 ffmpeg/mov,mp4,m4a,3gp,3g2,mj2: stream 0, timescale not set
2025-10-18T19:32:07 ffmpeg/mov,mp4,m4a,3gp,3g2,mj2: stream 0, timescale not set
2025-10-18T19:32:07 ffmpeg/mov,mp4,m4a,3gp,3g2,mj2: stream 0, timescale not set
2025-10-18T19:32:07 ffmpeg/mov,mp4,m4a,3gp,3g2,mj2: stream 0, timescale not set
2025-10-18T19:32:21 player: played "Birds.m4a"
2025-10-18T19:32:21 ffmpeg/mov,mp4,m4a,3gp,3g2,mj2: stream 0, timescale not set
2025-10-18T19:32:21 ffmpeg/mov,mp4,m4a,3gp,3g2,mj2: stream 0, timescale not set
2025-10-18T19:32:21 ffmpeg/mov,mp4,m4a,3gp,3g2,mj2: stream 0, timescale not set
2025-10-18T19:32:21 ffmpeg/mov,mp4,m4a,3gp,3g2,mj2: stream 0, timescale not set
2025-10-18T19:32:21 ffmpeg/mov,mp4,m4a,3gp,3g2,mj2: stream 0, timescale not set
2025-10-18T19:32:21 ffmpeg/mov,mp4,m4a,3gp,3g2,mj2: stream 0, timescale not set
2025-10-18T19:32:30 ffmpeg/mov,mp4,m4a,3gp,3g2,mj2: stream 0, timescale not set
2025-10-18T19:32:30 ffmpeg/mov,mp4,m4a,3gp,3g2,mj2: stream 0, timescale not set
2025-10-18T19:32:30 ffmpeg/mov,mp4,m4a,3gp,3g2,mj2: stream 0, timescale not set
2025-10-18T19:32:30 ffmpeg/mov,mp4,m4a,3gp,3g2,mj2: stream 0, timescale not set
2025-10-18T19:32:30 ffmpeg/mov,mp4,m4a,3gp,3g2,mj2: stream 0, timescale not set
2025-10-18T19:32:30 ffmpeg/mov,mp4,m4a,3gp,3g2,mj2: stream 0, timescale not set
2025-10-18T19:33:24 ffmpeg/mov,mp4,m4a,3gp,3g2,mj2: stream 0, timescale not set
2025-10-18T19:33:24 ffmpeg/mov,mp4,m4a,3gp,3g2,mj2: stream 0, timescale not set
2025-10-18T19:33:24 ffmpeg/mov,mp4,m4a,3gp,3g2,mj2: stream 0, timescale not set
2025-10-18T19:33:24 ffmpeg/mov,mp4,m4a,3gp,3g2,mj2: stream 0, timescale not set
2025-10-18T19:33:24 ffmpeg/mov,mp4,m4a,3gp,3g2,mj2: stream 0, timescale not set
2025-10-18T19:33:24 ffmpeg/mov,mp4,m4a,3gp,3g2,mj2: stream 0, timescale not set
2025-10-18T19:33:45 ffmpeg/mov,mp4,m4a,3gp,3g2,mj2: stream 0, timescale not set
2025-10-18T19:33:45 ffmpeg/mov,mp4,m4a,3gp,3g2,mj2: stream 0, timescale not set
2025-10-18T19:33:45 ffmpeg/mov,mp4,m4a,3gp,3g2,mj2: stream 0, timescale not set
2025-10-18T19:33:45 ffmpeg/mov,mp4,m4a,3gp,3g2,mj2: stream 0, timescale not set
2025-10-18T19:33:45 ffmpeg/mov,mp4,m4a,3gp,3g2,mj2: stream 0, timescale not set
2025-10-18T19:33:45 ffmpeg/mov,mp4,m4a,3gp,3g2,mj2: stream 0, timescale not set
2025-10-18T19:35:40 ffmpeg/mov,mp4,m4a,3gp,3g2,mj2: stream 0, timescale not set
2025-10-18T19:36:03 player: played "10. Ka-b - Aunque me duela (Official Music Video) _ THE NEW TSUNAMI.m4a"
2025-10-18T19:36:03 ffmpeg/mov,mp4,m4a,3gp,3g2,mj2: stream 0, timescale not set
2025-10-18T19:36:03 ffmpeg/mov,mp4,m4a,3gp,3g2,mj2: stream 0, timescale not set
2025-10-18T19:36:03 ffmpeg/mov,mp4,m4a,3gp,3g2,mj2: stream 0, timescale not set
2025-10-18T19:36:07 ffmpeg/mov,mp4,m4a,3gp,3g2,mj2: stream 0, timescale not set
2025-10-18T19:36:07 ffmpeg/mov,mp4,m4a,3gp,3g2,mj2: stream 0, timescale not set
2025-10-18T19:36:07 ffmpeg/mov,mp4,m4a,3gp,3g2,mj2: stream 0, timescale not set
2025-10-18T19:36:07 ffmpeg/mov,mp4,m4a,3gp,3g2,mj2: stream 0, timescale not set
2025-10-18T19:36:07 ffmpeg/mov,mp4,m4a,3gp,3g2,mj2: stream 0, timescale not set
2025-10-18T19:36:07 ffmpeg/mov,mp4,m4a,3gp,3g2,mj2: stream 0, timescale not set
2025-10-18T19:36:07 ffmpeg/mov,mp4,m4a,3gp,3g2,mj2: stream 0, timescale not set
2025-10-18T19:36:07 ffmpeg/mov,mp4,m4a,3gp,3g2,mj2: stream 0, timescale not set
2025-10-18T19:36:07 ffmpeg/mov,mp4,m4a,3gp,3g2,mj2: stream 0, timescale not set
2025-10-18T19:36:47 ffmpeg/mov,mp4,m4a,3gp,3g2,mj2: stream 0, timescale not set
2025-10-18T19:36:47 ffmpeg/mov,mp4,m4a,3gp,3g2,mj2: stream 0, timescale not set
2025-10-18T19:36:47 ffmpeg/mov,mp4,m4a,3gp,3g2,mj2: stream 0, timescale not set
2025-10-18T19:36:47 ffmpeg/mov,mp4,m4a,3gp,3g2,mj2: stream 0, timescale not set
2025-10-18T19:36:47 ffmpeg/mov,mp4,m4a,3gp,3g2,mj2: stream 0, timescale not set
2025-10-18T19:36:47 ffmpeg/mov,mp4,m4a,3gp,3g2,mj2: stream 0, timescale not set
2025-10-18T19:36:47 ffmpeg/mov,mp4,m4a,3gp,3g2,mj2: stream 0, timescale not set
2025-10-18T19:37:28 ffmpeg/mov,mp4,m4a,3gp,3g2,mj2: stream 0, timescale not set
2025-10-18T19:37:28 ffmpeg/mov,mp4,m4a,3gp,3g2,mj2: stream 0, timescale not set
2025-10-18T19:37:28 ffmpeg/mov,mp4,m4a,3gp,3g2,mj2: stream 0, timescale not set
2025-10-18T19:37:28 ffmpeg/mov,mp4,m4a,3gp,3g2,mj2: stream 0, timescale not set
2025-10-18T19:37:28 ffmpeg/mov,mp4,m4a,3gp,3g2,mj2: stream 0, timescale not set
2025-10-18T19:37:28 ffmpeg/mov,mp4,m4a,3gp,3g2,mj2: stream 0, timescale not set
2025-10-18T19:37:33 ffmpeg/mov,mp4,m4a,3gp,3g2,mj2: stream 0, timescale not set
2025-10-18T19:37:33 ffmpeg/mov,mp4,m4a,3gp,3g2,mj2: stream 0, timescale not set
2025-10-18T19:37:33 ffmpeg/mov,mp4,m4a,3gp,3g2,mj2: stream 0, timescale not set
2025-10-18T19:37:33 ffmpeg/mov,mp4,m4a,3gp,3g2,mj2: stream 0, timescale not set
2025-10-18T19:37:33 ffmpeg/mov,mp4,m4a,3gp,3g2,mj2: stream 0, timescale not set
2025-10-18T19:37:33 ffmpeg/mov,mp4,m4a,3gp,3g2,mj2: stream 0, timescale not set
2025-10-18T19:37:33 ffmpeg/mov,mp4,m4a,3gp,3g2,mj2: stream 0, timescale not set
2025-10-18T19:38:24 ffmpeg/mov,mp4,m4a,3gp,3g2,mj2: stream 0, timescale not set
2025-10-18T19:38:24 ffmpeg/mov,mp4,m4a,3gp,3g2,mj2: stream 0, timescale not set
2025-10-18T19:38:24 ffmpeg/mov,mp4,m4a,3gp,3g2,mj2: stream 0, timescale not set
2025-10-18T19:38:24 ffmpeg/mov,mp4,m4a,3gp,3g2,mj2: stream 0, timescale not set
2025-10-18T19:38:24 ffmpeg/mov,mp4,m4a,3gp,3g2,mj2: stream 0, timescale not set
2025-10-18T19:38:24 ffmpeg/mov,mp4,m4a,3gp,3g2,mj2: stream 0, timescale not set
2025-10-18T19:39:31 ffmpeg/mov,mp4,m4a,3gp,3g2,mj2: stream 0, timescale not set
2025-10-18T19:39:31 ffmpeg/mov,mp4,m4a,3gp,3g2,mj2: stream 0, timescale not set
2025-10-18T19:39:31 ffmpeg/mov,mp4,m4a,3gp,3g2,mj2: stream 0, timescale not set
2025-10-18T19:39:31 ffmpeg/mov,mp4,m4a,3gp,3g2,mj2: stream 0, timescale not set
2025-10-18T19:39:31 ffmpeg/mov,mp4,m4a,3gp,3g2,mj2: stream 0, timescale not set
2025-10-18T19:39:31 ffmpeg/mov,mp4,m4a,3gp,3g2,mj2: stream 0, timescale not set
2025-10-18T19:41:35 player: played "Cuarteto de Nos - Lo malo de ser bueno ( con letra ).m4a"
2025-10-18T19:43:39 ffmpeg/mov,mp4,m4a,3gp,3g2,mj2: stream 0, timescale not set
2025-10-18T19:44:19 player: played "Eladio Carrión - Paz Mental (Video Oficial).mp3"
2025-10-18T19:44:19 ffmpeg/mov,mp4,m4a,3gp,3g2,mj2: stream 0, timescale not set
2025-10-18T19:44:19 ffmpeg/mov,mp4,m4a,3gp,3g2,mj2: stream 0, timescale not set
2025-10-18T19:44:19 ffmpeg/mov,mp4,m4a,3gp,3g2,mj2: stream 0, timescale not set
2025-10-18T19:44:19 ffmpeg/mov,mp4,m4a,3gp,3g2,mj2: stream 0, timescale not set
2025-10-18T19:44:19 ffmpeg/mov,mp4,m4a,3gp,3g2,mj2: stream 0, timescale not set
2025-10-18T19:44:19 ffmpeg/mov,mp4,m4a,3gp,3g2,mj2: stream 0, timescale not set
2025-10-18T19:44:19 ffmpeg/mov,mp4,m4a,3gp,3g2,mj2: stream 0, timescale not set
2025-10-18T19:44:19 ffmpeg/mov,mp4,m4a,3gp,3g2,mj2: stream 0, timescale not set
2025-10-18T19:44:19 ffmpeg/mov,mp4,m4a,3gp,3g2,mj2: stream 0, timescale not set
2025-10-18T19:44:27 ffmpeg/mov,mp4,m4a,3gp,3g2,mj2: stream 0, timescale not set
2025-10-18T19:44:27 ffmpeg/mov,mp4,m4a,3gp,3g2,mj2: stream 0, timescale not set
2025-10-18T19:44:27 ffmpeg/mov,mp4,m4a,3gp,3g2,mj2: stream 0, timescale not set
2025-10-18T19:44:27 ffmpeg/mov,mp4,m4a,3gp,3g2,mj2: stream 0, timescale not set
2025-10-18T19:44:27 ffmpeg/mov,mp4,m4a,3gp,3g2,mj2: stream 0, timescale not set
2025-10-18T19:44:27 ffmpeg/mov,mp4,m4a,3gp,3g2,mj2: stream 0, timescale not set
2025-10-18T19:44:27 ffmpeg/mov,mp4,m4a,3gp,3g2,mj2: stream 0, timescale not set
2025-10-18T19:46:44 ffmpeg/mov,mp4,m4a,3gp,3g2,mj2: stream 0, timescale not set
2025-10-18T19:46:45 ffmpeg/mov,mp4,m4a,3gp,3g2,mj2: stream 0, timescale not set
2025-10-18T19:46:45 ffmpeg/mov,mp4,m4a,3gp,3g2,mj2: stream 0, timescale not set
2025-10-18T19:46:45 ffmpeg/mov,mp4,m4a,3gp,3g2,mj2: stream 0, timescale not set
2025-10-18T19:46:45 ffmpeg/mov,mp4,m4a,3gp,3g2,mj2: stream 0, timescale not set
2025-10-18T19:46:45 ffmpeg/mov,mp4,m4a,3gp,3g2,mj2: stream 0, timescale not set
2025-10-18T19:46:45 ffmpeg/mov,mp4,m4a,3gp,3g2,mj2: stream 0, timescale not set
2025-10-18T19:46:45 ffmpeg/mov,mp4,m4a,3gp,3g2,mj2: stream 0, timescale not set
2025-10-18T19:46:45 ffmpeg/mov,mp4,m4a,3gp,3g2,mj2: stream 0, timescale not set
2025-10-18T19:46:45 ffmpeg/mov,mp4,m4a,3gp,3g2,mj2: stream 0, timescale not set
2025-10-18T19:46:46 ffmpeg/mov,mp4,m4a,3gp,3g2,mj2: stream 0, timescale not set
2025-10-18T19:46:46 ffmpeg/mov,mp4,m4a,3gp,3g2,mj2: stream 0, timescale not set
2025-10-18T19:46:47 ffmpeg/mov,mp4,m4a,3gp,3g2,mj2: stream 0, timescale not set
2025-10-18T19:46:47 ffmpeg/mov,mp4,m4a,3gp,3g2,mj2: stream 0, timescale not set
2025-10-18T19:46:47 ffmpeg/mov,mp4,m4a,3gp,3g2,mj2: stream 0, timescale not set
2025-10-18T19:46:47 ffmpeg/mov,mp4,m4a,3gp,3g2,mj2: stream 0, timescale not set
2025-10-18T19:46:47 ffmpeg/mov,mp4,m4a,3gp,3g2,mj2: stream 0, timescale not set
2025-10-18T19:46:48 ffmpeg/mov,mp4,m4a,3gp,3g2,mj2: stream 0, timescale not set
2025-10-18T19:46:48 ffmpeg/mov,mp4,m4a,3gp,3g2,mj2: stream 0, timescale not set
2025-10-18T19:46:48 ffmpeg/mov,mp4,m4a,3gp,3g2,mj2: stream 0, timescale not set
2025-10-18T19:46:48 ffmpeg/mov,mp4,m4a,3gp,3g2,mj2: stream 0, timescale not set
2025-10-18T19:46:48 ffmpeg/mov,mp4,m4a,3gp,3g2,mj2: stream 0, timescale not set
2025-10-18T19:46:48 ffmpeg/mov,mp4,m4a,3gp,3g2,mj2: stream 0, timescale not set
2025-10-18T19:46:48 ffmpeg/mov,mp4,m4a,3gp,3g2,mj2: stream 0, timescale not set
2025-10-18T19:46:48 ffmpeg/mov,mp4,m4a,3gp,3g2,mj2: stream 0, timescale not set
2025-10-18T19:46:48 ffmpeg/mov,mp4,m4a,3gp,3g2,mj2: stream 0, timescale not set
2025-10-18T19:46:48 ffmpeg/mov,mp4,m4a,3gp,3g2,mj2: stream 0, timescale not set
2025-10-18T19:46:49 ffmpeg/mov,mp4,m4a,3gp,3g2,mj2: stream 0, timescale not set
2025-10-18T19:46:49 ffmpeg/mov,mp4,m4a,3gp,3g2,mj2: stream 0, timescale not set
2025-10-18T19:46:49 ffmpeg/mov,mp4,m4a,3gp,3g2,mj2: stream 0, timescale not set
2025-10-18T19:46:49 ffmpeg/mov,mp4,m4a,3gp,3g2,mj2: stream 0, timescale not set
2025-10-18T19:46:49 ffmpeg/mov,mp4,m4a,3gp,3g2,mj2: stream 0, timescale not set
2025-10-18T19:46:49 ffmpeg/mov,mp4,m4a,3gp,3g2,mj2: stream 0, timescale not set
2025-10-18T19:46:49 ffmpeg/mov,mp4,m4a,3gp,3g2,mj2: stream 0, timescale not set
2025-10-18T19:46:53 ffmpeg/mov,mp4,m4a,3gp,3g2,mj2: stream 0, timescale not set
2025-10-18T19:46:53 ffmpeg/mov,mp4,m4a,3gp,3g2,mj2: stream 0, timescale not set
2025-10-18T19:46:53 ffmpeg/mov,mp4,m4a,3gp,3g2,mj2: stream 0, timescale not set
2025-10-18T19:46:53 ffmpeg/mov,mp4,m4a,3gp,3g2,mj2: stream 0, timescale not set
2025-10-18T19:46:53 ffmpeg/mov,mp4,m4a,3gp,3g2,mj2: stream 0, timescale not set
2025-10-18T19:46:53 ffmpeg/mov,mp4,m4a,3gp,3g2,mj2: stream 0, timescale not set
2025-10-18T19:46:53 ffmpeg/mov,mp4,m4a,3gp,3g2,mj2: stream 0, timescale not set
2025-10-18T19:46:53 ffmpeg/mov,mp4,m4a,3gp,3g2,mj2: stream 0, timescale not set
2025-10-18T19:46:53 ffmpeg/mov,mp4,m4a,3gp,3g2,mj2: stream 0, timescale not set
2025-10-18T19:46:53 ffmpeg/mov,mp4,m4a,3gp,3g2,mj2: stream 0, timescale not set
2025-10-18T19:47:32 ffmpeg/mov,mp4,m4a,3gp,3g2,mj2: stream 0, timescale not set
2025-10-18T19:47:32 ffmpeg/mov,mp4,m4a,3gp,3g2,mj2: stream 0, timescale not set
2025-10-18T19:47:32 ffmpeg/mov,mp4,m4a,3gp,3g2,mj2: stream 0, timescale not set
2025-10-18T19:47:32 ffmpeg/mov,mp4,m4a,3gp,3g2,mj2: stream 0, timescale not set
2025-10-18T19:47:32 ffmpeg/mov,mp4,m4a,3gp,3g2,mj2: stream 0, timescale not set
2025-10-18T19:47:32 ffmpeg/mov,mp4,m4a,3gp,3g2,mj2: stream 0, timescale not set
2025-10-18T19:47:32 ffmpeg/mov,mp4,m4a,3gp,3g2,mj2: stream 0, timescale not set
2025-10-18T19:47:32 ffmpeg/mov,mp4,m4a,3gp,3g2,mj2: stream 0, timescale not set
2025-10-18T19:47:32 ffmpeg/mov,mp4,m4a,3gp,3g2,mj2: stream 0, timescale not set
2025-10-18T19:47:46 ffmpeg/mov,mp4,m4a,3gp,3g2,mj2: stream 0, timescale not set
2025-10-18T19:47:46 ffmpeg/mov,mp4,m4a,3gp,3g2,mj2: stream 0, timescale not set
2025-10-18T19:47:46 ffmpeg/mov,mp4,m4a,3gp,3g2,mj2: stream 0, timescale not set
2025-10-18T19:47:46 ffmpeg/mov,mp4,m4a,3gp,3g2,mj2: stream 0, timescale not set
2025-10-18T19:47:46 ffmpeg/mov,mp4,m4a,3gp,3g2,mj2: stream 0, timescale not set
2025-10-18T19:47:46 ffmpeg/mov,mp4,m4a,3gp,3g2,mj2: stream 0, timescale not set
2025-10-18T19:47:46 ffmpeg/mov,mp4,m4a,3gp,3g2,mj2: stream 0, timescale not set
2025-10-18T19:47:46 ffmpeg/mov,mp4,m4a,3gp,3g2,mj2: stream 0, timescale not set
2025-10-18T19:47:46 ffmpeg/mov,mp4,m4a,3gp,3g2,mj2: stream 0, timescale not set
2025-10-18T19:47:58 ffmpeg/mov,mp4,m4a,3gp,3g2,mj2: stream 0, timescale not set
2025-10-18T19:47:58 ffmpeg/mov,mp4,m4a,3gp,3g2,mj2: stream 0, timescale not set
2025-10-18T19:47:58 ffmpeg/mov,mp4,m4a,3gp,3g2,mj2: stream 0, timescale not set
2025-10-18T19:47:58 ffmpeg/mov,mp4,m4a,3gp,3g2,mj2: stream 0, timescale not set
2025-10-18T19:47:58 ffmpeg/mov,mp4,m4a,3gp,3g2,mj2: stream 0, timescale not set
2025-10-18T19:47:58 ffmpeg/mov,mp4,m4a,3gp,3g2,mj2: stream 0, timescale not set
2025-10-18T19:47:58 ffmpeg/mov,mp4,m4a,3gp,3g2,mj2: stream 0, timescale not set
2025-10-18T19:47:58 ffmpeg/mov,mp4,m4a,3gp,3g2,mj2: stream 0, timescale not set
2025-10-18T19:47:58 ffmpeg/mov,mp4,m4a,3gp,3g2,mj2: stream 0, timescale not set
2025-10-18T19:50:24 ffmpeg/mov,mp4,m4a,3gp,3g2,mj2: stream 0, timescale not set
2025-10-18T19:50:24 ffmpeg/mov,mp4,m4a,3gp,3g2,mj2: stream 0, timescale not set
2025-10-18T19:50:24 ffmpeg/mov,mp4,m4a,3gp,3g2,mj2: stream 0, timescale not set
2025-10-18T19:50:24 ffmpeg/mov,mp4,m4a,3gp,3g2,mj2: stream 0, timescale not set
2025-10-18T19:50:24 ffmpeg/mov,mp4,m4a,3gp,3g2,mj2: stream 0, timescale not set
2025-10-18T19:50:24 ffmpeg/mov,mp4,m4a,3gp,3g2,mj2: stream 0, timescale not set
2025-10-18T19:50:24 ffmpeg/mov,mp4,m4a,3gp,3g2,mj2: stream 0, timescale not set
2025-10-18T19:50:24 ffmpeg/mov,mp4,m4a,3gp,3g2,mj2: stream 0, timescale not set
2025-10-18T19:50:24 ffmpeg/mov,mp4,m4a,3gp,3g2,mj2: stream 0, timescale not set
2025-10-18T19:50:32 ffmpeg/mov,mp4,m4a,3gp,3g2,mj2: stream 0, timescale not set
2025-10-18T19:50:32 ffmpeg/mov,mp4,m4a,3gp,3g2,mj2: stream 0, timescale not set
2025-10-18T19:50:32 ffmpeg/mov,mp4,m4a,3gp,3g2,mj2: stream 0, timescale not set
2025-10-18T19:51:29 ffmpeg/mov,mp4,m4a,3gp,3g2,mj2: stream 0, timescale not set
2025-10-18T19:51:48 player: played "Canserbero - Maquiavélico (VIDEO OFICIAL).m4a"
2025-10-18T19:51:48 ffmpeg/mov,mp4,m4a,3gp,3g2,mj2: stream 0, timescale not set
2025-10-18T19:51:48 ffmpeg/mov,mp4,m4a,3gp,3g2,mj2: stream 0, timescale not set
2025-10-18T19:51:48 ffmpeg/mov,mp4,m4a,3gp,3g2,mj2: stream 0, timescale not set
2025-10-18T19:51:48 ffmpeg/mov,mp4,m4a,3gp,3g2,mj2: stream 0, timescale not set
2025-10-18T19:51:48 ffmpeg/mov,mp4,m4a,3gp,3g2,mj2: stream 0, timescale not set
2025-10-18T19:51:48 ffmpeg/mov,mp4,m4a,3gp,3g2,mj2: stream 0, timescale not set
2025-10-18T19:52:00 ffmpeg/mov,mp4,m4a,3gp,3g2,mj2: stream 0, timescale not set
2025-10-18T19:52:00 ffmpeg/mov,mp4,m4a,3gp,3g2,mj2: stream 0, timescale not set
2025-10-18T19:52:00 ffmpeg/mov,mp4,m4a,3gp,3g2,mj2: stream 0, timescale not set
2025-10-18T19:52:00 ffmpeg/mov,mp4,m4a,3gp,3g2,mj2: stream 0, timescale not set
2025-10-18T19:52:00 ffmpeg/mov,mp4,m4a,3gp,3g2,mj2: stream 0, timescale not set
2025-10-18T19:52:00 ffmpeg/mov,mp4,m4a,3gp,3g2,mj2: stream 0, timescale not set
2025-10-18T19:52:19 ffmpeg/mov,mp4,m4a,3gp,3g2,mj2: stream 0, timescale not set
2025-10-18T19:52:19 ffmpeg/mov,mp4,m4a,3gp,3g2,mj2: stream 0, timescale not set
2025-10-18T19:52:19 ffmpeg/mov,mp4,m4a,3gp,3g2,mj2: stream 0, timescale not set
2025-10-18T19:52:19 ffmpeg/mov,mp4,m4a,3gp,3g2,mj2: stream 0, timescale not set
2025-10-18T19:52:19 ffmpeg/mov,mp4,m4a,3gp,3g2,mj2: stream 0, timescale not set
2025-10-18T19:52:19 ffmpeg/mov,mp4,m4a,3gp,3g2,mj2: stream 0, timescale not set
2025-10-18T19:52:37 ffmpeg/mov,mp4,m4a,3gp,3g2,mj2: stream 0, timescale not set
2025-10-18T19:52:38 ffmpeg/mov,mp4,m4a,3gp,3g2,mj2: stream 0, timescale not set
2025-10-18T19:52:38 ffmpeg/mov,mp4,m4a,3gp,3g2,mj2: stream 0, timescale not set
2025-10-18T19:52:38 ffmpeg/mov,mp4,m4a,3gp,3g2,mj2: stream 0, timescale not set
2025-10-18T19:52:38 ffmpeg/mov,mp4,m4a,3gp,3g2,mj2: stream 0, timescale not set
2025-10-18T19:52:38 ffmpeg/mov,mp4,m4a,3gp,3g2,mj2: stream 0, timescale not set
2025-10-18T19:52:54 ffmpeg/mov,mp4,m4a,3gp,3g2,mj2: stream 0, timescale not set
2025-10-18T19:52:54 ffmpeg/mov,mp4,m4a,3gp,3g2,mj2: stream 0, timescale not set
2025-10-18T19:52:54 ffmpeg/mov,mp4,m4a,3gp,3g2,mj2: stream 0, timescale not set
2025-10-18T19:52:54 ffmpeg/mov,mp4,m4a,3gp,3g2,mj2: stream 0, timescale not set
2025-10-18T19:52:54 ffmpeg/mov,mp4,m4a,3gp,3g2,mj2: stream 0, timescale not set
2025-10-18T19:52:54 ffmpeg/mov,mp4,m4a,3gp,3g2,mj2: stream 0, timescale not set
2025-10-18T19:53:25 ffmpeg/mov,mp4,m4a,3gp,3g2,mj2: stream 0, timescale not set
2025-10-18T19:53:25 ffmpeg/mov,mp4,m4a,3gp,3g2,mj2: stream 0, timescale not set
2025-10-18T19:53:25 ffmpeg/mov,mp4,m4a,3gp,3g2,mj2: stream 0, timescale not set
2025-10-18T19:53:25 ffmpeg/mov,mp4,m4a,3gp,3g2,mj2: stream 0, timescale not set
2025-10-18T19:53:25 ffmpeg/mov,mp4,m4a,3gp,3g2,mj2: stream 0, timescale not set
2025-10-18T19:53:25 ffmpeg/mov,mp4,m4a,3gp,3g2,mj2: stream 0, timescale not set
2025-10-18T19:56:04 player: played "half•alive - still feel. [VIDEO].m4a"
2025-10-18T19:56:52 ffmpeg/mov,mp4,m4a,3gp,3g2,mj2: stream 0, timescale not set
2025-10-18T19:56:52 ffmpeg/mov,mp4,m4a,3gp,3g2,mj2: stream 0, timescale not set
2025-10-18T19:56:52 ffmpeg/mov,mp4,m4a,3gp,3g2,mj2: stream 0, timescale not set
2025-10-18T19:56:52 ffmpeg/mov,mp4,m4a,3gp,3g2,mj2: stream 0, timescale not set
2025-10-18T19:56:52 ffmpeg/mov,mp4,m4a,3gp,3g2,mj2: stream 0, timescale not set
2025-10-18T19:56:52 ffmpeg/mov,mp4,m4a,3gp,3g2,mj2: stream 0, timescale not set
2025-10-18T19:56:52 ffmpeg/mov,mp4,m4a,3gp,3g2,mj2: stream 0, timescale not set
2025-10-18T19:57:17 ffmpeg/mov,mp4,m4a,3gp,3g2,mj2: stream 0, timescale not set
2025-10-18T19:57:17 ffmpeg/mov,mp4,m4a,3gp,3g2,mj2: stream 0, timescale not set
2025-10-18T19:57:17 ffmpeg/mov,mp4,m4a,3gp,3g2,mj2: stream 0, timescale not set
2025-10-18T19:57:17 ffmpeg/mov,mp4,m4a,3gp,3g2,mj2: stream 0, timescale not set
2025-10-18T19:57:17 ffmpeg/mov,mp4,m4a,3gp,3g2,mj2: stream 0, timescale not set
2025-10-18T19:57:17 ffmpeg/mov,mp4,m4a,3gp,3g2,mj2: stream 0, timescale not set
2025-10-18T19:57:31 ffmpeg/mov,mp4,m4a,3gp,3g2,mj2: stream 0, timescale not set
2025-10-18T19:57:31 ffmpeg/mov,mp4,m4a,3gp,3g2,mj2: stream 0, timescale not set
2025-10-18T19:57:31 ffmpeg/mov,mp4,m4a,3gp,3g2,mj2: stream 0, timescale not set
2025-10-18T19:57:31 ffmpeg/mov,mp4,m4a,3gp,3g2,mj2: stream 0, timescale not set
2025-10-18T19:57:31 ffmpeg/mov,mp4,m4a,3gp,3g2,mj2: stream 0, timescale not set
2025-10-18T19:57:31 ffmpeg/mov,mp4,m4a,3gp,3g2,mj2: stream 0, timescale not set
2025-10-18T19:57:43 ffmpeg/mov,mp4,m4a,3gp,3g2,mj2: stream 0, timescale not set
2025-10-18T19:57:43 ffmpeg/mov,mp4,m4a,3gp,3g2,mj2: stream 0, timescale not set
2025-10-18T19:57:43 ffmpeg/mov,mp4,m4a,3gp,3g2,mj2: stream 0, timescale not set
2025-10-18T19:57:43 ffmpeg/mov,mp4,m4a,3gp,3g2,mj2: stream 0, timescale not set
2025-10-18T19:57:43 ffmpeg/mov,mp4,m4a,3gp,3g2,mj2: stream 0, timescale not set
2025-10-18T19:57:43 ffmpeg/mov,mp4,m4a,3gp,3g2,mj2: stream 0, timescale not set
2025-10-18T19:57:54 ffmpeg/mov,mp4,m4a,3gp,3g2,mj2: stream 0, timescale not set
2025-10-18T19:57:54 ffmpeg/mov,mp4,m4a,3gp,3g2,mj2: stream 0, timescale not set
2025-10-18T19:57:54 ffmpeg/mov,mp4,m4a,3gp,3g2,mj2: stream 0, timescale not set
2025-10-18T19:57:54 ffmpeg/mov,mp4,m4a,3gp,3g2,mj2: stream 0, timescale not set
2025-10-18T19:57:54 ffmpeg/mov,mp4,m4a,3gp,3g2,mj2: stream 0, timescale not set
2025-10-18T19:57:54 ffmpeg/mov,mp4,m4a,3gp,3g2,mj2: stream 0, timescale not set
2025-10-18T19:58:44 ffmpeg/mov,mp4,m4a,3gp,3g2,mj2: stream 0, timescale not set
2025-10-18T19:58:44 ffmpeg/mov,mp4,m4a,3gp,3g2,mj2: stream 0, timescale not set
2025-10-18T19:58:44 ffmpeg/mov,mp4,m4a,3gp,3g2,mj2: stream 0, timescale not set
2025-10-18T19:58:44 ffmpeg/mov,mp4,m4a,3gp,3g2,mj2: stream 0, timescale not set
2025-10-18T19:58:44 ffmpeg/mov,mp4,m4a,3gp,3g2,mj2: stream 0, timescale not set
2025-10-18T19:58:44 ffmpeg/mov,mp4,m4a,3gp,3g2,mj2: stream 0, timescale not set
2025-10-18T19:58:50 ffmpeg/mov,mp4,m4a,3gp,3g2,mj2: stream 0, timescale not set
2025-10-18T19:58:50 ffmpeg/mov,mp4,m4a,3gp,3g2,mj2: stream 0, timescale not set
2025-10-18T19:58:50 ffmpeg/mov,mp4,m4a,3gp,3g2,mj2: stream 0, timescale not set
2025-10-18T19:58:50 ffmpeg/mov,mp4,m4a,3gp,3g2,mj2: stream 0, timescale not set
2025-10-18T19:58:50 ffmpeg/mov,mp4,m4a,3gp,3g2,mj2: stream 0, timescale not set
2025-10-18T19:58:50 ffmpeg/mov,mp4,m4a,3gp,3g2,mj2: stream 0, timescale not set
2025-10-18T19:59:02 ffmpeg/mov,mp4,m4a,3gp,3g2,mj2: stream 0, timescale not set
2025-10-18T19:59:02 ffmpeg/mov,mp4,m4a,3gp,3g2,mj2: stream 0, timescale not set
2025-10-18T19:59:02 ffmpeg/mov,mp4,m4a,3gp,3g2,mj2: stream 0, timescale not set
2025-10-18T19:59:02 ffmpeg/mov,mp4,m4a,3gp,3g2,mj2: stream 0, timescale not set
2025-10-18T19:59:02 ffmpeg/mov,mp4,m4a,3gp,3g2,mj2: stream 0, timescale not set
2025-10-18T19:59:02 ffmpeg/mov,mp4,m4a,3gp,3g2,mj2: stream 0, timescale not set
2025-10-18T19:59:42 ffmpeg/mov,mp4,m4a,3gp,3g2,mj2: stream 0, timescale not set
2025-10-18T20:00:02 player: played "Natural.m4a"
2025-10-18T20:00:02 ffmpeg/mov,mp4,m4a,3gp,3g2,mj2: stream 0, timescale not set
2025-10-18T20:00:02 ffmpeg/mov,mp4,m4a,3gp,3g2,mj2: stream 0, timescale not set
2025-10-18T20:00:02 ffmpeg/mov,mp4,m4a,3gp,3g2,mj2: stream 0, timescale not set
2025-10-18T20:00:02 ffmpeg/mov,mp4,m4a,3gp,3g2,mj2: stream 0, timescale not set
2025-10-18T20:00:02 ffmpeg/mov,mp4,m4a,3gp,3g2,mj2: stream 0, timescale not set
2025-10-18T20:00:02 ffmpeg/mov,mp4,m4a,3gp,3g2,mj2: stream 0, timescale not set
2025-10-18T20:00:26 ffmpeg/mov,mp4,m4a,3gp,3g2,mj2: stream 0, timescale not set
2025-10-18T20:00:26 ffmpeg/mov,mp4,m4a,3gp,3g2,mj2: stream 0, timescale not set
2025-10-18T20:00:26 ffmpeg/mov,mp4,m4a,3gp,3g2,mj2: stream 0, timescale not set
2025-10-18T20:00:26 ffmpeg/mov,mp4,m4a,3gp,3g2,mj2: stream 0, timescale not set
2025-10-18T20:00:26 ffmpeg/mov,mp4,m4a,3gp,3g2,mj2: stream 0, timescale not set
2025-10-18T20:00:26 ffmpeg/mov,mp4,m4a,3gp,3g2,mj2: stream 0, timescale not set
2025-10-18T20:01:13 ffmpeg/mov,mp4,m4a,3gp,3g2,mj2: stream 0, timescale not set
2025-10-18T20:01:13 ffmpeg/mov,mp4,m4a,3gp,3g2,mj2: stream 0, timescale not set
2025-10-18T20:01:13 ffmpeg/mov,mp4,m4a,3gp,3g2,mj2: stream 0, timescale not set
2025-10-18T20:01:13 ffmpeg/mov,mp4,m4a,3gp,3g2,mj2: stream 0, timescale not set
2025-10-18T20:01:13 ffmpeg/mov,mp4,m4a,3gp,3g2,mj2: stream 0, timescale not set
2025-10-18T20:01:13 ffmpeg/mov,mp4,m4a,3gp,3g2,mj2: stream 0, timescale not set
2025-10-18T20:02:26 ffmpeg/mov,mp4,m4a,3gp,3g2,mj2: stream 0, timescale not set
2025-10-18T20:02:26 ffmpeg/mov,mp4,m4a,3gp,3g2,mj2: stream 0, timescale not set
2025-10-18T20:02:26 ffmpeg/mov,mp4,m4a,3gp,3g2,mj2: stream 0, timescale not set
2025-10-18T20:02:26 ffmpeg/mov,mp4,m4a,3gp,3g2,mj2: stream 0, timescale not set
2025-10-18T20:02:26 ffmpeg/mov,mp4,m4a,3gp,3g2,mj2: stream 0, timescale not set
2025-10-18T20:02:26 ffmpeg/mov,mp4,m4a,3gp,3g2,mj2: stream 0, timescale not set
2025-10-18T20:02:52 ffmpeg/mov,mp4,m4a,3gp,3g2,mj2: stream 0, timescale not set
2025-10-18T20:03:14 player: played "Weirdo.m4a"
2025-10-18T20:03:14 ffmpeg/mov,mp4,m4a,3gp,3g2,mj2: stream 0, timescale not set
2025-10-18T20:03:14 ffmpeg/mov,mp4,m4a,3gp,3g2,mj2: stream 0, timescale not set
2025-10-18T20:03:14 ffmpeg/mov,mp4,m4a,3gp,3g2,mj2: stream 0, timescale not set
2025-10-18T20:03:14 ffmpeg/mov,mp4,m4a,3gp,3g2,mj2: stream 0, timescale not set
2025-10-18T20:03:14 ffmpeg/mov,mp4,m4a,3gp,3g2,mj2: stream 0, timescale not set
2025-10-18T20:03:14 ffmpeg/mov,mp4,m4a,3gp,3g2,mj2: stream 0, timescale not set
2025-10-18T20:03:21 ffmpeg/mov,mp4,m4a,3gp,3g2,mj2: stream 0, timescale not set
2025-10-18T20:03:21 ffmpeg/mov,mp4,m4a,3gp,3g2,mj2: stream 0, timescale not set
2025-10-18T20:03:21 ffmpeg/mov,mp4,m4a,3gp,3g2,mj2: stream 0, timescale not set
2025-10-18T20:03:21 ffmpeg/mov,mp4,m4a,3gp,3g2,mj2: stream 0, timescale not set
2025-10-18T20:03:21 ffmpeg/mov,mp4,m4a,3gp,3g2,mj2: stream 0, timescale not set
2025-10-18T20:03:21 ffmpeg/mov,mp4,m4a,3gp,3g2,mj2: stream 0, timescale not set
2025-10-18T20:03:49 ffmpeg/mov,mp4,m4a,3gp,3g2,mj2: stream 0, timescale not set
2025-10-18T20:03:49 ffmpeg/mov,mp4,m4a,3gp,3g2,mj2: stream 0, timescale not set
2025-10-18T20:03:49 ffmpeg/mov,mp4,m4a,3gp,3g2,mj2: stream 0, timescale not set
2025-10-18T20:03:49 ffmpeg/mov,mp4,m4a,3gp,3g2,mj2: stream 0, timescale not set
2025-10-18T20:03:49 ffmpeg/mov,mp4,m4a,3gp,3g2,mj2: stream 0, timescale not set
2025-10-18T20:03:49 ffmpeg/mov,mp4,m4a,3gp,3g2,mj2: stream 0, timescale not set
2025-10-18T20:04:06 ffmpeg/mov,mp4,m4a,3gp,3g2,mj2: stream 0, timescale not set
2025-10-18T20:04:06 ffmpeg/mov,mp4,m4a,3gp,3g2,mj2: stream 0, timescale not set
2025-10-18T20:04:06 ffmpeg/mov,mp4,m4a,3gp,3g2,mj2: stream 0, timescale not set
2025-10-18T20:04:06 ffmpeg/mov,mp4,m4a,3gp,3g2,mj2: stream 0, timescale not set
2025-10-18T20:04:06 ffmpeg/mov,mp4,m4a,3gp,3g2,mj2: stream 0, timescale not set
2025-10-18T20:04:06 ffmpeg/mov,mp4,m4a,3gp,3g2,mj2: stream 0, timescale not set
2025-10-18T20:04:06 ffmpeg/mov,mp4,m4a,3gp,3g2,mj2: stream 0, timescale not set
2025-10-18T20:04:08 ffmpeg/mov,mp4,m4a,3gp,3g2,mj2: stream 0, timescale not set
2025-10-18T20:04:08 ffmpeg/mov,mp4,m4a,3gp,3g2,mj2: stream 0, timescale not set
2025-10-18T20:04:08 ffmpeg/mov,mp4,m4a,3gp,3g2,mj2: stream 0, timescale not set
2025-10-18T20:04:08 ffmpeg/mov,mp4,m4a,3gp,3g2,mj2: stream 0, timescale not set
2025-10-18T20:04:08 ffmpeg/mov,mp4,m4a,3gp,3g2,mj2: stream 0, timescale not set
2025-10-18T20:04:08 ffmpeg/mov,mp4,m4a,3gp,3g2,mj2: stream 0, timescale not set
2025-10-18T20:04:08 ffmpeg/mov,mp4,m4a,3gp,3g2,mj2: stream 0, timescale not set
2025-10-18T20:04:49 ffmpeg/mov,mp4,m4a,3gp,3g2,mj2: stream 0, timescale not set
2025-10-18T20:04:49 ffmpeg/mov,mp4,m4a,3gp,3g2,mj2: stream 0, timescale not set
2025-10-18T20:04:49 ffmpeg/mov,mp4,m4a,3gp,3g2,mj2: stream 0, timescale not set
2025-10-18T20:04:49 ffmpeg/mov,mp4,m4a,3gp,3g2,mj2: stream 0, timescale not set
2025-10-18T20:04:49 ffmpeg/mov,mp4,m4a,3gp,3g2,mj2: stream 0, timescale not set
2025-10-18T20:04:49 ffmpeg/mov,mp4,m4a,3gp,3g2,mj2: stream 0, timescale not set
2025-10-18T20:05:15 ffmpeg/mov,mp4,m4a,3gp,3g2,mj2: stream 0, timescale not set
2025-10-18T20:05:15 ffmpeg/mov,mp4,m4a,3gp,3g2,mj2: stream 0, timescale not set
2025-10-18T20:05:15 ffmpeg/mov,mp4,m4a,3gp,3g2,mj2: stream 0, timescale not set
2025-10-18T20:05:15 ffmpeg/mov,mp4,m4a,3gp,3g2,mj2: stream 0, timescale not set
2025-10-18T20:05:15 ffmpeg/mov,mp4,m4a,3gp,3g2,mj2: stream 0, timescale not set
2025-10-18T20:05:15 ffmpeg/mov,mp4,m4a,3gp,3g2,mj2: stream 0, timescale not set
2025-10-18T20:06:51 ffmpeg/mov,mp4,m4a,3gp,3g2,mj2: stream 0, timescale not set
2025-10-18T20:06:51 ffmpeg/mov,mp4,m4a,3gp,3g2,mj2: stream 0, timescale not set
2025-10-18T20:06:51 ffmpeg/mov,mp4,m4a,3gp,3g2,mj2: stream 0, timescale not set
2025-10-18T20:06:51 ffmpeg/mov,mp4,m4a,3gp,3g2,mj2: stream 0, timescale not set
2025-10-18T20:07:25 ffmpeg/mov,mp4,m4a,3gp,3g2,mj2: stream 0, timescale not set
2025-10-18T20:07:25 ffmpeg/mov,mp4,m4a,3gp,3g2,mj2: stream 0, timescale not set
2025-10-18T20:07:25 ffmpeg/mov,mp4,m4a,3gp,3g2,mj2: stream 0, timescale not set
2025-10-18T20:07:25 ffmpeg/mov,mp4,m4a,3gp,3g2,mj2: stream 0, timescale not set
2025-10-18T20:07:39 ffmpeg/mov,mp4,m4a,3gp,3g2,mj2: stream 0, timescale not set
2025-10-18T20:07:59 player: played "Contigo.m4a"
2025-10-18T20:07:59 ffmpeg/mov,mp4,m4a,3gp,3g2,mj2: stream 0, timescale not set
2025-10-18T20:07:59 ffmpeg/mov,mp4,m4a,3gp,3g2,mj2: stream 0, timescale not set
2025-10-18T20:07:59 ffmpeg/mov,mp4,m4a,3gp,3g2,mj2: stream 0, timescale not set
2025-10-18T20:07:59 ffmpeg/mov,mp4,m4a,3gp,3g2,mj2: stream 0, timescale not set
2025-10-18T20:07:59 ffmpeg/mov,mp4,m4a,3gp,3g2,mj2: stream 0, timescale not set
2025-10-18T20:07:59 ffmpeg/mov,mp4,m4a,3gp,3g2,mj2: stream 0, timescale not set
2025-10-18T20:08:27 ffmpeg/mov,mp4,m4a,3gp,3g2,mj2: stream 0, timescale not set
2025-10-18T20:08:27 ffmpeg/mov,mp4,m4a,3gp,3g2,mj2: stream 0, timescale not set
2025-10-18T20:08:27 ffmpeg/mov,mp4,m4a,3gp,3g2,mj2: stream 0, timescale not set
2025-10-18T20:08:27 ffmpeg/mov,mp4,m4a,3gp,3g2,mj2: stream 0, timescale not set
2025-10-18T20:08:27 ffmpeg/mov,mp4,m4a,3gp,3g2,mj2: stream 0, timescale not set
2025-10-18T20:08:27 ffmpeg/mov,mp4,m4a,3gp,3g2,mj2: stream 0, timescale not set
2025-10-18T20:10:02 ffmpeg/mov,mp4,m4a,3gp,3g2,mj2: stream 0, timescale not set
2025-10-18T20:10:02 ffmpeg/mov,mp4,m4a,3gp,3g2,mj2: stream 0, timescale not set
2025-10-18T20:10:02 ffmpeg/mov,mp4,m4a,3gp,3g2,mj2: stream 0, timescale not set
2025-10-18T20:10:02 ffmpeg/mov,mp4,m4a,3gp,3g2,mj2: stream 0, timescale not set
2025-10-18T20:10:02 ffmpeg/mov,mp4,m4a,3gp,3g2,mj2: stream 0, timescale not set
2025-10-18T20:10:04 ffmpeg/mov,mp4,m4a,3gp,3g2,mj2: stream 0, timescale not set
2025-10-18T20:10:04 ffmpeg/mov,mp4,m4a,3gp,3g2,mj2: stream 0, timescale not set
2025-10-18T20:10:04 ffmpeg/mov,mp4,m4a,3gp,3g2,mj2: stream 0, timescale not set
2025-10-18T20:10:04 ffmpeg/mov,mp4,m4a,3gp,3g2,mj2: stream 0, timescale not set
2025-10-18T20:10:04 ffmpeg/mov,mp4,m4a,3gp,3g2,mj2: stream 0, timescale not set
2025-10-18T20:10:08 ffmpeg/mov,mp4,m4a,3gp,3g2,mj2: stream 0, timescale not set
2025-10-18T20:10:08 ffmpeg/mov,mp4,m4a,3gp,3g2,mj2: stream 0, timescale not set
2025-10-18T20:10:08 ffmpeg/mov,mp4,m4a,3gp,3g2,mj2: stream 0, timescale not set
2025-10-18T20:10:08 ffmpeg/mov,mp4,m4a,3gp,3g2,mj2: stream 0, timescale not set
2025-10-18T20:10:08 ffmpeg/mov,mp4,m4a,3gp,3g2,mj2: stream 0, timescale not set
2025-10-18T20:10:08 ffmpeg/mov,mp4,m4a,3gp,3g2,mj2: stream 0, timescale not set
2025-10-18T20:10:08 ffmpeg/mov,mp4,m4a,3gp,3g2,mj2: stream 0, timescale not set
2025-10-18T20:15:00 ffmpeg/mov,mp4,m4a,3gp,3g2,mj2: stream 0, timescale not set
2025-10-18T20:15:22 player: played "Guns N' Roses - Don't Cry.m4a"
2025-10-18T20:15:22 ffmpeg/mov,mp4,m4a,3gp,3g2,mj2: stream 0, timescale not set
2025-10-18T20:15:22 ffmpeg/mov,mp4,m4a,3gp,3g2,mj2: stream 0, timescale not set
2025-10-18T20:15:22 ffmpeg/mov,mp4,m4a,3gp,3g2,mj2: stream 0, timescale not set
2025-10-18T20:15:22 ffmpeg/mov,mp4,m4a,3gp,3g2,mj2: stream 0, timescale not set
2025-10-18T20:19:17 ffmpeg/mov,mp4,m4a,3gp,3g2,mj2: stream 0, timescale not set
2025-10-18T20:19:37 player: played "Blossom.m4a"
2025-10-18T20:19:37 ffmpeg/mov,mp4,m4a,3gp,3g2,mj2: stream 0, timescale not set
2025-10-18T20:19:37 ffmpeg/mov,mp4,m4a,3gp,3g2,mj2: stream 0, timescale not set
2025-10-18T20:19:37 ffmpeg/mov,mp4,m4a,3gp,3g2,mj2: stream 0, timescale not set
2025-10-18T20:19:37 ffmpeg/mov,mp4,m4a,3gp,3g2,mj2: stream 0, timescale not set
2025-10-18T20:23:33 ffmpeg/mov,mp4,m4a,3gp,3g2,mj2: stream 0, timescale not set
2025-10-18T20:23:52 player: played "MUSE - Dig Down -Official Music Video-.m4a"
2025-10-18T20:23:52 ffmpeg/mov,mp4,m4a,3gp,3g2,mj2: stream 0, timescale not set
2025-10-18T20:23:52 ffmpeg/mov,mp4,m4a,3gp,3g2,mj2: stream 0, timescale not set
2025-10-18T20:23:52 ffmpeg/mov,mp4,m4a,3gp,3g2,mj2: stream 0, timescale not set
2025-10-18T20:23:52 ffmpeg/mov,mp4,m4a,3gp,3g2,mj2: stream 0, timescale not set
2025-10-18T20:23:52 ffmpeg/mov,mp4,m4a,3gp,3g2,mj2: stream 0, timescale not set
2025-10-18T20:23:52 ffmpeg/mov,mp4,m4a,3gp,3g2,mj2: stream 0, timescale not set
2025-10-18T20:27:09 player: played "Julieta Venegas - Eres para Mí.m4a"
2025-10-18T20:31:14 player: played "No Te Va Gustar, Nicki Nicole - Venganza (Video oficial).mp3"
2025-10-18T20:34:44 ffmpeg/mov,mp4,m4a,3gp,3g2,mj2: stream 0, timescale not set
2025-10-18T20:35:03 player: played "HA-ASH - Perdón, Perdón (Audio).m4a"
2025-10-18T20:35:04 ffmpeg/mov,mp4,m4a,3gp,3g2,mj2: stream 0, timescale not set
2025-10-18T20:35:04 ffmpeg/mov,mp4,m4a,3gp,3g2,mj2: stream 0, timescale not set
2025-10-18T20:35:04 ffmpeg/mov,mp4,m4a,3gp,3g2,mj2: stream 0, timescale not set
2025-10-18T20:35:04 ffmpeg/mov,mp4,m4a,3gp,3g2,mj2: stream 0, timescale not set
2025-10-18T20:35:55 ffmpeg/mov,mp4,m4a,3gp,3g2,mj2: stream 0, timescale not set
2025-10-18T20:35:55 ffmpeg/mov,mp4,m4a,3gp,3g2,mj2: stream 0, timescale not set
2025-10-18T20:35:55 ffmpeg/mov,mp4,m4a,3gp,3g2,mj2: stream 0, timescale not set
2025-10-18T20:35:55 ffmpeg/mov,mp4,m4a,3gp,3g2,mj2: stream 0, timescale not set
2025-10-18T20:37:50 ffmpeg/mov,mp4,m4a,3gp,3g2,mj2: stream 0, timescale not set
2025-10-19T11:53:02 ffmpeg/mov,mp4,m4a,3gp,3g2,mj2: stream 0, timescale not set
2025-10-19T11:54:27 player: played "2 - 2 = 5.m4a"
2025-10-19T11:58:56 player: played "Siddhartha - Tarde (Video Oficial).mp3"
2025-10-19T12:00:52 ffmpeg/mov,mp4,m4a,3gp,3g2,mj2: stream 0, timescale not set
2025-10-19T12:01:33 ffmpeg/mov,mp4,m4a,3gp,3g2,mj2: stream 0, timescale not set
2025-10-19T12:01:33 ffmpeg/mov,mp4,m4a,3gp,3g2,mj2: stream 0, timescale not set
2025-10-19T12:01:33 ffmpeg/mov,mp4,m4a,3gp,3g2,mj2: stream 0, timescale not set
2025-10-19T12:03:30 ffmpeg/sami: Format sami detected only with low score of 1, misdetection possible!
2025-10-19T12:03:30 ffmpeg/sami: Format sami detected only with low score of 1, misdetection possible!
2025-10-19T12:03:30 ffmpeg/sami: Format sami detected only with low score of 1, misdetection possible!
2025-10-19T12:03:30 ffmpeg/sami: Format sami detected only with low score of 1, misdetection possible!
2025-10-19T12:03:30 ffmpeg/sami: Format sami detected only with low score of 1, misdetection possible!
2025-10-19T12:03:30 ffmpeg/sami: Format sami detected only with low score of 1, misdetection possible!
2025-10-19T12:03:30 ffmpeg/sami: Format sami detected only with low score of 1, misdetection possible!
2025-10-19T12:03:30 ffmpeg/mov,mp4,m4a,3gp,3g2,mj2: Format mov,mp4,m4a,3gp,3g2,mj2 detected only with low score of 1, misdetection possible!
2025-10-19T12:03:30 ffmpeg/mov,mp4,m4a,3gp,3g2,mj2: moov atom not found
2025-10-19T12:03:30 ffmpeg/sami: Format sami detected only with low score of 1, misdetection possible!
2025-10-19T12:03:30 ffmpeg/sami: Format sami detected only with low score of 1, misdetection possible!
2025-10-19T12:03:30 ffmpeg/sami: Format sami detected only with low score of 1, misdetection possible!
2025-10-19T12:03:30 ffmpeg/sami: Format sami detected only with low score of 1, misdetection possible!
2025-10-19T12:03:30 ffmpeg/sami: Format sami detected only with low score of 1, misdetection possible!
2025-10-19T12:03:30 ffmpeg/sami: Format sami detected only with low score of 1, misdetection possible!
2025-10-19T12:03:30 ffmpeg/mov,mp4,m4a,3gp,3g2,mj2: Format mov,mp4,m4a,3gp,3g2,mj2 detected only with low score of 1, misdetection possible!
2025-10-19T12:03:30 ffmpeg/mov,mp4,m4a,3gp,3g2,mj2: moov atom not found
2025-10-19T12:03:30 ffmpeg/sami: Format sami detected only with low score of 1, misdetection possible!
2025-10-19T12:03:30 ffmpeg/sami: Format sami detected only with low score of 1, misdetection possible!
2025-10-19T12:03:30 ffmpeg/sami: Format sami detected only with low score of 1, misdetection possible!
2025-10-19T12:03:30 ffmpeg/sami: Format sami detected only with low score of 1, misdetection possible!
2025-10-19T12:03:30 ffmpeg/sami: Format sami detected only with low score of 1, misdetection possible!
2025-10-19T12:03:30 ffmpeg/sami: Format sami detected only with low score of 1, misdetection possible!
2025-10-19T12:03:37 ffmpeg/sami: Format sami detected only with low score of 1, misdetection possible!
2025-10-19T12:03:37 ffmpeg/sami: Format sami detected only with low score of 1, misdetection possible!
2025-10-19T12:03:37 ffmpeg/sami: Format sami detected only with low score of 1, misdetection possible!
2025-10-19T12:03:37 ffmpeg/sami: Format sami detected only with low score of 1, misdetection possible!
2025-10-19T12:03:37 ffmpeg/sami: Format sami detected only with low score of 1, misdetection possible!
2025-10-19T12:03:37 ffmpeg/sami: Format sami detected only with low score of 1, misdetection possible!
2025-10-19T12:03:37 ffmpeg/sami: Format sami detected only with low score of 1, misdetection possible!
2025-10-19T12:03:37 ffmpeg/mov,mp4,m4a,3gp,3g2,mj2: Format mov,mp4,m4a,3gp,3g2,mj2 detected only with low score of 1, misdetection possible!
2025-10-19T12:03:37 ffmpeg/mov,mp4,m4a,3gp,3g2,mj2: moov atom not found
2025-10-19T12:03:37 ffmpeg/sami: Format sami detected only with low score of 1, misdetection possible!
2025-10-19T12:03:37 ffmpeg/sami: Format sami detected only with low score of 1, misdetection possible!
2025-10-19T12:03:37 ffmpeg/sami: Format sami detected only with low score of 1, misdetection possible!
2025-10-19T12:03:37 ffmpeg/sami: Format sami detected only with low score of 1, misdetection possible!
2025-10-19T12:03:37 ffmpeg/sami: Format sami detected only with low score of 1, misdetection possible!
2025-10-19T12:03:37 ffmpeg/sami: Format sami detected only with low score of 1, misdetection possible!
2025-10-19T12:03:37 ffmpeg/mov,mp4,m4a,3gp,3g2,mj2: Format mov,mp4,m4a,3gp,3g2,mj2 detected only with low score of 1, misdetection possible!
2025-10-19T12:03:37 ffmpeg/mov,mp4,m4a,3gp,3g2,mj2: moov atom not found
2025-10-19T12:03:37 ffmpeg/sami: Format sami detected only with low score of 1, misdetection possible!
2025-10-19T12:03:37 ffmpeg/sami: Format sami detected only with low score of 1, misdetection possible!
2025-10-19T12:03:37 ffmpeg/sami: Format sami detected only with low score of 1, misdetection possible!
2025-10-19T12:03:37 ffmpeg/sami: Format sami detected only with low score of 1, misdetection possible!
2025-10-19T12:03:37 ffmpeg/sami: Format sami detected only with low score of 1, misdetection possible!
2025-10-19T12:03:37 ffmpeg/sami: Format sami detected only with low score of 1, misdetection possible!
2025-10-19T12:04:08 ffmpeg/mov,mp4,m4a,3gp,3g2,mj2: stream 0, timescale not set
2025-10-19T12:04:08 ffmpeg/mov,mp4,m4a,3gp,3g2,mj2: stream 0, timescale not set
2025-10-19T12:04:54 ffmpeg/mov,mp4,m4a,3gp,3g2,mj2: stream 0, timescale not set
2025-10-19T12:05:13 player: played "I’m So Sorry(1).m4a"
2025-10-19T12:05:13 ffmpeg/mov,mp4,m4a,3gp,3g2,mj2: stream 0, timescale not set
2025-10-19T12:05:13 ffmpeg/mov,mp4,m4a,3gp,3g2,mj2: stream 0, timescale not set
2025-10-19T12:05:13 ffmpeg/mov,mp4,m4a,3gp,3g2,mj2: stream 0, timescale not set
2025-10-19T12:08:27 ffmpeg/mov,mp4,m4a,3gp,3g2,mj2: stream 0, timescale not set
2025-10-19T12:08:47 player: played "Quiero ver - Café Tacuba.m4a"
2025-10-19T12:08:47 ffmpeg/mov,mp4,m4a,3gp,3g2,mj2: stream 0, timescale not set
2025-10-19T12:08:47 ffmpeg/mov,mp4,m4a,3gp,3g2,mj2: stream 0, timescale not set
2025-10-19T12:08:47 ffmpeg/mov,mp4,m4a,3gp,3g2,mj2: stream 0, timescale not set
2025-10-19T12:10:21 ffmpeg/mov,mp4,m4a,3gp,3g2,mj2: stream 0, timescale not set
2025-10-19T12:10:21 ffmpeg/mov,mp4,m4a,3gp,3g2,mj2: stream 0, timescale not set
2025-10-19T12:10:21 ffmpeg/mov,mp4,m4a,3gp,3g2,mj2: stream 0, timescale not set
2025-10-19T12:10:41 ffmpeg/mov,mp4,m4a,3gp,3g2,mj2: stream 0, timescale not set
2025-10-19T12:10:41 ffmpeg/mov,mp4,m4a,3gp,3g2,mj2: stream 0, timescale not set
2025-10-19T12:10:41 ffmpeg/mov,mp4,m4a,3gp,3g2,mj2: stream 0, timescale not set
2025-10-19T12:11:19 ffmpeg/mov,mp4,m4a,3gp,3g2,mj2: stream 0, timescale not set
2025-10-19T12:11:19 ffmpeg/mov,mp4,m4a,3gp,3g2,mj2: stream 0, timescale not set
2025-10-19T12:11:19 ffmpeg/mov,mp4,m4a,3gp,3g2,mj2: stream 0, timescale not set
2025-10-19T12:11:37 player: played "Bazzi - Star (Sub. Español).m4a"
2025-10-19T12:14:34 ffmpeg/mov,mp4,m4a,3gp,3g2,mj2: stream 0, timescale not set
2025-10-19T12:15:19 player: played "AUD-20150924-WA0081.mp3"
2025-10-19T12:15:19 ffmpeg/mov,mp4,m4a,3gp,3g2,mj2: stream 0, timescale not set
2025-10-19T12:15:19 ffmpeg/mov,mp4,m4a,3gp,3g2,mj2: stream 0, timescale not set
2025-10-19T12:19:39 ffmpeg/mov,mp4,m4a,3gp,3g2,mj2: stream 0, timescale not set
2025-10-19T12:19:58 player: played "Astronaut - Apollo (Barely Alive Remix).m4a"
2025-10-19T12:19:58 ffmpeg/mov,mp4,m4a,3gp,3g2,mj2: stream 0, timescale not set
2025-10-19T12:19:58 ffmpeg/mov,mp4,m4a,3gp,3g2,mj2: stream 0, timescale not set
2025-10-19T12:19:58 ffmpeg/mov,mp4,m4a,3gp,3g2,mj2: stream 0, timescale not set
2025-10-19T12:22:40 ffmpeg/mov,mp4,m4a,3gp,3g2,mj2: stream 0, timescale not set
2025-10-19T12:23:03 player: played "NO LO HICE BIEN - Los Plebes del Rancho de Ariel Camacho (Video Oficial) _ DEL R.m4a"
2025-10-19T12:23:03 ffmpeg/mov,mp4,m4a,3gp,3g2,mj2: stream 0, timescale not set
2025-10-19T12:23:03 ffmpeg/mov,mp4,m4a,3gp,3g2,mj2: stream 0, timescale not set
2025-10-19T12:23:03 ffmpeg/mov,mp4,m4a,3gp,3g2,mj2: stream 0, timescale not set
2025-10-19T12:27:25 ffmpeg/mov,mp4,m4a,3gp,3g2,mj2: stream 0, timescale not set
2025-10-19T12:27:46 player: played "TELEBIT - Ciegos Corazones (Video Oficial).m4a"
2025-10-19T12:27:46 ffmpeg/mov,mp4,m4a,3gp,3g2,mj2: stream 0, timescale not set
2025-10-19T12:27:46 ffmpeg/mov,mp4,m4a,3gp,3g2,mj2: stream 0, timescale not set
2025-10-19T12:28:18 output: Failed to play on "PulseAudio" (pulse): suspended
2025-10-19T12:28:28 ffmpeg/mov,mp4,m4a,3gp,3g2,mj2: stream 0, timescale not set
2025-10-19T12:28:28 ffmpeg/mov,mp4,m4a,3gp,3g2,mj2: stream 0, timescale not set
2025-10-19T12:28:40 output: Failed to play on "PulseAudio" (pulse): suspended
2025-10-19T12:29:12 ffmpeg/sami: Format sami detected only with low score of 1, misdetection possible!
2025-10-19T12:29:12 ffmpeg/sami: Format sami detected only with low score of 1, misdetection possible!
2025-10-19T12:29:12 ffmpeg/sami: Format sami detected only with low score of 1, misdetection possible!
2025-10-19T12:29:12 ffmpeg/sami: Format sami detected only with low score of 1, misdetection possible!
2025-10-19T12:29:12 ffmpeg/sami: Format sami detected only with low score of 1, misdetection possible!
2025-10-19T12:29:12 ffmpeg/sami: Format sami detected only with low score of 1, misdetection possible!
2025-10-19T12:29:12 ffmpeg/sami: Format sami detected only with low score of 1, misdetection possible!
2025-10-19T12:29:12 ffmpeg/mov,mp4,m4a,3gp,3g2,mj2: Format mov,mp4,m4a,3gp,3g2,mj2 detected only with low score of 1, misdetection possible!
2025-10-19T12:29:12 ffmpeg/mov,mp4,m4a,3gp,3g2,mj2: moov atom not found
2025-10-19T12:29:12 ffmpeg/sami: Format sami detected only with low score of 1, misdetection possible!
2025-10-19T12:29:12 ffmpeg/sami: Format sami detected only with low score of 1, misdetection possible!
2025-10-19T12:29:12 ffmpeg/sami: Format sami detected only with low score of 1, misdetection possible!
2025-10-19T12:29:12 ffmpeg/sami: Format sami detected only with low score of 1, misdetection possible!
2025-10-19T12:29:12 ffmpeg/sami: Format sami detected only with low score of 1, misdetection possible!
2025-10-19T12:29:12 ffmpeg/sami: Format sami detected only with low score of 1, misdetection possible!
2025-10-19T12:29:12 ffmpeg/mov,mp4,m4a,3gp,3g2,mj2: Format mov,mp4,m4a,3gp,3g2,mj2 detected only with low score of 1, misdetection possible!
2025-10-19T12:29:12 ffmpeg/mov,mp4,m4a,3gp,3g2,mj2: moov atom not found
2025-10-19T12:29:12 ffmpeg/sami: Format sami detected only with low score of 1, misdetection possible!
2025-10-19T12:29:12 ffmpeg/sami: Format sami detected only with low score of 1, misdetection possible!
2025-10-19T12:29:12 ffmpeg/sami: Format sami detected only with low score of 1, misdetection possible!
2025-10-19T12:29:12 ffmpeg/sami: Format sami detected only with low score of 1, misdetection possible!
2025-10-19T12:29:12 ffmpeg/sami: Format sami detected only with low score of 1, misdetection possible!
2025-10-19T12:29:12 ffmpeg/sami: Format sami detected only with low score of 1, misdetection possible!
2025-10-19T12:31:16 player: played "Mañana Será Otro Día.m4a"
2025-10-19T12:34:43 player: played "BAD BUNNY x DADDY YANKEE - LA SANTA _ YHLQMDLG [Visualizer].mp3"
2025-10-19T12:37:00 ffmpeg/mov,mp4,m4a,3gp,3g2,mj2: stream 0, timescale not set
2025-10-19T12:37:38 player: played "3AM - No Soy DiCaprio (Video Oficial).mp3"
2025-10-19T12:37:38 ffmpeg/mov,mp4,m4a,3gp,3g2,mj2: stream 0, timescale not set
2025-10-19T12:37:38 ffmpeg/mov,mp4,m4a,3gp,3g2,mj2: stream 0, timescale not set
2025-10-19T12:41:10 player: played "Seafret - Oceans (Traducida al Español).m4a"
2025-10-19T12:44:00 player: played "Imagine Dragons - Cutthroat (Lyric Video)_256k.mp3"
2025-10-19T12:48:32 player: played "Mike Stud - These Days (starring- Marcus Stroman).mp3"
2025-10-19T12:51:25 player: played "Enemy (from the series Arcane League of Legends)_256k(1).mp3"
2025-10-19T12:53:04 ffmpeg/mov,mp4,m4a,3gp,3g2,mj2: stream 0, timescale not set
2025-10-19T12:53:04 ffmpeg/mov,mp4,m4a,3gp,3g2,mj2: stream 0, timescale not set
2025-10-19T12:53:04 ffmpeg/mov,mp4,m4a,3gp,3g2,mj2: stream 0, timescale not set
2025-10-19T12:57:39 player: played "Aventura - Ella y Yo (ft. Don Omar).m4a"
2025-10-19T13:00:28 ffmpeg/mov,mp4,m4a,3gp,3g2,mj2: stream 0, timescale not set
2025-10-19T13:01:05 player: played "The Score - Miracle (Official Video)_256k.mp3"
2025-10-19T13:01:05 ffmpeg/mov,mp4,m4a,3gp,3g2,mj2: stream 0, timescale not set
2025-10-19T13:01:05 ffmpeg/mov,mp4,m4a,3gp,3g2,mj2: stream 0, timescale not set
2025-10-19T13:05:22 ffmpeg/mov,mp4,m4a,3gp,3g2,mj2: stream 0, timescale not set
2025-10-19T13:05:44 player: played "EDEN - Wake Up.m4a"
2025-10-19T13:05:44 ffmpeg/mov,mp4,m4a,3gp,3g2,mj2: stream 0, timescale not set
2025-10-19T13:05:44 ffmpeg/mov,mp4,m4a,3gp,3g2,mj2: stream 0, timescale not set
2025-10-19T13:11:25 player: played "Cuando No Estás Conmigo - Camilo Séptimo (video oficial).m4a"
2025-10-19T13:14:54 player: played "Harry Styles - Adore You (Official Audio).mp3"
2025-10-19T13:16:59 ffmpeg/mov,mp4,m4a,3gp,3g2,mj2: stream 0, timescale not set
2025-10-19T13:17:40 player: played "Oscu x Nobeat - Numero 1 (Video Oficial).mp3"
2025-10-19T13:17:41 ffmpeg/mov,mp4,m4a,3gp,3g2,mj2: stream 0, timescale not set
2025-10-19T13:17:41 ffmpeg/mov,mp4,m4a,3gp,3g2,mj2: stream 0, timescale not set
2025-10-19T13:21:10 ffmpeg/mov,mp4,m4a,3gp,3g2,mj2: stream 0, timescale not set
2025-10-19T13:21:31 player: played "EL ESTRÉN - CRUDO MEANS RAW & THE COLOMBIANS - ESMERALDAS.m4a"
2025-10-19T13:21:31 ffmpeg/mov,mp4,m4a,3gp,3g2,mj2: stream 0, timescale not set
2025-10-19T13:21:31 ffmpeg/mov,mp4,m4a,3gp,3g2,mj2: stream 0, timescale not set
2025-10-19T13:26:48 ffmpeg/mov,mp4,m4a,3gp,3g2,mj2: stream 0, timescale not set
2025-10-19T13:27:10 player: played "EDEN - drugs (Español).m4a"
2025-10-19T13:27:10 ffmpeg/mov,mp4,m4a,3gp,3g2,mj2: stream 0, timescale not set
2025-10-19T13:27:10 ffmpeg/mov,mp4,m4a,3gp,3g2,mj2: stream 0, timescale not set
2025-10-19T13:27:10 ffmpeg/mov,mp4,m4a,3gp,3g2,mj2: stream 0, timescale not set
2025-10-19T13:30:45 ffmpeg/mov,mp4,m4a,3gp,3g2,mj2: stream 0, timescale not set
2025-10-19T13:35:22 player: played "Time Is Running Out.m4a"
2025-10-20T15:48:16 ffmpeg/mov,mp4,m4a,3gp,3g2,mj2: stream 0, timescale not set
2025-10-20T15:48:16 ffmpeg/mov,mp4,m4a,3gp,3g2,mj2: stream 0, timescale not set
2025-10-20T21:56:01 ffmpeg/mov,mp4,m4a,3gp,3g2,mj2: stream 0, timescale not set
2025-10-20T21:56:01 ffmpeg/mov,mp4,m4a,3gp,3g2,mj2: stream 0, timescale not set
2025-10-20T21:56:01 ffmpeg/mov,mp4,m4a,3gp,3g2,mj2: stream 0, timescale not set
2025-10-20T21:56:08 output: Failed to play on "PulseAudio" (pulse): suspended
2025-10-20T21:56:09 player: played "Time Is Running Out.m4a"
2025-10-20T21:56:09 output: Failed to play on "PulseAudio" (pulse): suspended
2025-10-20T21:56:09 ffmpeg/mov,mp4,m4a,3gp,3g2,mj2: stream 0, timescale not set
2025-10-20T21:56:10 ffmpeg/mov,mp4,m4a,3gp,3g2,mj2: stream 0, timescale not set
2025-10-20T21:56:10 ffmpeg/mov,mp4,m4a,3gp,3g2,mj2: stream 0, timescale not set
2025-10-20T21:56:10 output: Failed to play on "PulseAudio" (pulse): suspended
2025-10-20T21:56:10 ffmpeg/mov,mp4,m4a,3gp,3g2,mj2: stream 0, timescale not set
2025-10-20T21:56:10 ffmpeg/mov,mp4,m4a,3gp,3g2,mj2: stream 0, timescale not set
2025-10-20T21:56:10 ffmpeg/mov,mp4,m4a,3gp,3g2,mj2: stream 0, timescale not set
2025-10-20T21:58:20 output: Failed to play on "PulseAudio" (pulse): suspended
2025-10-20T22:01:44 output: Failed to play on "PulseAudio" (pulse): suspended
2025-10-20T22:03:43 player: played "Fármacos - Quiero conocer tu mundo (audio).m4a"
2025-10-20T22:03:43 output: Failed to play on "PulseAudio" (pulse): suspended
2025-10-20T22:06:24 ffmpeg/mov,mp4,m4a,3gp,3g2,mj2: stream 0, timescale not set
2025-10-20T22:07:06 player: played "That Poppy - Lowlife (Official Audio)_256k.mp3"
2025-10-20T22:07:06 output: Failed to play on "PulseAudio" (pulse): suspended
2025-10-20T22:07:07 ffmpeg/mov,mp4,m4a,3gp,3g2,mj2: stream 0, timescale not set
2025-10-20T22:07:07 ffmpeg/mov,mp4,m4a,3gp,3g2,mj2: stream 0, timescale not set
2025-10-20T22:10:13 ffmpeg/mov,mp4,m4a,3gp,3g2,mj2: stream 0, timescale not set
2025-10-20T22:10:35 player: played "Charlie Puth - Marvin Gaye ft. Meghan Trainor -Official Video-.m4a"
2025-10-20T22:10:35 output: Failed to play on "PulseAudio" (pulse): suspended
2025-10-20T22:10:36 ffmpeg/mov,mp4,m4a,3gp,3g2,mj2: stream 0, timescale not set
2025-10-20T22:10:36 ffmpeg/mov,mp4,m4a,3gp,3g2,mj2: stream 0, timescale not set
2025-10-20T22:13:20 ffmpeg/mov,mp4,m4a,3gp,3g2,mj2: stream 0, timescale not set
2025-10-20T22:13:36 player: played "Maria Becerra - Dejemos Que Pase (Video Oficial).m4a"
2025-10-20T22:14:19 ffmpeg/mov,mp4,m4a,3gp,3g2,mj2: stream 0, timescale not set
2025-10-20T22:14:19 ffmpeg/mov,mp4,m4a,3gp,3g2,mj2: stream 0, timescale not set
2025-10-20T22:14:25 player: played "Maria Becerra - Dejemos Que Pase (Video Oficial).m4a"
2025-10-20T22:15:22 ffmpeg/mov,mp4,m4a,3gp,3g2,mj2: stream 0, timescale not set
2025-10-20T22:15:22 ffmpeg/mov,mp4,m4a,3gp,3g2,mj2: stream 0, timescale not set
2025-10-20T22:16:48 ffmpeg/mov,mp4,m4a,3gp,3g2,mj2: stream 0, timescale not set
2025-10-20T22:17:11 player: played "Imagine Dragons - Wake Up (Official Lyric Video).m4a"
2025-10-20T22:17:11 ffmpeg/mov,mp4,m4a,3gp,3g2,mj2: stream 0, timescale not set
2025-10-20T22:17:11 ffmpeg/mov,mp4,m4a,3gp,3g2,mj2: stream 0, timescale not set
2025-10-20T22:25:08 ffmpeg/mov,mp4,m4a,3gp,3g2,mj2: stream 0, timescale not set
2025-10-20T22:25:27 player: played "02 - READY - APA Y CAN.m4a"
2025-10-20T22:25:27 ffmpeg/mov,mp4,m4a,3gp,3g2,mj2: stream 0, timescale not set
2025-10-20T22:25:27 ffmpeg/mov,mp4,m4a,3gp,3g2,mj2: stream 0, timescale not set
2025-10-20T22:28:31 player: played "Only Ones Who Know.m4a"
2025-10-20T22:30:37 player: played "3AM - LQND (Letra) _ Rain City ️.mp3"
2025-10-20T22:34:16 ffmpeg/mov,mp4,m4a,3gp,3g2,mj2: stream 0, timescale not set
2025-10-20T22:34:56 player: played "Apache- Fin de mundo.mp3"
2025-10-20T22:34:56 ffmpeg/mov,mp4,m4a,3gp,3g2,mj2: stream 0, timescale not set
2025-10-20T22:34:56 ffmpeg/mov,mp4,m4a,3gp,3g2,mj2: stream 0, timescale not set
2025-10-20T22:39:02 ffmpeg/mov,mp4,m4a,3gp,3g2,mj2: stream 0, timescale not set
2025-10-20T22:39:21 player: played "Canserbero - Clima Tropical -Vida-.m4a"
2025-10-20T22:39:21 ffmpeg/mov,mp4,m4a,3gp,3g2,mj2: stream 0, timescale not set
2025-10-20T22:39:21 ffmpeg/mov,mp4,m4a,3gp,3g2,mj2: stream 0, timescale not set
2025-10-20T22:39:21 ffmpeg/mov,mp4,m4a,3gp,3g2,mj2: stream 0, timescale not set
2025-10-20T22:42:04 ffmpeg/mov,mp4,m4a,3gp,3g2,mj2: stream 0, timescale not set
2025-10-20T22:42:26 player: played "NO LO HICE BIEN - Los Plebes del Rancho de Ariel Camacho (Video Oficial) _ DEL R.m4a"
2025-10-20T22:42:26 ffmpeg/mov,mp4,m4a,3gp,3g2,mj2: stream 0, timescale not set
2025-10-20T22:42:26 ffmpeg/mov,mp4,m4a,3gp,3g2,mj2: stream 0, timescale not set
2025-10-20T22:42:26 ffmpeg/mov,mp4,m4a,3gp,3g2,mj2: stream 0, timescale not set
2025-10-20T22:46:22 ffmpeg/mov,mp4,m4a,3gp,3g2,mj2: stream 0, timescale not set
2025-10-20T22:46:41 player: played "Grupo Firme -  Lenin Ramírez - En Tu Perra Vida  (Video Oficial).m4a"
2025-10-20T22:46:41 ffmpeg/mov,mp4,m4a,3gp,3g2,mj2: stream 0, timescale not set
2025-10-20T22:46:41 ffmpeg/mov,mp4,m4a,3gp,3g2,mj2: stream 0, timescale not set
2025-10-20T22:49:57 player: played "El Cuarteto de Nos - Punta Cana (Official Video).m4a"
2025-10-20T22:55:04 ffmpeg/mov,mp4,m4a,3gp,3g2,mj2: stream 0, timescale not set
2025-10-20T22:55:26 player: played "Real 70 Crew. Feat El Dike - Del Amor Nadie Se Escapa (AUDIO).m4a"
2025-10-20T22:55:26 ffmpeg/mov,mp4,m4a,3gp,3g2,mj2: stream 0, timescale not set
2025-10-20T22:55:26 ffmpeg/mov,mp4,m4a,3gp,3g2,mj2: stream 0, timescale not set
2025-10-20T22:59:47 ffmpeg/mov,mp4,m4a,3gp,3g2,mj2: stream 0, timescale not set
2025-10-20T23:00:07 player: played "Talk Show Host.m4a"
2025-10-20T23:00:07 ffmpeg/mov,mp4,m4a,3gp,3g2,mj2: stream 0, timescale not set
2025-10-20T23:00:07 ffmpeg/mov,mp4,m4a,3gp,3g2,mj2: stream 0, timescale not set
2025-10-20T23:04:14 player: played "The Chainsmokers & Coldplay - Something Just Like This (Lyric).m4a"
2025-10-20T23:06:29 ffmpeg/mov,mp4,m4a,3gp,3g2,mj2: stream 0, timescale not set
2025-10-20T23:07:05 player: played "BoyWithUke - Toxic (Official Lyric Video).mp3"
2025-10-20T23:07:05 ffmpeg/mov,mp4,m4a,3gp,3g2,mj2: stream 0, timescale not set
2025-10-20T23:07:05 ffmpeg/mov,mp4,m4a,3gp,3g2,mj2: stream 0, timescale not set
2025-10-20T23:16:25 player: played "MISSIO - Sing To Me (Lyric Video).m4a"
2025-10-21T17:56:20 ffmpeg/mov,mp4,m4a,3gp,3g2,mj2: stream 0, timescale not set
2025-10-21T18:10:07 ffmpeg/mov,mp4,m4a,3gp,3g2,mj2: stream 0, timescale not set
2025-10-21T18:10:07 ffmpeg/mov,mp4,m4a,3gp,3g2,mj2: stream 0, timescale not set
2025-10-21T18:16:54 player: played "MISSIO - Sing To Me (Lyric Video).m4a"
2025-10-21T18:17:29 ffmpeg/mov,mp4,m4a,3gp,3g2,mj2: stream 0, timescale not set
2025-10-21T18:17:34 ffmpeg/mov,mp4,m4a,3gp,3g2,mj2: stream 0, timescale not set
2025-10-21T18:17:34 ffmpeg/mov,mp4,m4a,3gp,3g2,mj2: stream 0, timescale not set
2025-10-21T18:17:38 output: Failed to play on "PulseAudio" (pulse): suspended
2025-10-21T18:17:55 ffmpeg/mov,mp4,m4a,3gp,3g2,mj2: stream 0, timescale not set
2025-10-21T18:18:18 player: played "MISSIO - Sing To Me (Lyric Video).m4a"
2025-10-21T18:18:18 output: Failed to play on "PulseAudio" (pulse): suspended
2025-10-21T18:18:18 ffmpeg/mov,mp4,m4a,3gp,3g2,mj2: stream 0, timescale not set
2025-10-21T18:18:18 ffmpeg/mov,mp4,m4a,3gp,3g2,mj2: stream 0, timescale not set
2025-10-21T18:19:26 player: played "Stateless - Bloodstream (Official lyrics).m4a"
2025-10-21T18:19:26 ffmpeg/mov,mp4,m4a,3gp,3g2,mj2: stream 0, timescale not set
2025-10-21T18:19:26 output: Failed to play on "PulseAudio" (pulse): suspended
2025-10-21T18:19:27 ffmpeg/mov,mp4,m4a,3gp,3g2,mj2: stream 0, timescale not set
2025-10-21T18:19:27 ffmpeg/mov,mp4,m4a,3gp,3g2,mj2: stream 0, timescale not set
2025-10-21T18:22:01 ffmpeg/mov,mp4,m4a,3gp,3g2,mj2: stream 0, timescale not set
2025-10-21T18:22:02 ffmpeg/mov,mp4,m4a,3gp,3g2,mj2: stream 0, timescale not set
2025-10-21T18:23:17 ffmpeg/mov,mp4,m4a,3gp,3g2,mj2: stream 0, timescale not set
2025-10-21T18:23:36 player: played "Stateless - Bloodstream (Official lyrics).m4a"
2025-10-21T18:23:36 output: Failed to play on "PulseAudio" (pulse): suspended
2025-10-21T18:23:36 ffmpeg/mov,mp4,m4a,3gp,3g2,mj2: stream 0, timescale not set
2025-10-21T18:23:36 ffmpeg/mov,mp4,m4a,3gp,3g2,mj2: stream 0, timescale not set
2025-10-21T18:23:36 ffmpeg/mov,mp4,m4a,3gp,3g2,mj2: stream 0, timescale not set
2025-10-21T18:26:43 ffmpeg/mov,mp4,m4a,3gp,3g2,mj2: stream 0, timescale not set
2025-10-21T18:27:04 player: played "The Kooks - Naive - Subtitulado HD.m4a"
2025-10-21T18:27:04 output: Failed to play on "PulseAudio" (pulse): suspended
2025-10-21T18:27:05 ffmpeg/mov,mp4,m4a,3gp,3g2,mj2: stream 0, timescale not set
2025-10-21T18:27:05 ffmpeg/mov,mp4,m4a,3gp,3g2,mj2: stream 0, timescale not set
2025-10-21T18:29:08 ffmpeg/mov,mp4,m4a,3gp,3g2,mj2: stream 0, timescale not set
2025-10-21T18:29:08 ffmpeg/mov,mp4,m4a,3gp,3g2,mj2: stream 0, timescale not set
2025-10-21T18:33:32 ffmpeg/mov,mp4,m4a,3gp,3g2,mj2: stream 0, timescale not set
2025-10-21T18:33:54 player: played "Guns N' Roses - Paradise City.m4a"
2025-10-21T18:33:54 ffmpeg/mov,mp4,m4a,3gp,3g2,mj2: stream 0, timescale not set
2025-10-21T18:33:54 ffmpeg/mov,mp4,m4a,3gp,3g2,mj2: stream 0, timescale not set
2025-10-21T18:33:54 ffmpeg/mov,mp4,m4a,3gp,3g2,mj2: stream 0, timescale not set
2025-10-21T18:33:54 ffmpeg/mov,mp4,m4a,3gp,3g2,mj2: stream 0, timescale not set
2025-10-21T18:33:54 output: Failed to play on "PulseAudio" (pulse): disconnected
2025-10-21T18:37:49 player: played "rosas ; la oreja de van gogh -- letra.m4a"
2025-10-21T18:40:06 ffmpeg/mp3float: Could not update timestamps for skipped samples.
2025-10-21T18:40:50 player: played "Nicki Nicole - Baby (Official Video).mp3"
2025-10-21T18:43:43 ffmpeg/mov,mp4,m4a,3gp,3g2,mj2: stream 0, timescale not set
2025-10-21T18:43:43 ffmpeg/mov,mp4,m4a,3gp,3g2,mj2: stream 0, timescale not set
2025-10-21T18:43:43 ffmpeg/mov,mp4,m4a,3gp,3g2,mj2: stream 0, timescale not set
2025-10-21T18:43:44 ffmpeg/mov,mp4,m4a,3gp,3g2,mj2: stream 0, timescale not set
2025-10-21T18:43:45 ffmpeg/mov,mp4,m4a,3gp,3g2,mj2: stream 0, timescale not set
2025-10-21T18:43:45 ffmpeg/mov,mp4,m4a,3gp,3g2,mj2: stream 0, timescale not set
2025-10-21T18:43:45 ffmpeg/mov,mp4,m4a,3gp,3g2,mj2: stream 0, timescale not set
2025-10-21T18:43:46 ffmpeg/mov,mp4,m4a,3gp,3g2,mj2: stream 0, timescale not set
2025-10-21T18:43:46 ffmpeg/mov,mp4,m4a,3gp,3g2,mj2: stream 0, timescale not set
2025-10-21T18:43:46 ffmpeg/mov,mp4,m4a,3gp,3g2,mj2: stream 0, timescale not set
2025-10-21T18:43:47 ffmpeg/mov,mp4,m4a,3gp,3g2,mj2: stream 0, timescale not set
2025-10-21T18:43:47 ffmpeg/mov,mp4,m4a,3gp,3g2,mj2: stream 0, timescale not set
2025-10-21T18:43:47 ffmpeg/mov,mp4,m4a,3gp,3g2,mj2: stream 0, timescale not set
2025-10-21T18:43:47 ffmpeg/mov,mp4,m4a,3gp,3g2,mj2: stream 0, timescale not set
2025-10-21T18:43:48 ffmpeg/mov,mp4,m4a,3gp,3g2,mj2: stream 0, timescale not set
2025-10-21T18:43:48 ffmpeg/mov,mp4,m4a,3gp,3g2,mj2: stream 0, timescale not set
2025-10-21T18:43:49 ffmpeg/mov,mp4,m4a,3gp,3g2,mj2: stream 0, timescale not set
2025-10-21T18:43:49 ffmpeg/mov,mp4,m4a,3gp,3g2,mj2: stream 0, timescale not set
2025-10-21T18:46:28 ffmpeg/mov,mp4,m4a,3gp,3g2,mj2: stream 0, timescale not set
2025-10-21T18:46:49 player: played "Imagine Dragons - Machine (Audio).m4a"
2025-10-21T18:50:35 player: played "Novocaine - Fall Out Boy (Lyrics).m4a"
2025-10-21T18:52:43 ffmpeg/mov,mp4,m4a,3gp,3g2,mj2: stream 0, timescale not set
2025-10-21T18:53:29 player: played "Paulo Londra - Luces (Official Video).mp3"
2025-10-21T18:57:20 ffmpeg/mov,mp4,m4a,3gp,3g2,mj2: stream 0, timescale not set
2025-10-21T18:57:44 player: played "AC-DC - Back In Black.m4a"
2025-10-21T19:00:06 ffmpeg/mov,mp4,m4a,3gp,3g2,mj2: stream 0, timescale not set
2025-10-21T19:00:27 player: played "Alan Walker - Alone.m4a"
2025-10-21T19:03:58 player: played "Siddhartha Ft. Caloncho - Loco (Audio).m4a"
2025-10-21T19:07:00 ffmpeg/mov,mp4,m4a,3gp,3g2,mj2: stream 0, timescale not set
2025-10-21T19:07:39 player: played "One_More_Night_♫_♪.mp3"
2025-10-21T19:11:56 player: played "Lana Del Rey - West Coast (Official Audio).m4a"
2025-10-21T19:12:09 player: played "AUD-20151008-WA0019.aac"
2025-10-21T19:15:13 player: played "Ride Or Die (with Villano Antillano) (feat. Villano Antillano).m4a"
2025-10-21T19:18:34 player: played "Sam Tinnesz - Bloodshot [Official Lyric Video]_256k.mp3"
2025-10-21T19:21:57 player: played "Once Monsters - On Fire (Official Lyric Video)_256k.mp3"
2025-10-21T19:24:49 player: played "Lennis Rodríguez & Rvfv - Te Sale Remix (Audio).mp3"
2025-10-21T19:29:05 player: played "Dancin (feat. Luvli).mp3"
2025-10-21T19:31:52 ffmpeg/mov,mp4,m4a,3gp,3g2,mj2: stream 0, timescale not set
2025-10-21T19:32:34 player: played "Maria Becerra, RusherKing - Confiésalo (Official Video)_256k.mp3"
2025-10-21T19:35:34 ffmpeg/mov,mp4,m4a,3gp,3g2,mj2: stream 0, timescale not set
2025-10-21T19:35:52 player: played "Nunatak Feat Carlos Sadness - Disonancia perfecta (Acústico).m4a"
2025-10-21T19:40:24 ffmpeg/mov,mp4,m4a,3gp,3g2,mj2: stream 0, timescale not set
2025-10-21T19:40:47 player: played "Residente - Pecador (Official Video).m4a"
2025-10-21T19:44:21 ffmpeg/mov,mp4,m4a,3gp,3g2,mj2: stream 0, timescale not set
2025-10-21T19:44:38 player: played "Rise Up.m4a"
2025-10-21T19:47:43 ffmpeg/mov,mp4,m4a,3gp,3g2,mj2: stream 0, timescale not set
2025-10-21T19:48:02 player: played "UB40 - Red Red Wine.m4a"
2025-10-21T19:51:03 player: played "Fireside.m4a"
2025-10-21T19:53:28 ffmpeg/mov,mp4,m4a,3gp,3g2,mj2: stream 0, timescale not set
2025-10-21T19:54:11 player: played "Liricistas - Estilo Libre.mp3"
2025-10-21T19:58:20 player: played "AaRON - Arm your eyes.m4a"
2025-10-21T20:00:27 ffmpeg/mov,mp4,m4a,3gp,3g2,mj2: stream 0, timescale not set
2025-10-21T20:01:12 player: played "Banda MS- Me vas a a extrañar.mp3"
2025-10-21T20:04:47 ffmpeg/mov,mp4,m4a,3gp,3g2,mj2: stream 0, timescale not set
2025-10-21T20:05:08 player: played "The Police - Every Breath You Take.m4a"
2025-10-21T20:09:47 player: played "Apache ft Lil Supa' - Aquí Estamos.m4a"
2025-10-21T20:13:18 player: played "It's Just Forever.m4a"
2025-10-21T20:15:59 ffmpeg/mov,mp4,m4a,3gp,3g2,mj2: stream 0, timescale not set
2025-10-21T20:16:38 player: played "Maria Becerra, Becky G - WOW WOW (Official Video).mp3"
2025-10-21T20:18:14 ffmpeg/mov,mp4,m4a,3gp,3g2,mj2: stream 0, timescale not set
2025-10-21T20:18:14 ffmpeg/mov,mp4,m4a,3gp,3g2,mj2: stream 0, timescale not set
2025-10-21T20:18:22 player: played "TASH SULTANA - JUNGLE (OFFICIAL AUDIO).m4a"
2025-10-21T22:48:42 ffmpeg/mov,mp4,m4a,3gp,3g2,mj2: stream 0, timescale not set
2025-10-21T22:48:45 ffmpeg/mov,mp4,m4a,3gp,3g2,mj2: stream 0, timescale not set
2025-10-21T22:48:45 ffmpeg/mov,mp4,m4a,3gp,3g2,mj2: stream 0, timescale not set
2025-10-21T22:52:04 ffmpeg/mov,mp4,m4a,3gp,3g2,mj2: stream 0, timescale not set
2025-10-21T22:52:27 player: played "TASH SULTANA - JUNGLE (OFFICIAL AUDIO).m4a"
2025-10-21T22:55:27 ffmpeg/mov,mp4,m4a,3gp,3g2,mj2: stream 0, timescale not set
2025-10-21T22:55:50 player: played "Sofia Reyes - 1, 2, 3 (feat. Jason Derulo & De La Ghetto) [Official Video].m4a"
2025-10-21T23:01:07 ffmpeg/mov,mp4,m4a,3gp,3g2,mj2: stream 0, timescale not set
2025-10-21T23:01:27 player: played "ØRKA - phantom.m4a"
2025-10-21T23:02:40 ffmpeg/mov,mp4,m4a,3gp,3g2,mj2: stream 0, timescale not set
2025-10-21T23:02:40 ffmpeg/mov,mp4,m4a,3gp,3g2,mj2: stream 0, timescale not set
2025-10-21T23:02:42 ffmpeg/mov,mp4,m4a,3gp,3g2,mj2: stream 0, timescale not set
2025-10-21T23:02:43 ffmpeg/mov,mp4,m4a,3gp,3g2,mj2: stream 0, timescale not set
2025-10-21T23:02:43 ffmpeg/mov,mp4,m4a,3gp,3g2,mj2: stream 0, timescale not set
2025-10-21T23:05:44 ffmpeg/mov,mp4,m4a,3gp,3g2,mj2: stream 0, timescale not set
2025-10-21T23:06:05 player: played "Russ - My Baby (Ruby Rose).m4a"
2025-10-21T23:06:05 ffmpeg/mov,mp4,m4a,3gp,3g2,mj2: stream 0, timescale not set
2025-10-21T23:06:05 ffmpeg/mov,mp4,m4a,3gp,3g2,mj2: stream 0, timescale not set
2025-10-21T23:10:00 ffmpeg/mov,mp4,m4a,3gp,3g2,mj2: stream 0, timescale not set
2025-10-21T23:10:21 player: played "Siddhartha - Algún día.m4a"
2025-10-21T23:10:21 ffmpeg/mov,mp4,m4a,3gp,3g2,mj2: stream 0, timescale not set
2025-10-21T23:10:21 ffmpeg/mov,mp4,m4a,3gp,3g2,mj2: stream 0, timescale not set
2025-10-21T23:14:27 ffmpeg/mov,mp4,m4a,3gp,3g2,mj2: stream 0, timescale not set
2025-10-21T23:14:45 player: played "Audioslave Set It Off.m4a"
2025-10-21T23:14:45 ffmpeg/mov,mp4,m4a,3gp,3g2,mj2: stream 0, timescale not set
2025-10-21T23:14:45 ffmpeg/mov,mp4,m4a,3gp,3g2,mj2: stream 0, timescale not set
2025-10-21T23:14:45 ffmpeg/mov,mp4,m4a,3gp,3g2,mj2: stream 0, timescale not set
2025-10-21T23:19:00 player: played "AaRON - We Cut the Night.m4a"
2025-10-21T23:23:11 ffmpeg/mov,mp4,m4a,3gp,3g2,mj2: stream 0, timescale not set
2025-10-21T23:23:31 player: played "Monsters With Tiny Mustaches - Freedom (Different Heaven Remix).m4a"
2025-10-21T23:23:31 ffmpeg/mov,mp4,m4a,3gp,3g2,mj2: stream 0, timescale not set
2025-10-21T23:23:31 ffmpeg/mov,mp4,m4a,3gp,3g2,mj2: stream 0, timescale not set
2025-10-21T23:27:05 ffmpeg/mov,mp4,m4a,3gp,3g2,mj2: stream 0, timescale not set
2025-10-21T23:27:26 player: played "Pixies - Where is my Mind (Fight Club Soundtrack) HQ.m4a"
2025-10-21T23:27:26 ffmpeg/mov,mp4,m4a,3gp,3g2,mj2: stream 0, timescale not set
2025-10-21T23:27:26 ffmpeg/mov,mp4,m4a,3gp,3g2,mj2: stream 0, timescale not set
2025-10-21T23:31:41 ffmpeg/mov,mp4,m4a,3gp,3g2,mj2: stream 0, timescale not set
2025-10-21T23:31:59 player: played "Battle Cry.m4a"
2025-10-21T23:31:59 ffmpeg/mov,mp4,m4a,3gp,3g2,mj2: stream 0, timescale not set
2025-10-21T23:31:59 ffmpeg/mov,mp4,m4a,3gp,3g2,mj2: stream 0, timescale not set
2025-10-21T23:36:45 player: played "Disclosure - You & Me  feat. Eliza Doolittle  (Flume Remix).m4a"
2025-10-22T18:06:18 output: Failed to play on "PipeWire Sound Server" (pipewire): no target node available
2025-10-22T18:06:42 ffmpeg/mov,mp4,m4a,3gp,3g2,mj2: stream 0, timescale not set
2025-10-22T18:06:43 ffmpeg/mov,mp4,m4a,3gp,3g2,mj2: stream 0, timescale not set
2025-10-22T18:06:43 ffmpeg/mov,mp4,m4a,3gp,3g2,mj2: stream 0, timescale not set
2025-10-22T18:06:44 ffmpeg/mov,mp4,m4a,3gp,3g2,mj2: stream 0, timescale not set
2025-10-22T18:06:45 ffmpeg/mov,mp4,m4a,3gp,3g2,mj2: stream 0, timescale not set
2025-10-22T18:06:45 ffmpeg/mov,mp4,m4a,3gp,3g2,mj2: stream 0, timescale not set
2025-10-22T18:06:45 ffmpeg/mov,mp4,m4a,3gp,3g2,mj2: stream 0, timescale not set
2025-10-22T18:06:47 ffmpeg/mov,mp4,m4a,3gp,3g2,mj2: stream 0, timescale not set
2025-10-22T18:06:48 ffmpeg/mov,mp4,m4a,3gp,3g2,mj2: stream 0, timescale not set
2025-10-22T18:06:48 ffmpeg/mov,mp4,m4a,3gp,3g2,mj2: stream 0, timescale not set
2025-10-22T18:06:48 ffmpeg/mov,mp4,m4a,3gp,3g2,mj2: stream 0, timescale not set
2025-10-22T18:06:48 ffmpeg/mov,mp4,m4a,3gp,3g2,mj2: stream 0, timescale not set
2025-10-22T18:06:48 ffmpeg/mov,mp4,m4a,3gp,3g2,mj2: stream 0, timescale not set
2025-10-22T18:06:49 ffmpeg/mov,mp4,m4a,3gp,3g2,mj2: stream 0, timescale not set
2025-10-22T18:06:49 ffmpeg/mov,mp4,m4a,3gp,3g2,mj2: stream 0, timescale not set
2025-10-22T18:06:49 ffmpeg/mov,mp4,m4a,3gp,3g2,mj2: stream 0, timescale not set
2025-10-22T18:06:52 ffmpeg/mov,mp4,m4a,3gp,3g2,mj2: stream 0, timescale not set
2025-10-22T18:06:52 ffmpeg/mov,mp4,m4a,3gp,3g2,mj2: stream 0, timescale not set
2025-10-22T18:06:52 ffmpeg/mov,mp4,m4a,3gp,3g2,mj2: stream 0, timescale not set
2025-10-22T18:06:52 ffmpeg/mov,mp4,m4a,3gp,3g2,mj2: stream 0, timescale not set
2025-10-22T18:06:52 ffmpeg/mov,mp4,m4a,3gp,3g2,mj2: stream 0, timescale not set
2025-10-22T18:06:52 ffmpeg/mov,mp4,m4a,3gp,3g2,mj2: stream 0, timescale not set
2025-10-22T18:06:53 ffmpeg/mov,mp4,m4a,3gp,3g2,mj2: stream 0, timescale not set
2025-10-22T18:06:53 ffmpeg/mov,mp4,m4a,3gp,3g2,mj2: stream 0, timescale not set
2025-10-22T18:06:53 ffmpeg/mov,mp4,m4a,3gp,3g2,mj2: stream 0, timescale not set
2025-10-22T18:06:53 ffmpeg/mov,mp4,m4a,3gp,3g2,mj2: stream 0, timescale not set
2025-10-22T18:06:53 ffmpeg/mov,mp4,m4a,3gp,3g2,mj2: stream 0, timescale not set
2025-10-22T18:06:53 ffmpeg/mov,mp4,m4a,3gp,3g2,mj2: stream 0, timescale not set
2025-10-22T18:06:54 ffmpeg/mov,mp4,m4a,3gp,3g2,mj2: stream 0, timescale not set
2025-10-22T18:06:54 ffmpeg/mov,mp4,m4a,3gp,3g2,mj2: stream 0, timescale not set
2025-10-22T18:06:54 ffmpeg/mov,mp4,m4a,3gp,3g2,mj2: stream 0, timescale not set
2025-10-22T18:06:54 ffmpeg/mov,mp4,m4a,3gp,3g2,mj2: stream 0, timescale not set
2025-10-22T18:06:55 ffmpeg/mov,mp4,m4a,3gp,3g2,mj2: stream 0, timescale not set
2025-10-22T18:06:55 ffmpeg/mov,mp4,m4a,3gp,3g2,mj2: stream 0, timescale not set
2025-10-22T18:06:55 ffmpeg/mov,mp4,m4a,3gp,3g2,mj2: stream 0, timescale not set
2025-10-22T18:06:56 ffmpeg/mov,mp4,m4a,3gp,3g2,mj2: stream 0, timescale not set
2025-10-22T18:06:56 ffmpeg/mov,mp4,m4a,3gp,3g2,mj2: stream 0, timescale not set
2025-10-22T18:06:56 ffmpeg/mov,mp4,m4a,3gp,3g2,mj2: stream 0, timescale not set
2025-10-22T18:09:53 player: played "Queens Of The Stone Age - Little Sister.m4a"
2025-10-22T18:12:18 ffmpeg/mov,mp4,m4a,3gp,3g2,mj2: stream 0, timescale not set
2025-10-22T18:13:00 player: played "The Score - Golden (Audio)_256k.mp3"
2025-10-22T18:13:00 ffmpeg/mov,mp4,m4a,3gp,3g2,mj2: stream 0, timescale not set
2025-10-22T18:13:00 ffmpeg/mov,mp4,m4a,3gp,3g2,mj2: stream 0, timescale not set
2025-10-22T18:16:35 ffmpeg/mov,mp4,m4a,3gp,3g2,mj2: stream 0, timescale not set
2025-10-22T18:16:57 player: played "Ready Aim Fire - Imagine Dragons (Audio).m4a"
2025-10-22T18:16:57 ffmpeg/mov,mp4,m4a,3gp,3g2,mj2: stream 0, timescale not set
2025-10-22T18:16:57 ffmpeg/mov,mp4,m4a,3gp,3g2,mj2: stream 0, timescale not set
2025-10-22T18:20:43 ffmpeg/mov,mp4,m4a,3gp,3g2,mj2: stream 0, timescale not set
2025-10-22T18:21:05 player: played "Jaymes Young - Don't You Know _ Sub Español.m4a"
2025-10-22T18:21:05 ffmpeg/mov,mp4,m4a,3gp,3g2,mj2: stream 0, timescale not set
2025-10-22T18:21:05 ffmpeg/mov,mp4,m4a,3gp,3g2,mj2: stream 0, timescale not set
2025-10-22T18:24:55 ffmpeg/mov,mp4,m4a,3gp,3g2,mj2: stream 0, timescale not set
2025-10-22T18:25:18 player: played "The Neighbourhood - Sadderdaze (Español).m4a"
2025-10-22T18:25:18 ffmpeg/mov,mp4,m4a,3gp,3g2,mj2: stream 0, timescale not set
2025-10-22T18:25:18 ffmpeg/mov,mp4,m4a,3gp,3g2,mj2: stream 0, timescale not set
2025-10-22T18:29:59 ffmpeg/mov,mp4,m4a,3gp,3g2,mj2: stream 0, timescale not set
2025-10-22T18:30:20 player: played "Zoé - Hielo (Audio).m4a"
2025-10-22T18:30:20 ffmpeg/mov,mp4,m4a,3gp,3g2,mj2: stream 0, timescale not set
2025-10-22T18:30:20 ffmpeg/mov,mp4,m4a,3gp,3g2,mj2: stream 0, timescale not set
2025-10-22T18:34:19 player: played "LIT killah - Tan Bien (Official Video) ft. Agus Padilla.m4a"
2025-10-22T18:37:25 ffmpeg/mov,mp4,m4a,3gp,3g2,mj2: stream 0, timescale not set
2025-10-22T18:38:05 player: played "Imagine Dragons - Waves (Official Lyric Video).mp3"
2025-10-22T18:38:05 ffmpeg/mov,mp4,m4a,3gp,3g2,mj2: stream 0, timescale not set
2025-10-22T18:38:05 ffmpeg/mov,mp4,m4a,3gp,3g2,mj2: stream 0, timescale not set
2025-10-22T18:41:14 ffmpeg/mov,mp4,m4a,3gp,3g2,mj2: stream 0, timescale not set
2025-10-22T18:41:33 player: played "Adam Lambert - 'Ghost Town' -Official Lyric Video-.m4a"
2025-10-22T18:41:33 ffmpeg/mov,mp4,m4a,3gp,3g2,mj2: stream 0, timescale not set
2025-10-22T18:41:33 ffmpeg/mov,mp4,m4a,3gp,3g2,mj2: stream 0, timescale not set
2025-10-22T18:44:53 player: played "Crecer Germán - Quién Te Entiende.m4a"
2025-10-22T18:46:05 ffmpeg/mov,mp4,m4a,3gp,3g2,mj2: stream 0, timescale not set
2025-10-22T18:46:05 ffmpeg/mov,mp4,m4a,3gp,3g2,mj2: stream 0, timescale not set
2025-10-22T18:46:05 ffmpeg/mov,mp4,m4a,3gp,3g2,mj2: stream 0, timescale not set
2025-10-22T18:46:05 ffmpeg/mov,mp4,m4a,3gp,3g2,mj2: stream 0, timescale not set
2025-10-22T18:46:07 ffmpeg/mov,mp4,m4a,3gp,3g2,mj2: stream 0, timescale not set
2025-10-22T18:46:07 ffmpeg/mov,mp4,m4a,3gp,3g2,mj2: stream 0, timescale not set
2025-10-22T18:46:07 ffmpeg/mov,mp4,m4a,3gp,3g2,mj2: stream 0, timescale not set
2025-10-22T18:46:11 ffmpeg/mov,mp4,m4a,3gp,3g2,mj2: stream 0, timescale not set
2025-10-22T18:46:11 ffmpeg/mov,mp4,m4a,3gp,3g2,mj2: stream 0, timescale not set
2025-10-22T18:46:11 ffmpeg/mov,mp4,m4a,3gp,3g2,mj2: stream 0, timescale not set
2025-10-22T18:46:14 ffmpeg/mov,mp4,m4a,3gp,3g2,mj2: stream 0, timescale not set
2025-10-22T18:46:14 ffmpeg/mov,mp4,m4a,3gp,3g2,mj2: stream 0, timescale not set
2025-10-22T18:46:14 ffmpeg/mov,mp4,m4a,3gp,3g2,mj2: stream 0, timescale not set
2025-10-22T18:50:05 ffmpeg/mov,mp4,m4a,3gp,3g2,mj2: stream 0, timescale not set
2025-10-22T18:50:25 player: played "Everybody Wants To Rule The World.m4a"
2025-10-22T18:50:25 ffmpeg/mov,mp4,m4a,3gp,3g2,mj2: stream 0, timescale not set
2025-10-22T18:50:25 ffmpeg/mov,mp4,m4a,3gp,3g2,mj2: stream 0, timescale not set
2025-10-22T18:50:25 ffmpeg/mov,mp4,m4a,3gp,3g2,mj2: stream 0, timescale not set
2025-10-22T18:53:20 ffmpeg/mov,mp4,m4a,3gp,3g2,mj2: stream 0, timescale not set
2025-10-22T18:53:43 player: played "La Arrolladora Banda El Limón De René Camacho - El Final De Nuestra Historia.m4a"
2025-10-22T18:53:43 ffmpeg/mov,mp4,m4a,3gp,3g2,mj2: stream 0, timescale not set
2025-10-22T18:53:43 ffmpeg/mov,mp4,m4a,3gp,3g2,mj2: stream 0, timescale not set
2025-10-22T18:56:56 player: played "Imagine Dragons - Tokyo (Audio).m4a"
2025-10-22T19:00:03 ffmpeg/mov,mp4,m4a,3gp,3g2,mj2: stream 0, timescale not set
2025-10-22T19:00:41 player: played "DUKI - GIVENCHY (Video Oficial).mp3"
2025-10-22T19:00:41 ffmpeg/mov,mp4,m4a,3gp,3g2,mj2: stream 0, timescale not set
2025-10-22T19:00:41 ffmpeg/mov,mp4,m4a,3gp,3g2,mj2: stream 0, timescale not set
2025-10-22T19:06:57 player: played "Aaron - Lost Highway.m4a"
2025-10-22T19:10:04 player: played "RVFV, DUKI - PANTERA (Video Oficial).mp3"
2025-10-22T19:14:35 player: played "Monsters With Tiny Mustaches - Freedom (Different Heaven Remix).m4a"
2025-10-22T19:18:55 player: played "Ice Cube - It Was A Good Day (Remastered).mp3"
2025-10-22T19:22:19 player: played "The Score - Running All Night (Official Audio)_256k.mp3"
2025-10-22T19:26:30 ffmpeg/mov,mp4,m4a,3gp,3g2,mj2: stream 0, timescale not set
2025-10-22T19:27:09 player: played "Bring Me The Horizon - Follow You (Official Video)_256k.mp3"
2025-10-22T19:27:09 ffmpeg/mov,mp4,m4a,3gp,3g2,mj2: stream 0, timescale not set
2025-10-22T19:27:09 ffmpeg/mov,mp4,m4a,3gp,3g2,mj2: stream 0, timescale not set
2025-10-22T19:27:09 ffmpeg/mov,mp4,m4a,3gp,3g2,mj2: stream 0, timescale not set
2025-10-22T19:30:48 ffmpeg/mov,mp4,m4a,3gp,3g2,mj2: stream 0, timescale not set
2025-10-22T19:31:10 player: played "HA-ASH - Ex de Verdad (HA-ASH Primera Fila - Hecho Realidad -Acústico En Vivo-).m4a"
2025-10-22T19:31:10 ffmpeg/mov,mp4,m4a,3gp,3g2,mj2: stream 0, timescale not set
2025-10-22T19:31:10 ffmpeg/mov,mp4,m4a,3gp,3g2,mj2: stream 0, timescale not set
2025-10-22T19:31:10 ffmpeg/mov,mp4,m4a,3gp,3g2,mj2: stream 0, timescale not set
2025-10-22T19:35:57 player: played "Gondwana - Mi Princesa (Video Oficial).m4a"
2025-10-22T19:38:55 ffmpeg/mov,mp4,m4a,3gp,3g2,mj2: stream 0, timescale not set
2025-10-22T19:39:39 player: played "Rusherking, Maria Becerra - ANTES DE TI (Official Video).mp3"
2025-10-22T19:39:39 ffmpeg/mov,mp4,m4a,3gp,3g2,mj2: stream 0, timescale not set
2025-10-22T19:39:39 ffmpeg/mov,mp4,m4a,3gp,3g2,mj2: stream 0, timescale not set
2025-10-22T19:42:55 ffmpeg/mov,mp4,m4a,3gp,3g2,mj2: stream 0, timescale not set
2025-10-22T19:42:55 ffmpeg/mov,mp4,m4a,3gp,3g2,mj2: stream 0, timescale not set
2025-10-22T19:43:25 ffmpeg/mov,mp4,m4a,3gp,3g2,mj2: stream 0, timescale not set
2025-10-22T19:43:48 player: played "Who We Are.m4a"
2025-10-22T19:43:48 ffmpeg/mov,mp4,m4a,3gp,3g2,mj2: stream 0, timescale not set
2025-10-22T19:43:48 ffmpeg/mov,mp4,m4a,3gp,3g2,mj2: stream 0, timescale not set
2025-10-22T19:43:48 ffmpeg/mov,mp4,m4a,3gp,3g2,mj2: stream 0, timescale not set
2025-10-22T19:48:09 ffmpeg/mov,mp4,m4a,3gp,3g2,mj2: stream 0, timescale not set
2025-10-22T19:48:27 player: played "Mon Laferte - Tu Falta De Querer.m4a"
2025-10-22T19:48:27 ffmpeg/mov,mp4,m4a,3gp,3g2,mj2: stream 0, timescale not set
2025-10-22T19:48:27 ffmpeg/mov,mp4,m4a,3gp,3g2,mj2: stream 0, timescale not set
2025-10-22T19:48:27 ffmpeg/mov,mp4,m4a,3gp,3g2,mj2: stream 0, timescale not set
2025-10-22T19:48:45 ffmpeg/mov,mp4,m4a,3gp,3g2,mj2: stream 0, timescale not set
2025-10-22T19:48:45 ffmpeg/mov,mp4,m4a,3gp,3g2,mj2: stream 0, timescale not set
2025-10-22T19:48:45 ffmpeg/mov,mp4,m4a,3gp,3g2,mj2: stream 0, timescale not set
2025-10-22T19:48:52 player: played "Bazzi - Dreams (Sub. Español).m4a"
2025-10-23T15:10:30 ffmpeg/mov,mp4,m4a,3gp,3g2,mj2: stream 0, timescale not set
2025-10-23T15:10:35 ffmpeg/mov,mp4,m4a,3gp,3g2,mj2: stream 0, timescale not set
2025-10-23T15:10:35 ffmpeg/mov,mp4,m4a,3gp,3g2,mj2: stream 0, timescale not set
2025-10-23T15:10:35 ffmpeg/mov,mp4,m4a,3gp,3g2,mj2: stream 0, timescale not set
2025-10-23T15:10:41 pipewire_output: Decoder is too slow; playing silence to avoid xrun
2025-10-23T15:12:45 player: played "Bazzi - Dreams (Sub. Español).m4a"
2025-10-23T15:17:02 ffmpeg/mov,mp4,m4a,3gp,3g2,mj2: stream 0, timescale not set
2025-10-23T15:17:39 player: played "Easy_256k.mp3"
2025-10-23T15:17:40 ffmpeg/mov,mp4,m4a,3gp,3g2,mj2: stream 0, timescale not set
2025-10-23T15:17:40 ffmpeg/mov,mp4,m4a,3gp,3g2,mj2: stream 0, timescale not set
2025-10-23T15:20:48 player: played "blackbear - hot girl bummer [official music video].m4a"
2025-10-23T15:23:23 ffmpeg/mov,mp4,m4a,3gp,3g2,mj2: stream 0, timescale not set
2025-10-23T15:24:07 player: played "Losemyhead_256k.mp3"
2025-10-23T15:24:07 ffmpeg/mov,mp4,m4a,3gp,3g2,mj2: stream 0, timescale not set
2025-10-23T15:24:07 ffmpeg/mov,mp4,m4a,3gp,3g2,mj2: stream 0, timescale not set
2025-10-23T15:27:45 player: played "Yuna - Deeper conversation (Español).m4a"
2025-10-23T15:30:21 player: played "Ingratax - Paris (Official Video).mp3"
2025-10-23T15:32:37 ffmpeg/mov,mp4,m4a,3gp,3g2,mj2: stream 0, timescale not set
2025-10-23T15:33:15 player: played "Russ - Psycho (Pt. 2) (Official Video)_256k.mp3"
2025-10-23T15:33:16 ffmpeg/mov,mp4,m4a,3gp,3g2,mj2: stream 0, timescale not set
2025-10-23T15:33:16 ffmpeg/mov,mp4,m4a,3gp,3g2,mj2: stream 0, timescale not set
2025-10-23T15:37:04 ffmpeg/mov,mp4,m4a,3gp,3g2,mj2: stream 0, timescale not set
2025-10-23T15:37:26 player: played "James Arthur - Can I Be Him.m4a"
2025-10-23T15:37:27 ffmpeg/mov,mp4,m4a,3gp,3g2,mj2: stream 0, timescale not set
2025-10-23T15:37:27 ffmpeg/mov,mp4,m4a,3gp,3g2,mj2: stream 0, timescale not set
2025-10-23T15:37:27 ffmpeg/mov,mp4,m4a,3gp,3g2,mj2: stream 0, timescale not set
2025-10-23T15:40:27 ffmpeg/mov,mp4,m4a,3gp,3g2,mj2: stream 0, timescale not set
2025-10-23T15:40:48 player: played "Christian Nodal - Adios Amor (Video Oficial) (2016) - 'EXCLUSIVO'.m4a"
2025-10-23T15:40:48 ffmpeg/mov,mp4,m4a,3gp,3g2,mj2: stream 0, timescale not set
2025-10-23T15:40:48 ffmpeg/mov,mp4,m4a,3gp,3g2,mj2: stream 0, timescale not set
2025-10-23T15:44:46 ffmpeg/mov,mp4,m4a,3gp,3g2,mj2: stream 0, timescale not set
2025-10-23T15:45:08 player: played "single - the neighbourhood -- español.m4a"
2025-10-23T15:45:08 ffmpeg/mov,mp4,m4a,3gp,3g2,mj2: stream 0, timescale not set
2025-10-23T15:45:08 ffmpeg/mov,mp4,m4a,3gp,3g2,mj2: stream 0, timescale not set
2025-10-23T15:45:08 ffmpeg/mov,mp4,m4a,3gp,3g2,mj2: stream 0, timescale not set
2025-10-23T15:48:34 ffmpeg/mov,mp4,m4a,3gp,3g2,mj2: stream 0, timescale not set
2025-10-23T15:48:56 player: played "Meghan Trainor - Like I'm Gonna Lose You ft. John Legend.m4a"
2025-10-23T15:48:56 ffmpeg/mov,mp4,m4a,3gp,3g2,mj2: stream 0, timescale not set
2025-10-23T15:48:56 ffmpeg/mov,mp4,m4a,3gp,3g2,mj2: stream 0, timescale not set
2025-10-23T15:52:44 ffmpeg/mov,mp4,m4a,3gp,3g2,mj2: stream 0, timescale not set
2025-10-23T15:53:04 player: played "Real Life.m4a"
2025-10-23T15:53:04 ffmpeg/mov,mp4,m4a,3gp,3g2,mj2: stream 0, timescale not set
2025-10-23T15:53:04 ffmpeg/mov,mp4,m4a,3gp,3g2,mj2: stream 0, timescale not set
2025-10-23T15:53:04 ffmpeg/mov,mp4,m4a,3gp,3g2,mj2: stream 0, timescale not set
2025-10-23T15:53:04 ffmpeg/mov,mp4,m4a,3gp,3g2,mj2: stream 0, timescale not set
2025-10-23T15:55:57 player: played "BAD BUNNY - TÚ NO METES CABRA (Video Oficial).m4a"
2025-10-23T16:00:21 ffmpeg/mov,mp4,m4a,3gp,3g2,mj2: stream 0, timescale not set
2025-10-23T16:00:59 player: played "Pantomime_256k.mp3"
2025-10-23T16:01:00 ffmpeg/mov,mp4,m4a,3gp,3g2,mj2: stream 0, timescale not set
2025-10-23T16:01:00 ffmpeg/mov,mp4,m4a,3gp,3g2,mj2: stream 0, timescale not set
2025-10-23T16:04:31 player: played "Seafret - Oceans (Traducida al Español).m4a"
2025-10-23T16:08:11 ffmpeg/mov,mp4,m4a,3gp,3g2,mj2: stream 0, timescale not set
2025-10-23T16:08:29 player: played "Funkytown- Lipps Inc (original).m4a"
2025-10-23T16:08:29 ffmpeg/mov,mp4,m4a,3gp,3g2,mj2: stream 0, timescale not set
2025-10-23T16:08:29 ffmpeg/mov,mp4,m4a,3gp,3g2,mj2: stream 0, timescale not set
2025-10-23T16:10:14 player: played "k a m a i t a c h i - Cabelos Arco-íris.m4a"
2025-10-23T16:13:23 ffmpeg/mov,mp4,m4a,3gp,3g2,mj2: stream 0, timescale not set
2025-10-23T16:14:03 player: played "AViVA - GRRRLS (OFFICIAL VIDEO)_256k.mp3"
2025-10-23T16:14:04 ffmpeg/mov,mp4,m4a,3gp,3g2,mj2: stream 0, timescale not set
2025-10-23T16:14:04 ffmpeg/mov,mp4,m4a,3gp,3g2,mj2: stream 0, timescale not set
2025-10-23T16:17:41 ffmpeg/mov,mp4,m4a,3gp,3g2,mj2: stream 0, timescale not set
2025-10-23T16:18:03 player: played "Imagine Dragons - In Your Corner (Official Lyric Video).m4a"
2025-10-23T16:18:03 ffmpeg/mov,mp4,m4a,3gp,3g2,mj2: stream 0, timescale not set
2025-10-23T16:18:03 ffmpeg/mov,mp4,m4a,3gp,3g2,mj2: stream 0, timescale not set
2025-10-23T16:24:02 ffmpeg/mov,mp4,m4a,3gp,3g2,mj2: stream 0, timescale not set
2025-10-23T16:24:24 player: played "Low Hum - Comatose.m4a"
2025-10-23T16:24:24 ffmpeg/mov,mp4,m4a,3gp,3g2,mj2: stream 0, timescale not set
2025-10-23T16:24:24 ffmpeg/mov,mp4,m4a,3gp,3g2,mj2: stream 0, timescale not set
2025-10-23T16:29:16 ffmpeg/mov,mp4,m4a,3gp,3g2,mj2: stream 0, timescale not set
2025-10-23T16:29:16 ffmpeg/mov,mp4,m4a,3gp,3g2,mj2: stream 0, timescale not set
2025-10-23T16:29:16 ffmpeg/mov,mp4,m4a,3gp,3g2,mj2: stream 0, timescale not set
2025-10-23T16:29:20 ffmpeg/mov,mp4,m4a,3gp,3g2,mj2: stream 0, timescale not set
2025-10-23T16:29:20 ffmpeg/mov,mp4,m4a,3gp,3g2,mj2: stream 0, timescale not set
2025-10-23T16:29:20 ffmpeg/mov,mp4,m4a,3gp,3g2,mj2: stream 0, timescale not set
2025-10-23T17:33:32 ffmpeg/mov,mp4,m4a,3gp,3g2,mj2: stream 0, timescale not set
2025-10-23T17:33:52 player: played "Escape (The Pina Colada Song).m4a"
2025-10-23T17:33:52 ffmpeg/mov,mp4,m4a,3gp,3g2,mj2: stream 0, timescale not set
2025-10-23T17:33:52 ffmpeg/mov,mp4,m4a,3gp,3g2,mj2: stream 0, timescale not set
2025-10-23T17:34:13 ffmpeg/mov,mp4,m4a,3gp,3g2,mj2: stream 0, timescale not set
2025-10-23T17:34:13 ffmpeg/mov,mp4,m4a,3gp,3g2,mj2: stream 0, timescale not set
2025-10-23T17:34:13 ffmpeg/mov,mp4,m4a,3gp,3g2,mj2: stream 0, timescale not set
2025-10-23T17:37:44 player: played "BorderLine - No era un Niño Normal (Morir Joven).m4a"
2025-10-23T17:41:02 player: played "WOS - ANDROMEDA (Video Oficial).mp3"
2025-10-23T17:43:07 ffmpeg/mov,mp4,m4a,3gp,3g2,mj2: stream 0, timescale not set
2025-10-23T17:43:51 player: played "Confetti - Ghost (Official Audio)_256k.mp3"
2025-10-23T17:43:51 ffmpeg/mov,mp4,m4a,3gp,3g2,mj2: stream 0, timescale not set
2025-10-23T17:43:51 ffmpeg/mov,mp4,m4a,3gp,3g2,mj2: stream 0, timescale not set
2025-10-23T17:47:25 player: played "Giant Rooks - Wild Stare.m4a"
2025-10-23T17:50:02 ffmpeg/mov,mp4,m4a,3gp,3g2,mj2: stream 0, timescale not set
2025-10-23T17:50:40 player: played "The Score - Can You Hear Me Now (Audio)_256k(1).mp3"
2025-10-23T17:50:40 ffmpeg/mov,mp4,m4a,3gp,3g2,mj2: stream 0, timescale not set
2025-10-23T17:50:40 ffmpeg/mov,mp4,m4a,3gp,3g2,mj2: stream 0, timescale not set
2025-10-23T17:53:54 ffmpeg/mov,mp4,m4a,3gp,3g2,mj2: stream 0, timescale not set
2025-10-23T17:54:13 player: played "Milky Chance - The Game (Official Video).m4a"
2025-10-23T17:54:13 ffmpeg/mov,mp4,m4a,3gp,3g2,mj2: stream 0, timescale not set
2025-10-23T17:54:13 ffmpeg/mov,mp4,m4a,3gp,3g2,mj2: stream 0, timescale not set
2025-10-23T17:55:27 ffmpeg/mov,mp4,m4a,3gp,3g2,mj2: stream 0, timescale not set
2025-10-23T17:55:27 ffmpeg/mov,mp4,m4a,3gp,3g2,mj2: stream 0, timescale not set
2025-10-23T17:55:27 ffmpeg/mov,mp4,m4a,3gp,3g2,mj2: stream 0, timescale not set
2025-10-23T17:58:56 ffmpeg/mov,mp4,m4a,3gp,3g2,mj2: stream 0, timescale not set
2025-10-23T17:59:14 player: played "Galantis - Runaway (U & I) Audio.m4a"
2025-10-23T17:59:14 ffmpeg/mov,mp4,m4a,3gp,3g2,mj2: stream 0, timescale not set
2025-10-23T17:59:14 ffmpeg/mov,mp4,m4a,3gp,3g2,mj2: stream 0, timescale not set
2025-10-23T18:02:52 player: played "Talking To The Moon.m4a"
2025-10-23T18:06:37 player: played "DUKI - GIVENCHY (Video Oficial).mp3"
2025-10-23T18:10:11 player: played "@1_256k.mp3"
2025-10-23T18:12:57 player: played "3AM - Una Rosa (Letra).mp3"
2025-10-23T18:16:06 player: played "Nanpa Básico - No Es Mía (Video Oficial).mp3"
2025-10-23T18:20:21 ffmpeg/mov,mp4,m4a,3gp,3g2,mj2: stream 0, timescale not set
2025-10-23T18:20:41 player: played "Santana - Corazon Espinado (Video) ft. Mana.m4a"
2025-10-23T18:20:42 ffmpeg/mov,mp4,m4a,3gp,3g2,mj2: stream 0, timescale not set
2025-10-23T18:20:42 ffmpeg/mov,mp4,m4a,3gp,3g2,mj2: stream 0, timescale not set
2025-10-23T18:24:31 ffmpeg/mov,mp4,m4a,3gp,3g2,mj2: stream 0, timescale not set
2025-10-23T18:24:54 player: played "Únicos.m4a"
2025-10-23T18:24:54 ffmpeg/mov,mp4,m4a,3gp,3g2,mj2: stream 0, timescale not set
2025-10-23T18:24:54 ffmpeg/mov,mp4,m4a,3gp,3g2,mj2: stream 0, timescale not set
2025-10-23T18:24:54 ffmpeg/mov,mp4,m4a,3gp,3g2,mj2: stream 0, timescale not set
2025-10-23T18:24:58 ffmpeg/mov,mp4,m4a,3gp,3g2,mj2: stream 0, timescale not set
2025-10-23T18:25:00 ffmpeg/mov,mp4,m4a,3gp,3g2,mj2: stream 0, timescale not set
2025-10-23T18:25:00 ffmpeg/mov,mp4,m4a,3gp,3g2,mj2: stream 0, timescale not set
2025-10-23T18:28:24 player: played "Razorlight - Golden Touch.m4a"
2025-10-23T18:31:39 player: played "Feid, Young Miko - Classy 101 (Official Video).mp3"
2025-10-23T18:33:01 ffmpeg/mov,mp4,m4a,3gp,3g2,mj2: stream 0, timescale not set
2025-10-23T18:33:44 player: played "3AM - LQND (Letra) _ Rain City ️.mp3"
2025-10-23T18:33:44 ffmpeg/mov,mp4,m4a,3gp,3g2,mj2: stream 0, timescale not set
2025-10-23T18:33:44 ffmpeg/mov,mp4,m4a,3gp,3g2,mj2: stream 0, timescale not set
2025-10-23T18:33:59 ffmpeg/mov,mp4,m4a,3gp,3g2,mj2: stream 0, timescale not set
2025-10-23T18:33:59 ffmpeg/mov,mp4,m4a,3gp,3g2,mj2: stream 0, timescale not set
2025-10-23T18:33:59 ffmpeg/mov,mp4,m4a,3gp,3g2,mj2: stream 0, timescale not set
2025-10-23T18:34:00 ffmpeg/mov,mp4,m4a,3gp,3g2,mj2: stream 0, timescale not set
2025-10-23T18:34:00 ffmpeg/mov,mp4,m4a,3gp,3g2,mj2: stream 0, timescale not set
2025-10-23T18:34:00 ffmpeg/mov,mp4,m4a,3gp,3g2,mj2: stream 0, timescale not set
2025-10-23T18:34:02 ffmpeg/mov,mp4,m4a,3gp,3g2,mj2: stream 0, timescale not set
2025-10-23T18:34:02 ffmpeg/mov,mp4,m4a,3gp,3g2,mj2: stream 0, timescale not set
2025-10-23T18:34:02 ffmpeg/mov,mp4,m4a,3gp,3g2,mj2: stream 0, timescale not set
2025-10-23T18:34:03 ffmpeg/mov,mp4,m4a,3gp,3g2,mj2: stream 0, timescale not set
2025-10-23T18:34:03 ffmpeg/mov,mp4,m4a,3gp,3g2,mj2: stream 0, timescale not set
2025-10-23T18:34:03 ffmpeg/mov,mp4,m4a,3gp,3g2,mj2: stream 0, timescale not set
2025-10-23T18:34:04 ffmpeg/mov,mp4,m4a,3gp,3g2,mj2: stream 0, timescale not set
2025-10-23T18:34:04 ffmpeg/mov,mp4,m4a,3gp,3g2,mj2: stream 0, timescale not set
2025-10-23T18:34:04 ffmpeg/mov,mp4,m4a,3gp,3g2,mj2: stream 0, timescale not set
2025-10-23T18:37:24 ffmpeg/mov,mp4,m4a,3gp,3g2,mj2: stream 0, timescale not set
2025-10-23T18:38:02 player: played "Unholy - Hey Violet (Lyrics).mp3"
2025-10-23T18:38:02 ffmpeg/mov,mp4,m4a,3gp,3g2,mj2: stream 0, timescale not set
2025-10-23T18:38:02 ffmpeg/mov,mp4,m4a,3gp,3g2,mj2: stream 0, timescale not set
2025-10-23T18:41:32 player: played "The Struts - Body Talks ft. Kesha.m4a"
2025-10-23T18:41:35 ffmpeg/mov,mp4,m4a,3gp,3g2,mj2: stream 0, timescale not set
2025-10-23T18:41:36 ffmpeg/mov,mp4,m4a,3gp,3g2,mj2: stream 0, timescale not set
2025-10-23T18:41:36 ffmpeg/mov,mp4,m4a,3gp,3g2,mj2: stream 0, timescale not set
2025-10-23T18:45:44 ffmpeg/mov,mp4,m4a,3gp,3g2,mj2: stream 0, timescale not set
2025-10-23T18:46:24 player: played "Ciro y los Persas _ ME GUSTA (Video Oficial).mp3"
2025-10-23T18:46:24 ffmpeg/mov,mp4,m4a,3gp,3g2,mj2: stream 0, timescale not set
2025-10-23T18:46:24 ffmpeg/mov,mp4,m4a,3gp,3g2,mj2: stream 0, timescale not set
2025-10-23T18:49:08 ffmpeg/mov,mp4,m4a,3gp,3g2,mj2: stream 0, timescale not set
2025-10-23T18:49:26 player: played "Alex Turner - Hiding Tonight (Submarine OST) (Sub. Español).m4a"
2025-10-23T18:49:27 ffmpeg/mov,mp4,m4a,3gp,3g2,mj2: stream 0, timescale not set
2025-10-23T18:49:27 ffmpeg/mov,mp4,m4a,3gp,3g2,mj2: stream 0, timescale not set
2025-10-23T18:49:27 ffmpeg/mov,mp4,m4a,3gp,3g2,mj2: stream 0, timescale not set
2025-10-23T18:51:34 ffmpeg/mov,mp4,m4a,3gp,3g2,mj2: stream 0, timescale not set
2025-10-23T18:51:35 ffmpeg/mov,mp4,m4a,3gp,3g2,mj2: stream 0, timescale not set
2025-10-23T18:51:35 ffmpeg/mov,mp4,m4a,3gp,3g2,mj2: stream 0, timescale not set
2025-10-23T18:56:13 ffmpeg/mov,mp4,m4a,3gp,3g2,mj2: stream 0, timescale not set
2025-10-23T18:56:33 player: played "Audioslave - Like a Stone (Official Video).m4a"
2025-10-23T18:56:33 ffmpeg/mov,mp4,m4a,3gp,3g2,mj2: stream 0, timescale not set
2025-10-23T18:56:33 ffmpeg/mov,mp4,m4a,3gp,3g2,mj2: stream 0, timescale not set
2025-10-23T18:59:28 ffmpeg/mov,mp4,m4a,3gp,3g2,mj2: stream 0, timescale not set
2025-10-23T18:59:48 player: played "Azul.m4a"
2025-10-23T18:59:48 ffmpeg/mov,mp4,m4a,3gp,3g2,mj2: stream 0, timescale not set
2025-10-23T18:59:48 ffmpeg/mov,mp4,m4a,3gp,3g2,mj2: stream 0, timescale not set
2025-10-23T19:02:58 player: played "On Top Of The World.m4a"
2025-10-23T19:07:29 ffmpeg/mov,mp4,m4a,3gp,3g2,mj2: stream 0, timescale not set
2025-10-23T19:07:50 player: played "Canserbero - 09. Llovía (Muerte).m4a"
2025-10-23T19:07:50 ffmpeg/mov,mp4,m4a,3gp,3g2,mj2: stream 0, timescale not set
2025-10-23T19:07:51 ffmpeg/mov,mp4,m4a,3gp,3g2,mj2: stream 0, timescale not set
2025-10-23T19:11:20 ffmpeg/mov,mp4,m4a,3gp,3g2,mj2: stream 0, timescale not set
2025-10-23T19:11:42 player: played "Lost Cause - Imagine Dragons (Audio).m4a"
2025-10-23T19:11:42 ffmpeg/mov,mp4,m4a,3gp,3g2,mj2: stream 0, timescale not set
2025-10-23T19:11:42 ffmpeg/mov,mp4,m4a,3gp,3g2,mj2: stream 0, timescale not set
2025-10-23T19:14:20 ffmpeg/mov,mp4,m4a,3gp,3g2,mj2: stream 0, timescale not set
2025-10-23T19:14:42 player: played "Los Mesoneros - Exprópiese (Video Oficial).m4a"
2025-10-23T19:14:42 ffmpeg/mov,mp4,m4a,3gp,3g2,mj2: stream 0, timescale not set
2025-10-23T19:14:42 ffmpeg/mov,mp4,m4a,3gp,3g2,mj2: stream 0, timescale not set
2025-10-23T19:17:20 ffmpeg/mov,mp4,m4a,3gp,3g2,mj2: stream 0, timescale not set
2025-10-23T19:17:41 player: played "Queens of the Stone Age - I Appear Missing.m4a"
2025-10-23T19:17:41 ffmpeg/mov,mp4,m4a,3gp,3g2,mj2: stream 0, timescale not set
2025-10-23T19:17:41 ffmpeg/mov,mp4,m4a,3gp,3g2,mj2: stream 0, timescale not set
2025-10-23T19:21:12 player: played "Carla Morrison - Tu orgullo (letra)_HD.m4a"
2025-10-23T19:25:02 ffmpeg/mov,mp4,m4a,3gp,3g2,mj2: stream 0, timescale not set
2025-10-23T19:25:23 player: played "Maria Becerra x TINI x Lola Indigo - High Remix (Official Video).m4a"
2025-10-23T19:25:23 ffmpeg/mov,mp4,m4a,3gp,3g2,mj2: stream 0, timescale not set
2025-10-23T19:25:23 ffmpeg/mov,mp4,m4a,3gp,3g2,mj2: stream 0, timescale not set
2025-10-23T19:29:48 player: played "Café Tacvba - Eres.m4a"
2025-10-23T19:33:59 player: played "Starlight.mp3"
2025-10-23T19:37:06 player: played "Two Feet - Back Of My Mind (Español).m4a"
2025-10-23T19:40:25 ffmpeg/mov,mp4,m4a,3gp,3g2,mj2: stream 0, timescale not set
2025-10-23T19:40:45 player: played "Aaron - Angel Dust.m4a"
2025-10-23T19:40:45 ffmpeg/mov,mp4,m4a,3gp,3g2,mj2: stream 0, timescale not set
2025-10-23T19:40:45 ffmpeg/mov,mp4,m4a,3gp,3g2,mj2: stream 0, timescale not set
2025-10-23T19:40:45 ffmpeg/mov,mp4,m4a,3gp,3g2,mj2: stream 0, timescale not set
2025-10-23T19:45:26 ffmpeg/mov,mp4,m4a,3gp,3g2,mj2: stream 0, timescale not set
2025-10-23T19:45:46 player: played "En la Punta de la Lengua.m4a"
2025-10-23T19:45:46 ffmpeg/mov,mp4,m4a,3gp,3g2,mj2: stream 0, timescale not set
2025-10-23T19:45:46 ffmpeg/mov,mp4,m4a,3gp,3g2,mj2: stream 0, timescale not set
2025-10-23T19:45:46 ffmpeg/mov,mp4,m4a,3gp,3g2,mj2: stream 0, timescale not set
2025-10-23T19:49:00 ffmpeg/mov,mp4,m4a,3gp,3g2,mj2: stream 0, timescale not set
2025-10-23T19:49:23 player: played "Red Hot Chili Peppers - By The Way -Official Music Video-.m4a"
2025-10-23T19:49:23 ffmpeg/mov,mp4,m4a,3gp,3g2,mj2: stream 0, timescale not set
2025-10-23T19:49:23 ffmpeg/mov,mp4,m4a,3gp,3g2,mj2: stream 0, timescale not set
2025-10-23T19:52:49 ffmpeg/mov,mp4,m4a,3gp,3g2,mj2: stream 0, timescale not set
2025-10-23T19:53:10 player: played "Telepathic - Where is my mind (Pixies cover-remix).m4a"
2025-10-23T19:53:10 ffmpeg/mov,mp4,m4a,3gp,3g2,mj2: stream 0, timescale not set
2025-10-23T19:53:10 ffmpeg/mov,mp4,m4a,3gp,3g2,mj2: stream 0, timescale not set
2025-10-23T19:57:05 ffmpeg/mov,mp4,m4a,3gp,3g2,mj2: stream 0, timescale not set
2025-10-23T19:57:27 player: played "You Know I'm No Good.m4a"
2025-10-23T19:57:27 ffmpeg/mov,mp4,m4a,3gp,3g2,mj2: stream 0, timescale not set
2025-10-23T19:57:27 ffmpeg/mov,mp4,m4a,3gp,3g2,mj2: stream 0, timescale not set
2025-10-23T19:57:27 ffmpeg/mov,mp4,m4a,3gp,3g2,mj2: stream 0, timescale not set
2025-10-23T19:57:58 ffmpeg/mov,mp4,m4a,3gp,3g2,mj2: stream 0, timescale not set
2025-10-23T19:57:58 ffmpeg/mov,mp4,m4a,3gp,3g2,mj2: stream 0, timescale not set
2025-10-23T19:57:58 ffmpeg/mov,mp4,m4a,3gp,3g2,mj2: stream 0, timescale not set
2025-10-23T19:57:59 ffmpeg/mov,mp4,m4a,3gp,3g2,mj2: stream 0, timescale not set
2025-10-23T19:57:59 ffmpeg/mov,mp4,m4a,3gp,3g2,mj2: stream 0, timescale not set
2025-10-23T19:57:59 ffmpeg/mov,mp4,m4a,3gp,3g2,mj2: stream 0, timescale not set
2025-10-23T19:57:59 ffmpeg/mov,mp4,m4a,3gp,3g2,mj2: stream 0, timescale not set
2025-10-23T19:58:01 ffmpeg/mov,mp4,m4a,3gp,3g2,mj2: stream 0, timescale not set
2025-10-23T19:58:02 ffmpeg/mov,mp4,m4a,3gp,3g2,mj2: stream 0, timescale not set
2025-10-23T19:58:02 ffmpeg/mov,mp4,m4a,3gp,3g2,mj2: stream 0, timescale not set
2025-10-23T19:58:02 ffmpeg/mov,mp4,m4a,3gp,3g2,mj2: stream 0, timescale not set
2025-10-23T20:00:11 ffmpeg/mov,mp4,m4a,3gp,3g2,mj2: stream 0, timescale not set
2025-10-23T20:00:11 ffmpeg/mov,mp4,m4a,3gp,3g2,mj2: stream 0, timescale not set
2025-10-23T20:00:11 ffmpeg/mov,mp4,m4a,3gp,3g2,mj2: stream 0, timescale not set
2025-10-23T20:00:12 ffmpeg/mov,mp4,m4a,3gp,3g2,mj2: stream 0, timescale not set
2025-10-23T20:00:12 ffmpeg/mov,mp4,m4a,3gp,3g2,mj2: stream 0, timescale not set
2025-10-23T20:00:12 ffmpeg/mov,mp4,m4a,3gp,3g2,mj2: stream 0, timescale not set
2025-10-23T20:00:13 ffmpeg/mov,mp4,m4a,3gp,3g2,mj2: stream 0, timescale not set
2025-10-23T20:00:13 ffmpeg/mov,mp4,m4a,3gp,3g2,mj2: stream 0, timescale not set
2025-10-23T20:00:13 ffmpeg/mov,mp4,m4a,3gp,3g2,mj2: stream 0, timescale not set
2025-10-23T20:00:14 ffmpeg/mov,mp4,m4a,3gp,3g2,mj2: stream 0, timescale not set
2025-10-23T20:00:14 ffmpeg/mov,mp4,m4a,3gp,3g2,mj2: stream 0, timescale not set
2025-10-23T20:00:14 ffmpeg/mov,mp4,m4a,3gp,3g2,mj2: stream 0, timescale not set
2025-10-23T20:00:15 ffmpeg/mov,mp4,m4a,3gp,3g2,mj2: stream 0, timescale not set
2025-10-23T20:00:16 ffmpeg/mov,mp4,m4a,3gp,3g2,mj2: stream 0, timescale not set
2025-10-23T20:00:16 ffmpeg/mov,mp4,m4a,3gp,3g2,mj2: stream 0, timescale not set
2025-10-23T20:01:06 ffmpeg/mov,mp4,m4a,3gp,3g2,mj2: stream 0, timescale not set
2025-10-23T20:01:06 ffmpeg/mov,mp4,m4a,3gp,3g2,mj2: stream 0, timescale not set
2025-10-23T20:01:06 ffmpeg/mov,mp4,m4a,3gp,3g2,mj2: stream 0, timescale not set
2025-10-23T20:01:10 ffmpeg/mov,mp4,m4a,3gp,3g2,mj2: stream 0, timescale not set
2025-10-23T20:01:10 ffmpeg/mov,mp4,m4a,3gp,3g2,mj2: stream 0, timescale not set
2025-10-23T20:01:10 ffmpeg/mov,mp4,m4a,3gp,3g2,mj2: stream 0, timescale not set
2025-10-23T20:01:11 ffmpeg/mov,mp4,m4a,3gp,3g2,mj2: stream 0, timescale not set
2025-10-23T20:01:11 ffmpeg/mov,mp4,m4a,3gp,3g2,mj2: stream 0, timescale not set
2025-10-23T20:01:11 ffmpeg/mov,mp4,m4a,3gp,3g2,mj2: stream 0, timescale not set
2025-10-23T20:01:12 ffmpeg/mov,mp4,m4a,3gp,3g2,mj2: stream 0, timescale not set
2025-10-23T20:01:12 ffmpeg/mov,mp4,m4a,3gp,3g2,mj2: stream 0, timescale not set
2025-10-23T20:01:12 ffmpeg/mov,mp4,m4a,3gp,3g2,mj2: stream 0, timescale not set
2025-10-23T20:01:13 ffmpeg/mov,mp4,m4a,3gp,3g2,mj2: stream 0, timescale not set
2025-10-23T20:01:13 ffmpeg/mov,mp4,m4a,3gp,3g2,mj2: stream 0, timescale not set
2025-10-23T20:01:13 ffmpeg/mov,mp4,m4a,3gp,3g2,mj2: stream 0, timescale not set
2025-10-23T20:04:48 ffmpeg/mov,mp4,m4a,3gp,3g2,mj2: stream 0, timescale not set
2025-10-23T20:04:49 ffmpeg/mov,mp4,m4a,3gp,3g2,mj2: stream 0, timescale not set
2025-10-23T20:04:49 ffmpeg/mov,mp4,m4a,3gp,3g2,mj2: stream 0, timescale not set
2025-10-23T20:04:49 ffmpeg/mov,mp4,m4a,3gp,3g2,mj2: stream 0, timescale not set
2025-10-23T20:05:00 ffmpeg/mov,mp4,m4a,3gp,3g2,mj2: stream 0, timescale not set
2025-10-23T20:05:00 ffmpeg/mov,mp4,m4a,3gp,3g2,mj2: stream 0, timescale not set
2025-10-23T20:05:00 ffmpeg/mov,mp4,m4a,3gp,3g2,mj2: stream 0, timescale not set
2025-10-23T20:05:01 ffmpeg/mov,mp4,m4a,3gp,3g2,mj2: stream 0, timescale not set
2025-10-23T20:05:01 ffmpeg/mov,mp4,m4a,3gp,3g2,mj2: stream 0, timescale not set
2025-10-23T20:05:01 ffmpeg/mov,mp4,m4a,3gp,3g2,mj2: stream 0, timescale not set
2025-10-23T20:05:01 ffmpeg/mov,mp4,m4a,3gp,3g2,mj2: stream 0, timescale not set
2025-10-23T20:05:02 ffmpeg/mov,mp4,m4a,3gp,3g2,mj2: stream 0, timescale not set
2025-10-23T20:05:02 ffmpeg/mov,mp4,m4a,3gp,3g2,mj2: stream 0, timescale not set
2025-10-23T20:05:03 ffmpeg/mov,mp4,m4a,3gp,3g2,mj2: stream 0, timescale not set
2025-10-23T20:05:03 ffmpeg/mov,mp4,m4a,3gp,3g2,mj2: stream 0, timescale not set
2025-10-23T20:05:03 ffmpeg/mov,mp4,m4a,3gp,3g2,mj2: stream 0, timescale not set
2025-10-23T20:05:04 ffmpeg/mov,mp4,m4a,3gp,3g2,mj2: stream 0, timescale not set
2025-10-23T20:05:04 ffmpeg/mov,mp4,m4a,3gp,3g2,mj2: stream 0, timescale not set
2025-10-23T20:05:04 ffmpeg/mov,mp4,m4a,3gp,3g2,mj2: stream 0, timescale not set
2025-10-23T20:05:06 ffmpeg/mov,mp4,m4a,3gp,3g2,mj2: stream 0, timescale not set
2025-10-23T20:05:06 ffmpeg/mov,mp4,m4a,3gp,3g2,mj2: stream 0, timescale not set
2025-10-23T20:05:06 ffmpeg/mov,mp4,m4a,3gp,3g2,mj2: stream 0, timescale not set
2025-10-23T20:05:07 ffmpeg/mov,mp4,m4a,3gp,3g2,mj2: stream 0, timescale not set
2025-10-23T20:05:07 ffmpeg/mov,mp4,m4a,3gp,3g2,mj2: stream 0, timescale not set
2025-10-23T20:05:07 ffmpeg/mov,mp4,m4a,3gp,3g2,mj2: stream 0, timescale not set
2025-10-23T20:05:08 ffmpeg/mov,mp4,m4a,3gp,3g2,mj2: stream 0, timescale not set
2025-10-23T20:05:08 ffmpeg/mov,mp4,m4a,3gp,3g2,mj2: stream 0, timescale not set
2025-10-23T20:05:08 ffmpeg/mov,mp4,m4a,3gp,3g2,mj2: stream 0, timescale not set
2025-10-23T20:05:11 ffmpeg/mov,mp4,m4a,3gp,3g2,mj2: stream 0, timescale not set
2025-10-23T20:05:11 ffmpeg/mov,mp4,m4a,3gp,3g2,mj2: stream 0, timescale not set
2025-10-23T20:05:11 ffmpeg/mov,mp4,m4a,3gp,3g2,mj2: stream 0, timescale not set
2025-10-23T20:05:12 ffmpeg/mov,mp4,m4a,3gp,3g2,mj2: stream 0, timescale not set
2025-10-23T20:05:12 ffmpeg/mov,mp4,m4a,3gp,3g2,mj2: stream 0, timescale not set
2025-10-23T20:05:12 ffmpeg/mov,mp4,m4a,3gp,3g2,mj2: stream 0, timescale not set
2025-10-23T20:05:14 ffmpeg/mov,mp4,m4a,3gp,3g2,mj2: stream 0, timescale not set
2025-10-23T20:05:14 ffmpeg/mov,mp4,m4a,3gp,3g2,mj2: stream 0, timescale not set
2025-10-23T20:05:14 ffmpeg/mov,mp4,m4a,3gp,3g2,mj2: stream 0, timescale not set
2025-10-23T20:05:15 ffmpeg/mov,mp4,m4a,3gp,3g2,mj2: stream 0, timescale not set
2025-10-23T20:05:15 ffmpeg/mov,mp4,m4a,3gp,3g2,mj2: stream 0, timescale not set
2025-10-23T20:05:15 ffmpeg/mov,mp4,m4a,3gp,3g2,mj2: stream 0, timescale not set
2025-10-23T20:05:15 ffmpeg/mov,mp4,m4a,3gp,3g2,mj2: stream 0, timescale not set
2025-10-23T20:05:15 ffmpeg/mov,mp4,m4a,3gp,3g2,mj2: stream 0, timescale not set
2025-10-23T20:05:15 ffmpeg/mov,mp4,m4a,3gp,3g2,mj2: stream 0, timescale not set
2025-10-23T20:05:18 ffmpeg/mov,mp4,m4a,3gp,3g2,mj2: stream 0, timescale not set
2025-10-23T20:05:18 ffmpeg/mov,mp4,m4a,3gp,3g2,mj2: stream 0, timescale not set
2025-10-23T20:05:18 ffmpeg/mov,mp4,m4a,3gp,3g2,mj2: stream 0, timescale not set
2025-10-23T20:05:18 ffmpeg/mov,mp4,m4a,3gp,3g2,mj2: stream 0, timescale not set
2025-10-23T20:05:19 ffmpeg/mov,mp4,m4a,3gp,3g2,mj2: stream 0, timescale not set
2025-10-23T20:05:19 ffmpeg/mov,mp4,m4a,3gp,3g2,mj2: stream 0, timescale not set
2025-10-23T20:05:19 ffmpeg/mov,mp4,m4a,3gp,3g2,mj2: stream 0, timescale not set
2025-10-23T20:05:19 ffmpeg/mov,mp4,m4a,3gp,3g2,mj2: stream 0, timescale not set
2025-10-23T20:05:19 ffmpeg/mov,mp4,m4a,3gp,3g2,mj2: stream 0, timescale not set
2025-10-23T20:05:19 ffmpeg/mov,mp4,m4a,3gp,3g2,mj2: stream 0, timescale not set
2025-10-23T20:08:30 ffmpeg/mp3: Estimating duration from bitrate, this may be inaccurate
2025-10-23T20:08:50 player: played "Lil Supa' - Mención Honorífica rmx (Prod. Ríal Guawankó).m4a"
2025-10-23T20:08:50 ffmpeg/mp3: Estimating duration from bitrate, this may be inaccurate
2025-10-23T20:08:51 ffmpeg/mp3: Estimating duration from bitrate, this may be inaccurate
2025-10-23T20:12:03 ffmpeg/mov,mp4,m4a,3gp,3g2,mj2: stream 0, timescale not set
2025-10-23T20:12:24 player: played "Selena Gomez - Kill Em With Kindness.m4a"
2025-10-23T20:12:24 ffmpeg/mov,mp4,m4a,3gp,3g2,mj2: stream 0, timescale not set
2025-10-23T20:12:24 ffmpeg/mov,mp4,m4a,3gp,3g2,mj2: stream 0, timescale not set
2025-10-23T20:12:24 ffmpeg/mov,mp4,m4a,3gp,3g2,mj2: stream 0, timescale not set
2025-10-23T20:17:43 ffmpeg/mov,mp4,m4a,3gp,3g2,mj2: stream 0, timescale not set
2025-10-23T20:17:43 ffmpeg/mov,mp4,m4a,3gp,3g2,mj2: stream 0, timescale not set
2025-10-23T20:17:43 ffmpeg/mov,mp4,m4a,3gp,3g2,mj2: stream 0, timescale not set
2025-10-23T20:17:57 player: played "David Bowie - Heroes.m4a"
2025-10-26T13:09:20 ffmpeg/mov,mp4,m4a,3gp,3g2,mj2: stream 0, timescale not set
2025-10-26T13:09:27 ffmpeg/mov,mp4,m4a,3gp,3g2,mj2: stream 0, timescale not set
2025-10-26T13:09:27 ffmpeg/mov,mp4,m4a,3gp,3g2,mj2: stream 0, timescale not set
2025-10-26T13:09:27 ffmpeg/mov,mp4,m4a,3gp,3g2,mj2: stream 0, timescale not set
2025-10-26T13:26:58 player: played "David Bowie - Heroes.m4a"
2025-10-26T15:54:24 ffmpeg/mov,mp4,m4a,3gp,3g2,mj2: stream 0, timescale not set
2025-10-26T15:54:30 ffmpeg/mov,mp4,m4a,3gp,3g2,mj2: stream 0, timescale not set
2025-10-26T15:54:30 ffmpeg/mov,mp4,m4a,3gp,3g2,mj2: stream 0, timescale not set
2025-10-26T15:54:30 ffmpeg/mov,mp4,m4a,3gp,3g2,mj2: stream 0, timescale not set
2025-10-26T16:00:46 ffmpeg/mov,mp4,m4a,3gp,3g2,mj2: stream 0, timescale not set
2025-10-26T16:01:05 player: played "David Bowie - Heroes.m4a"
2025-10-26T16:01:05 ffmpeg/mov,mp4,m4a,3gp,3g2,mj2: stream 0, timescale not set
2025-10-26T16:01:05 ffmpeg/mov,mp4,m4a,3gp,3g2,mj2: stream 0, timescale not set
2025-10-26T16:04:14 ffmpeg/mov,mp4,m4a,3gp,3g2,mj2: stream 0, timescale not set
2025-10-26T16:04:37 player: played "Perfume De Gardenias.m4a"
